noise_sd_pct,true_case_index,repeat_index,direction_index,feasibility_ratio_pct,optimality_ratio_pct,feasibility_success,optimality_success
0.0,0,0,0,0.00034859509802845346,1.9876183179296032,1,1
0.0,0,0,1,0.00033492508273555,1.9576618365236702,1,1
0.0,0,0,2,0.00034859509779125474,1.9788552062719602,1,1
0.0,0,0,3,0.0008984145184091796,2.0535205212993475,1,1
0.0,0,0,4,0.0003174431735842291,1.919304939590374,1,1
0.0,0,0,5,0.001281904709478412,1.8418633054105584,1,1
0.0,0,0,6,0.0009889481703391687,1.9270307812740874,1,1
0.0,0,0,7,0.0006027199323544605,1.4660492057296428,1,1
0.0,0,0,8,0.0007872501215345421,2.1795394461999518,1,1
0.0,0,0,9,0.0006027200368976121,1.9094037694310353,1,1
0.0,0,1,0,0.000348595097998172,2.189425234443191,1,1
0.0,0,1,1,0.00026504542383282956,1.8402036740503964,1,1
0.0,0,1,2,0.0004510298682306904,1.6849568564870063,1,1
0.0,0,1,3,0.0007682745118236727,1.9439727857378797,1,1
0.0,0,1,4,0.00045102985196257203,1.8814082068797724,1,1
0.0,0,1,5,0.0003485950976668783,2.2134901418067265,1,1
0.0,0,1,6,0.0009889481697658994,1.8270961376108792,1,1
0.0,0,1,7,0.0008984146868677765,2.1136287948516794,1,1
0.0,0,1,8,0.0009889481527260299,2.028432617915839,1,1
0.0,0,1,9,0.0012819046914455113,1.5521449059869183,1,1
0.0,0,2,0,0.0012819033381304508,1.6813216479826592,1,1
0.0,0,2,1,0.0007872500525689331,2.2144905488107463,1,1
0.0,0,2,2,0.000334925306221152,1.9497582842143208,1,1
0.0,0,2,3,0.0010902337721167196,2.002237378232418,1,1
0.0,0,2,4,0.0006027199255379081,1.461344872564682,1,1
0.0,0,2,5,0.0008984145682579033,2.0592552639248454,1,1
0.0,0,2,6,0.00034859509777383503,1.9796756304412795,1,1
0.0,0,2,7,0.0007872501179779843,2.14128301890449,1,1
0.0,0,2,8,0.0003485950978596265,2.2221503303271124,1,1
0.0,0,2,9,0.0003174431743451056,1.9511069631992461,1,1
0.0,1,0,0,0.0007655890236274101,2.2796174998071477,1,1
0.0,1,0,1,0.0003202246373531726,1.992195408103761,1,1
0.0,1,0,2,0.0008489377441054218,2.3832218763139275,1,1
0.0,1,0,3,0.0008567429161280249,2.425792009520854,1,1
0.0,1,0,4,0.0013452242665046687,2.356423259431729,1,1
0.0,1,0,5,0.0007334236272779829,2.430498407071888,1,1
0.0,1,0,6,0.0007473673029285619,2.789219208258361,1,1
0.0,1,0,7,0.0008489504648291633,2.2012584202596863,1,1
0.0,1,0,8,0.00032022463725364284,2.022632821223883,1,1
0.0,1,0,9,0.00036157959373781683,1.8974849858022769,1,1
0.0,1,1,0,0.0007656016835949576,2.290037177269216,1,1
0.0,1,1,1,0.00032022463970114387,1.9833103807824504,1,1
0.0,1,1,2,0.0010898274053596302,1.818156979939034,1,1
0.0,1,1,3,0.00032022463547898066,2.3691650139366804,1,1
0.0,1,1,4,0.0008489506292685089,2.496500388799171,1,1
0.0,1,1,5,0.0008489506162843814,2.2240501876490946,1,1
0.0,1,1,6,0.0007473566468239161,2.80832344604549,1,1
0.0,1,1,7,0.00036157973309642336,1.8896055486917078,1,1
0.0,1,1,8,0.0007655890062957355,2.2976756847440645,1,1
0.0,1,1,9,0.0008567429128177713,2.294546466417195,1,1
0.0,1,2,0,0.0008489505836494017,2.31229611618416,1,1
0.0,1,2,1,0.000733421525380762,2.3341781264830543,1,1
0.0,1,2,2,0.00026171550350995144,2.408881468744165,1,1
0.0,1,2,3,0.0007334224336709018,2.386968478309544,1,1
0.0,1,2,4,0.0007334215127106174,2.437677685346552,1,1
0.0,1,2,5,0.0008567488767764335,2.298473624048789,1,1
0.0,1,2,6,0.0003615797332338212,1.897785597701666,1,1
0.0,1,2,7,0.0008567429223083896,2.3247420789188014,1,1
0.0,1,2,8,0.0007334235596370735,2.430565818773513,1,1
0.0,1,2,9,0.0007334235650377553,2.2480680333913585,1,1
0.0,2,0,0,0.0015057363192129082,2.0164040386724085,1,1
0.0,2,0,1,0.008445340756159301,0.7814365785158595,1,1
0.0,2,0,2,0.001977958102264061,0.8579363375895581,1,1
0.0,2,0,3,0.0008124093120897537,2.2806833149721926,1,1
0.0,2,0,4,0.0019779580859908804,1.1905029146013,1,1
0.0,2,0,5,0.0008135520446155296,2.2328738442612335,1,1
0.0,2,0,6,0.0005887156126799386,1.8232549472280786,1,1
0.0,2,0,7,0.001718738235419714,1.8125529682463206,1,1
0.0,2,0,8,0.001977949458089232,1.079747900960287,1,1
0.0,2,0,9,0.0019779580173296296,0.8564997057931366,1,1
0.0,2,1,0,0.0015057382304135346,1.6732199155361314,1,1
0.0,2,1,1,0.0015057363144914482,1.9900210507027294,1,1
0.0,2,1,2,0.0007286839101819294,2.2122094123030656,1,1
0.0,2,1,3,0.000961625575239642,2.237065930908872,1,1
0.0,2,1,4,0.0007158193036634033,2.234187541528114,1,1
0.0,2,1,5,0.0019779580871661768,1.5515745511727215,1,1
0.0,2,1,6,0.0008124091118844612,2.2815947897262276,1,1
0.0,2,1,7,0.001977958097446829,1.367563627738578,1,1
0.0,2,1,8,0.0008135644138546093,2.1728273414008665,1,1
0.0,2,1,9,0.0008135643300208602,2.144960353866176,1,1
0.0,2,2,0,0.0007158193036609731,2.310635654503047,1,1
0.0,2,2,1,0.0008135517432861089,2.1794340031978483,1,1
0.0,2,2,2,0.0015057382299440139,1.6553561940108965,1,1
0.0,2,2,3,0.0007158193052638431,2.2766309897757266,1,1
0.0,2,2,4,0.0008135517467566934,2.230211173802645,1,1
0.0,2,2,5,0.0007158193037187387,2.293822750318918,1,1
0.0,2,2,6,0.0008135517454585561,2.148326522135267,1,1
0.0,2,2,7,0.0008124097673976624,2.2969140634160725,1,1
0.0,2,2,8,0.0007286839088413267,2.2293960948037004,1,1
0.0,2,2,9,0.001977958107989409,1.5319712027875325,1,1
0.0,3,0,0,0.0007701949146675975,2.233326694891984,1,1
0.0,3,0,1,0.0009892913714875363,1.61674023594192,1,1
0.0,3,0,2,0.0003392096949034097,1.8201833780765297,1,1
0.0,3,0,3,0.001548260668223461,1.2116834699808576,1,1
0.0,3,0,4,0.0009892913714539204,1.4741017164876375,1,1
0.0,3,0,5,0.0007128512623645763,2.5656861054991493,1,1
0.0,3,0,6,0.0013765256824278074,1.3950652694935977,1,1
0.0,3,0,7,0.00023791397559061607,3.5914836927901193,1,1
0.0,3,0,8,0.0007701751722624513,2.493213968657707,1,1
0.0,3,0,9,0.00030412562595537535,3.938671280530031,1,1
0.0,3,1,0,0.0006427726767321959,2.575344676408828,1,1
0.0,3,1,1,0.0015482606800239235,1.3126582386110166,1,1
0.0,3,1,2,0.0010468947258973323,1.7241493554822043,1,1
0.0,3,1,3,0.0010468947172677587,1.6311802899981198,1,1
0.0,3,1,4,0.001548263874146654,1.2081229605934751,1,1
0.0,3,1,5,0.0006266401872588622,3.847234425290457,1,1
0.0,3,1,6,0.00030412562737046323,3.4505358031452342,1,1
0.0,3,1,7,0.0007701757079236974,1.9713541488790005,1,1
0.0,3,1,8,0.0007128512836177006,2.5871208851121494,1,1
0.0,3,1,9,0.0015482606733016526,1.6718889540932151,1,1
0.0,3,2,0,0.0007128510686844449,2.5394725850762754,1,1
0.0,3,2,1,0.0006266402081844496,3.92066418890685,1,1
0.0,3,2,2,0.0003392096612096525,2.4777038444711064,1,1
0.0,3,2,3,0.0009892913714598917,1.50959193966397,1,1
0.0,3,2,4,0.000237913976710242,3.530705566702857,1,1
0.0,3,2,5,0.0010468947260583311,1.9817632582964217,1,1
0.0,3,2,6,0.0007128512887170792,2.569375496497811,1,1
0.0,3,2,7,0.0007701751660296775,2.4288511873651464,1,1
0.0,3,2,8,0.0010468947145749429,2.133779909806779,1,1
0.0,3,2,9,0.0002379139681803229,3.7279006161926405,1,1
0.0,4,0,0,0.0003799309681897675,1.656332351175045,1,1
0.0,4,0,1,0.001322826825892641,1.2582643536846376,1,1
0.0,4,0,2,0.0011858291965314801,1.4833647266101881,1,1
0.0,4,0,3,0.0007890059985740199,2.161052533720951,1,1
0.0,4,0,4,0.0006508237472446954,2.6139464229437337,1,1
0.0,4,0,5,0.00037993128126912785,1.815057959739643,1,1
0.0,4,0,6,0.0006474519257187843,2.4439264331952675,1,1
0.0,4,0,7,0.000379930968172042,2.009196189005755,1,1
0.0,4,0,8,0.0014511835476242365,1.6286038112657144,1,1
0.0,4,0,9,0.001451182126011973,1.5675645018617006,1,1
0.0,4,1,0,0.0006508235950217318,2.733521477005806,1,1
0.0,4,1,1,0.00037993128129939244,1.7135955752284615,1,1
0.0,4,1,2,0.0011858339689969058,1.6416960717283178,1,1
0.0,4,1,3,0.0006508235015621678,2.748283941408023,1,1
0.0,4,1,4,0.0007888707374096521,2.144654692343935,1,1
0.0,4,1,5,0.00029103946762377894,2.093762464466181,1,1
0.0,4,1,6,0.0016029706385207207,1.2845784559966018,1,1
0.0,4,1,7,0.00029103945037414536,2.016282067436307,1,1
0.0,4,1,8,0.0006508430565483235,2.4456158004499358,1,1
0.0,4,1,9,0.0007888715616562479,1.975877348353517,1,1
0.0,4,2,0,0.00036422408185849184,2.6527111167887125,1,1
0.0,4,2,1,0.0002910394660072628,2.564656078296646,1,1
0.0,4,2,2,0.0011858339684359892,1.3009317336463493,1,1
0.0,4,2,3,0.0003642240880697159,2.11004283277692,1,1
0.0,4,2,4,0.0011858291952373348,1.4539469230621593,1,1
0.0,4,2,5,0.0013228268257712888,1.2555095106813479,1,1
0.0,4,2,6,0.000364222900868696,2.109016481534189,1,1
0.0,4,2,7,0.0006508221333818441,2.554232153634551,1,1
0.0,4,2,8,0.0006508112700359318,2.441776435287236,1,1
0.0,4,2,9,0.0011858291961375452,1.6201228578986524,1,1
0.0,5,0,0,0.0010309932241839316,1.651651058021309,1,1
0.0,5,0,1,0.0010309928027929863,1.6534277203073378,1,1
0.0,5,0,2,0.0006140904654866213,2.591597294619968,1,1
0.0,5,0,3,0.0010309924294990606,1.6909887272474566,1,1
0.0,5,0,4,0.00030097186530103306,2.4174717666392134,1,1
0.0,5,0,5,0.0011801026742570768,1.4888314909596845,1,1
0.0,5,0,6,0.0006140824667582854,2.5897981447693468,1,1
0.0,5,0,7,0.0013435858973537688,1.7362470622509192,1,1
0.0,5,0,8,0.0005734374289552822,3.4195907469527254,1,1
0.0,5,0,9,0.0007670636075138932,2.650238582729611,1,1
0.0,5,1,0,0.0010309932261400813,1.7295968072963235,1,1
0.0,5,1,1,0.0007670639760360441,2.323339472693484,1,1
0.0,5,1,2,0.0007670642126330506,2.7126528526127114,1,1
0.0,5,1,3,0.0003009718646275914,1.5587602049117422,1,1
0.0,5,1,4,0.001180103042519966,1.5310309895108558,1,1
0.0,5,1,5,0.0005734731336868301,3.3702997196708293,1,1
0.0,5,1,6,0.00030097186430365716,1.7793655532559873,1,1
0.0,5,1,7,0.0007061369479394945,3.303581653625897,1,1
0.0,5,1,8,0.0003009718647027624,1.6332232060395964,1,1
0.0,5,1,9,0.0007119526020427606,2.416061759945026,1,1
0.0,5,2,0,0.0006140907238432688,3.2928348476885443,1,1
0.0,5,2,1,0.0005349696045050791,3.651847196242101,1,1
0.0,5,2,2,0.0013435881199192444,1.5510408794618677,1,1
0.0,5,2,3,0.0006140907825039303,2.7366018756164503,1,1
0.0,5,2,4,0.0007061515494703196,3.2332972821553714,1,1
0.0,5,2,5,0.0005731954851406059,3.4346448461542236,1,1
0.0,5,2,6,0.0005349755055176237,3.661118476157173,1,1
0.0,5,2,7,0.0005359340639518359,3.6833834660799347,1,1
0.0,5,2,8,0.0010437702454252666,1.4656005031826451,1,1
0.0,5,2,9,0.0007061514510022839,2.7115474357565277,1,1
0.0,6,0,0,0.00017401450605325996,3.0858298233159127,1,1
0.0,6,0,1,0.0014532690418818937,1.5962591974201787,1,1
0.0,6,0,2,0.0009588166782780412,1.8228170645009003,1,1
0.0,6,0,3,0.00017401404240640944,3.1960962768689947,1,1
0.0,6,0,4,0.0007562406453978921,2.807478513252008,1,1
0.0,6,0,5,0.00047899797602503824,3.192809818911634,1,1
0.0,6,0,6,0.0002649350275361895,3.1278946226781805,1,1
0.0,6,0,7,0.0009588166782780412,1.7826253808298675,1,1
0.0,6,0,8,0.0005038526712806068,3.039253590477899,1,1
0.0,6,0,9,0.0002649350279090063,3.159229003188837,1,1
0.0,6,1,0,0.001603707093530689,1.125737842089083,1,1
0.0,6,1,1,0.000999985173504004,1.8375533987017907,1,1
0.0,6,1,2,0.0014744381438603128,1.1875734950769565,1,1
0.0,6,1,3,0.0009588166775282142,1.8171911082449765,1,1
0.0,6,1,4,0.00026493502092358377,3.006015452967054,1,1
0.0,6,1,5,0.00048675317002478796,3.5736687521627473,1,1
0.0,6,1,6,0.0009999848306483927,1.7574418508385643,1,1
0.0,6,1,7,0.001603707093096479,1.2873115570184164,1,1
0.0,6,1,8,0.0005038440860240514,3.1915298294393657,1,1
0.0,6,1,9,0.0007562401825530283,1.843240580904379,1,1
0.0,6,2,0,0.0007562401823047154,2.2863091612682522,1,1
0.0,6,2,1,0.0004789397032933927,3.2924783448404242,1,1
0.0,6,2,2,0.0005038429182310993,3.5606099958422925,1,1
0.0,6,2,3,0.0007562401820732141,2.2863556934466596,1,1
0.0,6,2,4,0.000958816663921235,1.7690348849157167,1,1
0.0,6,2,5,0.0007562406447559664,1.6588504152729038,1,1
0.0,6,2,6,0.00026493502784998967,2.9623572091064467,1,1
0.0,6,2,7,0.0014744381434056567,1.3678681518513458,1,1
0.0,6,2,8,0.00017401451955871593,3.1748521211549314,1,1
0.0,6,2,9,0.0014744381439702207,1.219700155608115,1,1
0.0,7,0,0,0.0005813463595268482,2.939020163821868,1,1
0.0,7,0,1,0.0010792666500288731,1.921320309681769,1,1
0.0,7,0,2,0.0010792668930802412,1.8737660365209878,1,1
0.0,7,0,3,0.0005813463649536282,2.419652446475401,1,1
0.0,7,0,4,0.0011008118654197952,1.5024082753340895,1,1
0.0,7,0,5,0.000619563748100859,2.6998564670996266,1,1
0.0,7,0,6,0.001079266650210885,1.5802731593805186,1,1
0.0,7,0,7,0.0007074460109967447,2.179614382264381,1,1
0.0,7,0,8,0.0010792666510811024,1.6812817467695635,1,1
0.0,7,0,9,0.0010792666502536371,1.534709941311002,1,1
0.0,7,1,0,0.0004997051619237695,2.369664623959263,1,1
0.0,7,1,1,0.0007665972993210977,2.9327815296831425,1,1
0.0,7,1,2,0.0003972190279907539,1.832432016310755,1,1
0.0,7,1,3,0.00039721903575472414,1.5322760781052926,1,1
0.0,7,1,4,0.0003972190279141546,1.53170072147378,1,1
0.0,7,1,5,0.0010792670237133187,2.159421505726248,1,1
0.0,7,1,6,0.0004997051309569296,2.222941982014593,1,1
0.0,7,1,7,0.0010792669002291843,1.5916908811862085,1,1
0.0,7,1,8,0.0003972190274237243,1.9724688030004478,1,1
0.0,7,1,9,0.0010792670189111173,1.5615461410809657,1,1
0.0,7,2,0,0.0005369609143438421,2.939357108198995,1,1
0.0,7,2,1,0.000707446028010628,2.0266904956055596,1,1
0.0,7,2,2,0.000707446045096889,2.0478767601814143,1,1
0.0,7,2,3,0.001206290035336017,1.1015487532401012,1,1
0.0,7,2,4,0.0006462590512369839,2.197620062290512,1,1
0.0,7,2,5,0.00039721902779003116,1.7312081912929218,1,1
0.0,7,2,6,0.0007666236006923113,2.9327020137957605,1,1
0.0,7,2,7,0.0003972190279907539,1.541490215614302,1,1
0.0,7,2,8,0.0006195531105114714,2.7807504438592656,1,1
0.0,7,2,9,0.00039721902607178913,1.792391069157804,1,1
0.0,8,0,0,0.000742224276784172,1.96453265176442,1,1
0.0,8,0,1,0.000237445888798811,2.3820582096114227,1,1
0.0,8,0,2,0.0005904030893779038,2.887911763021184,1,1
0.0,8,0,3,0.0007422199039292743,2.6721355697770592,1,1
0.0,8,0,4,0.0008489210934987805,1.991194400692057,1,1
0.0,8,0,5,0.0007684952638735578,1.8350883119541508,1,1
0.0,8,0,6,0.0005759973153807134,2.8442360345947906,1,1
0.0,8,0,7,0.0007422244641088965,2.665527860058056,1,1
0.0,8,0,8,0.0005760031897586273,2.5207933708020893,1,1
0.0,8,0,9,0.0008489210803584875,2.0157134312384253,1,1
0.0,8,1,0,0.0005904029829125679,2.979845704494056,1,1
0.0,8,1,1,0.0003073450127449075,1.861053041945276,1,1
0.0,8,1,2,0.000613303038219016,2.5228149907275776,1,1
0.0,8,1,3,0.0003073450127577015,1.7925794434381286,1,1
0.0,8,1,4,0.000848921712473597,2.257841404414874,1,1
0.0,8,1,5,0.0007422245247670847,2.254678455536829,1,1
0.0,8,1,6,0.0005760031263720925,2.5204714946417033,1,1
0.0,8,1,7,0.0008489210801389685,2.2185532747672947,1,1
0.0,8,1,8,0.0003073450565410984,1.862574035154491,1,1
0.0,8,1,9,0.0003563108193913287,1.8162993371604204,1,1
0.0,8,2,0,0.0007422244789293412,2.684172105008378,1,1
0.0,8,2,1,0.00031549887512490363,1.8328746270957474,1,1
0.0,8,2,2,0.0007422244636829798,2.3312990309529735,1,1
0.0,8,2,3,0.00030734505657790067,1.6339487516956865,1,1
0.0,8,2,4,0.0008489210063941274,2.1025461133185597,1,1
0.0,8,2,5,0.0008489409948906043,1.992261850511909,1,1
0.0,8,2,6,0.0003107317039583393,1.8640685016660237,1,1
0.0,8,2,7,0.0007422242969860252,2.356291490985022,1,1
0.0,8,2,8,0.0007422244858365588,2.043320916812055,1,1
0.0,8,2,9,0.00031549887512490363,1.8298299436656882,1,1
0.0,9,0,0,0.0014586169503620233,1.3099339136336843,1,1
0.0,9,0,1,0.0010341636752805253,1.9678585717892074,1,1
0.0,9,0,2,0.0003446293316192295,1.9056267283982404,1,1
0.0,9,0,3,0.0007745832250521391,2.575375312174215,1,1
0.0,9,0,4,0.0003558975708730418,2.91482532172841,1,1
0.0,9,0,5,0.0003558975734117914,2.890316243452206,1,1
0.0,9,0,6,0.0013026456484125362,1.4873128629197974,1,1
0.0,9,0,7,0.000774582737590129,2.595173249278473,1,1
0.0,9,0,8,0.0013026456493048805,1.4623760811302522,1,1
0.0,9,0,9,0.0007364280845918454,2.6670153446040645,1,1
0.0,9,1,0,0.0010341636306386627,1.7408630115449613,1,1
0.0,9,1,1,0.0013026456505796516,1.4801422797967534,1,1
0.0,9,1,2,0.0013026456517841588,1.4635309905214906,1,1
0.0,9,1,3,0.0011754621595516258,1.6705410719893419,1,1
0.0,9,1,4,0.0003446293315936262,1.9430432531840778,1,1
0.0,9,1,5,0.0007364284021270542,2.4992668095682276,1,1
0.0,9,1,6,0.0007364287020574206,2.687891464273678,1,1
0.0,9,1,7,0.0010341636375863705,2.032872777732244,1,1
0.0,9,1,8,0.0013026456476165195,1.532255749869876,1,1
0.0,9,1,9,0.0011754621597053045,1.7045078272810414,1,1
0.0,9,2,0,0.0007364136894848027,2.6320340260238906,1,1
0.0,9,2,1,0.001175462159317412,1.950972145202234,1,1
0.0,9,2,2,0.001302645755344033,1.4845408878078015,1,1
0.0,9,2,3,0.0013026456519244609,1.5806756223891036,1,1
0.0,9,2,4,0.0007364287397533608,2.4872401790194814,1,1
0.0,9,2,5,0.001175462159299763,1.6860205862332354,1,1
0.0,9,2,6,0.001458617023393211,1.3849282726959136,1,1
0.0,9,2,7,0.0010341643114550115,1.9296300065302066,1,1
0.0,9,2,8,0.0007745831389837296,2.4394155031978513,1,1
0.0,9,2,9,0.0014586168972953652,1.4873857797543395,1,1
0.0,10,0,0,0.000734513524136663,2.05194668166301,1,1
0.0,10,0,1,0.0008618624498180876,2.8817409621357974,1,1
0.0,10,0,2,0.0008618621787929787,2.848969652557974,1,1
0.0,10,0,3,0.0007719703003511187,2.2115891811286197,1,1
0.0,10,0,4,0.0008618612558666061,2.7566799746290878,1,1
0.0,10,0,5,0.0006817134885252626,2.464890345432761,1,1
0.0,10,0,6,0.0007719792705959039,2.199432653661023,1,1
0.0,10,0,7,0.0009208079873413199,2.0615107525552556,1,1
0.0,10,0,8,0.0007667676428125801,2.0020958093475087,1,1
0.0,10,0,9,0.0007667694066531124,2.197407449422158,1,1
0.0,10,1,0,0.0008618599202534593,2.976074268076872,1,1
0.0,10,1,1,0.0008618627674498548,2.497080255569069,1,1
0.0,10,1,2,0.0008618624817862956,2.3267959981082704,1,1
0.0,10,1,3,0.0007719684060627085,2.428142049102555,1,1
0.0,10,1,4,0.0006816975634435957,2.4960055511246093,1,1
0.0,10,1,5,0.0013115611066791767,1.3907777699899382,1,1
0.0,10,1,6,0.0006817131803960163,2.272404113594177,1,1
0.0,10,1,7,0.000734513524072132,1.661532353383828,1,1
0.0,10,1,8,0.0006817134261309124,2.4649643640474186,1,1
0.0,10,1,9,0.0008618597823989207,2.2407508884085208,1,1
0.0,10,2,0,0.0008345570121010319,2.0676247379633246,1,1
0.0,10,2,1,0.0008618630623308264,2.2334059282180285,1,1
0.0,10,2,2,0.0013115611040031736,1.3799370380989362,1,1
0.0,10,2,3,0.001279624866017446,1.985124423063708,1,1
0.0,10,2,4,0.0007345135239503713,2.0289365818312857,1,1
0.0,10,2,5,0.0007719794147828509,2.240038240926386,1,1
0.0,10,2,6,0.0008618622010299931,2.8092347573636545,1,1
0.0,10,2,7,0.0006817134890831852,2.4241407362949317,1,1
0.0,10,2,8,0.00086185972967798,2.8563600650570935,1,1
0.0,10,2,9,0.0009207890661767946,2.1153744884945858,1,1
0.0,11,0,0,0.0011916516167940182,1.5645161780318921,1,1
0.0,11,0,1,0.0011916516163226916,1.5580154968953832,1,1
0.0,11,0,2,0.0006373278483242043,2.4993094629771484,1,1
0.0,11,0,3,0.0007679917047285526,2.072504549078821,1,1
0.0,11,0,4,0.0011380968542616776,1.6523507350647348,1,1
0.0,11,0,5,0.0008212704992953376,2.1929920412757666,1,1
0.0,11,0,6,0.0007679916229936436,2.11993470368259,1,1
0.0,11,0,7,0.001191652805292799,1.557883118881626,1,1
0.0,11,0,8,0.0008212701734094888,2.1853318932707166,1,1
0.0,11,0,9,0.0008212703194264626,2.163986717942306,1,1
0.0,11,1,0,0.0010574913969111231,2.907435201097807,1,1
0.0,11,1,1,0.001053790295851445,1.6753054876237892,1,1
0.0,11,1,2,0.0011916516168842624,1.679150496998162,1,1
0.0,11,1,3,0.0010574908879743198,2.1425280301981666,1,1
0.0,11,1,4,0.0008616088226147652,1.8151905866468199,1,1
0.0,11,1,5,0.0002667567787430629,2.9724514194934657,1,1
0.0,11,1,6,0.0008212715769624022,2.2003715993827297,1,1
0.0,11,1,7,0.0011380968550342807,1.673584624386494,1,1
0.0,11,1,8,0.0010574913566001323,2.1473335118533825,1,1
0.0,11,1,9,0.0008637438927626349,1.9320563756719533,1,1
0.0,11,2,0,0.0011916516155897226,1.9369065853491432,1,1
0.0,11,2,1,0.0008637438927626349,1.9368377045060055,1,1
0.0,11,2,2,0.0009673968581161584,1.7594826856810437,1,1
0.0,11,2,3,0.0008616088226349154,1.7756913028817316,1,1
0.0,11,2,4,0.0008616088226349154,1.8153756797022274,1,1
0.0,11,2,5,0.0011380966865880895,1.6499651085512272,1,1
0.0,11,2,6,0.001191652802680534,1.7006742120056948,1,1
0.0,11,2,7,0.0007679861861565779,2.0766626876797565,1,1
0.0,11,2,8,0.0008212705699566994,2.1954993905571203,1,1
0.0,11,2,9,0.000767991627947766,2.2248267729609648,1,1
0.0,12,0,0,0.00030144712965853054,1.854644582907435,1,1
0.0,12,0,1,0.000999722034346803,1.8487897085981384,1,1
0.0,12,0,2,0.0006556651124659796,2.7854498513255765,1,1
0.0,12,0,3,0.0006574665391272346,2.475286206662365,1,1
0.0,12,0,4,0.0007935617293515231,2.0693858005856365,1,1
0.0,12,0,5,0.0006256086233020914,3.124998141912512,1,1
0.0,12,0,6,0.0009997296461112496,1.8556985466895386,1,1
0.0,12,0,7,0.0006256083485739884,3.2763357225162384,1,1
0.0,12,0,8,0.00027240601309084947,1.8211819678636647,1,1
0.0,12,0,9,0.0007756432548293746,2.6562117284263795,1,1
0.0,12,1,0,0.0007756432550973856,2.3090585359057867,1,1
0.0,12,1,1,0.0007935617664706783,2.25350402240422,1,1
0.0,12,1,2,0.0007935616852058792,2.0657574094172912,1,1
0.0,12,1,3,0.0006556542355146522,2.7354515054215587,1,1
0.0,12,1,4,0.00031182818514165737,1.920516971672135,1,1
0.0,12,1,5,0.00030144712970963706,1.9614829643816019,1,1
0.0,12,1,6,0.000999729653826906,1.8802456973296768,1,1
0.0,12,1,7,0.0003014471238927497,2.1919961070674248,1,1
0.0,12,1,8,0.000999729634177168,1.8781050201216807,1,1
0.0,12,1,9,0.0007756432550963077,2.5471326684020252,1,1
0.0,12,2,0,0.0009997296502643677,1.902787287043169,1,1
0.0,12,2,1,0.0003118282060878644,1.9087042148214464,1,1
0.0,12,2,2,0.0006256091006094063,3.2807223403925465,1,1
0.0,12,2,3,0.0007935618047465545,2.0589746918307785,1,1
0.0,12,2,4,0.0006256078922063363,3.273905927311105,1,1
0.0,12,2,5,0.0006556636657764865,2.597407307334089,1,1
0.0,12,2,6,0.0009997220167370564,1.8440092174288487,1,1
0.0,12,2,7,0.0003014471297135657,2.0511335553551158,1,1
0.0,12,2,8,0.000657466537510546,2.3922479293683794,1,1
0.0,12,2,9,0.0006256035485368331,3.3017707739599826,1,1
0.0,13,0,0,0.0006260834465997142,3.3603759163864204,1,1
0.0,13,0,1,0.0007515316762787088,2.5641208044905257,1,1
0.0,13,0,2,0.0008038561459376075,2.0892939040342515,1,1
0.0,13,0,3,0.0009092173755597125,1.9365459999869217,1,1
0.0,13,0,4,0.0006260795627552356,3.314029289544319,1,1
0.0,13,0,5,0.0006500646264929616,2.6486484328328244,1,1
0.0,13,0,6,0.0008038556498025799,2.6089223913713075,1,1
0.0,13,0,7,0.0007038422228471409,2.6120703570411807,1,1
0.0,13,0,8,0.0007038448560734974,2.565948919847886,1,1
0.0,13,0,9,0.0011693125373295633,1.665196284569459,1,1
0.0,13,1,0,0.0008038561666814312,2.2628917078572024,1,1
0.0,13,1,1,0.0008038553170901591,2.668243285264837,1,1
0.0,13,1,2,0.0011693125365284493,1.6392219161852055,1,1
0.0,13,1,3,0.0009092173754845141,1.8390792800446456,1,1
0.0,13,1,4,0.0011693125365132354,1.6514557529080789,1,1
0.0,13,1,5,0.0009828067899010145,1.7438422423874298,1,1
0.0,13,1,6,0.0007038428776886799,2.4265555391609146,1,1
0.0,13,1,7,0.0011693125366531967,1.6277680870136386,1,1
0.0,13,1,8,0.0011693125368240256,1.7473818035154784,1,1
0.0,13,1,9,0.0007038445184155661,2.482940774092453,1,1
0.0,13,2,0,0.0006500568625018931,2.6511780014160005,1,1
0.0,13,2,1,0.001346507990519661,1.7185047918696845,1,1
0.0,13,2,2,0.0013465079906166179,1.7328666624888573,1,1
0.0,13,2,3,0.0007515318050835794,2.3394655468599073,1,1
0.0,13,2,4,0.0011693125371712951,1.9353781773337033,1,1
0.0,13,2,5,0.0013465079904564506,1.7236743596309552,1,1
0.0,13,2,6,0.0013465079905540008,1.8834372573936098,1,1
0.0,13,2,7,0.0007515318116652288,2.822749515030933,1,1
0.0,13,2,8,0.0007038428722832374,2.5881861312590684,1,1
0.0,13,2,9,0.0008038560780199193,2.254762398046649,1,1
0.0,14,0,0,0.0011488203442301308,2.210144966285025,1,1
0.0,14,0,1,0.0006451746732114553,2.7749650647326796,1,1
0.0,14,0,2,0.0003387377305223459,1.7425520961668477,1,1
0.0,14,0,3,0.0007888821719520705,2.6243221142201083,1,1
0.0,14,0,4,0.00033642258567270197,2.402220538790147,1,1
0.0,14,0,5,0.0012791760195061642,1.406487789504042,1,1
0.0,14,0,6,0.0011602703194276381,1.4174906979341728,1,1
0.0,14,0,7,0.0005257512979482762,2.9230165831434087,1,1
0.0,14,0,8,0.0012791760196301054,1.4163147584277465,1,1
0.0,14,0,9,0.0007888922490471312,2.6475223991978107,1,1
0.0,14,1,0,0.0011488184689229341,1.4215853450244005,1,1
0.0,14,1,1,0.00033642254985770745,2.399013786386103,1,1
0.0,14,1,2,0.00033642254996529565,2.349303798316716,1,1
0.0,14,1,3,0.000699734264195289,2.264192816469314,1,1
0.0,14,1,4,0.001279175538093949,1.423093663593119,1,1
0.0,14,1,5,0.000645174689323847,2.6842095128265644,1,1
0.0,14,1,6,0.0010042171656566335,1.4916119706374418,1,1
0.0,14,1,7,0.0007888804014269489,2.5953240177075165,1,1
0.0,14,1,8,0.0010549682394406267,1.5239943347162999,1,1
0.0,14,1,9,0.0010549687475321565,1.4881986213761327,1,1
0.0,14,2,0,0.0011488184186590252,1.7185251269368738,1,1
0.0,14,2,1,0.0011602713809679122,1.4327105473359107,1,1
0.0,14,2,2,0.0003364225876782913,2.3280296312512445,1,1
0.0,14,2,3,0.00033642254986123376,2.126436868864327,1,1
0.0,14,2,4,0.0017531616505995782,1.0360891199190607,1,1
0.0,14,2,5,0.0011488200163550844,1.7775722239644896,1,1
0.0,14,2,6,0.0011602713810560756,1.3426867986967443,1,1
0.0,14,2,7,0.00033873777226487155,1.797809444395395,1,1
0.0,14,2,8,0.00018992192255133354,2.919041659524589,1,1
0.0,14,2,9,0.0006451747633218576,2.707221101808553,1,1
0.0,15,0,0,0.0007477358918532888,2.5174654651573416,1,1
0.0,15,0,1,0.0014442645294862628,1.9804358133979263,1,1
0.0,15,0,2,0.0007477358276290768,2.429832813716781,1,1
0.0,15,0,3,0.0007477357923623873,2.182240585443884,1,1
0.0,15,0,4,0.0014442966278183603,2.06883506703909,1,1
0.0,15,0,5,0.0014442936925048201,1.4472333466482774,1,1
0.0,15,0,6,0.0007477358285360197,2.198211862494207,1,1
0.0,15,0,7,0.001105769150711164,1.76803025657745,1,1
0.0,15,0,8,0.0007477358284771044,2.3194026123720364,1,1
0.0,15,0,9,0.0007477357617010367,2.517272821825651,1,1
0.0,15,1,0,0.0014442645543403772,1.9709114916390942,1,1
0.0,15,1,1,0.0010283122286236734,1.6514774557219347,1,1
0.0,15,1,2,0.0010032636926191475,1.5972603451534606,1,1
0.0,15,1,3,0.0003067478256752113,1.7464752464335278,1,1
0.0,15,1,4,0.0011057691524206602,1.9001517751514658,1,1
0.0,15,1,5,0.0006489178034995548,2.632519382097505,1,1
0.0,15,1,6,0.0006378716938327276,2.5117481278355043,1,1
0.0,15,1,7,0.0003260130397213759,2.3836859480975314,1,1
0.0,15,1,8,0.0003067478256566929,1.752945668116769,1,1
0.0,15,1,9,0.0014443082016505871,1.3957872467763675,1,1
0.0,15,2,0,0.0010666372570402366,1.6495639718065958,1,1
0.0,15,2,1,0.0010283122649292673,1.644879850689041,1,1
0.0,15,2,2,0.001028312228163618,1.8287558249190008,1,1
0.0,15,2,3,0.0007306434600637035,1.908808598505999,1,1
0.0,15,2,4,0.0010283122283308095,1.6413014764802496,1,1
0.0,15,2,5,0.00030674782577536314,1.7966019554220287,1,1
0.0,15,2,6,0.00030674782564643464,1.899935625281603,1,1
0.0,15,2,7,0.0010032636870008133,1.5655883928020011,1,1
0.0,15,2,8,0.00032601302194165026,2.3372016145730394,1,1
0.0,15,2,9,0.001028312986185632,1.7501533010593868,1,1
0.0,16,0,0,0.0003739362458396873,1.8110016206326394,1,1
0.0,16,0,1,0.0004830092666177642,3.487250927990878,1,1
0.0,16,0,2,0.00046232030670696517,3.291097479589718,1,1
0.0,16,0,3,0.0007179632013908625,2.3481613469259073,1,1
0.0,16,0,4,0.0004623228736413261,3.4834804000252366,1,1
0.0,16,0,5,0.0007179631947430119,2.4538442074881717,1,1
0.0,16,0,6,0.00026908946146249373,2.704340249345942,1,1
0.0,16,0,7,0.00026908946265069415,2.7614782968160694,1,1
0.0,16,0,8,0.0001449425863501438,3.766919646157809,1,1
0.0,16,0,9,0.00026908946278328026,3.0258452974634142,1,1
0.0,16,1,0,0.0009670138102163369,2.120498967220309,1,1
0.0,16,1,1,0.0004623217324333677,3.3360657663225246,1,1
0.0,16,1,2,0.0005187084212295369,3.0467371481897496,1,1
0.0,16,1,3,0.00046232264725015016,3.2894077329984137,1,1
0.0,16,1,4,0.0002690894628444989,2.7082450041208976,1,1
0.0,16,1,5,0.00014494263246555888,3.7603477138943533,1,1
0.0,16,1,6,0.000269089462805738,2.859068916790305,1,1
0.0,16,1,7,0.0009670131137744336,2.096613022614712,1,1
0.0,16,1,8,0.00048314395380199106,3.759262418589688,1,1
0.0,16,1,9,0.0003739362457897919,1.737163133158968,1,1
0.0,16,2,0,0.00037393624577726107,1.8722362149438427,1,1
0.0,16,2,1,0.00051870833524106,2.7676260364492817,1,1
0.0,16,2,2,0.0009670131150412275,2.110610142137376,1,1
0.0,16,2,3,0.00071796503806488,2.4424184763837125,1,1
0.0,16,2,4,0.00014494303722041338,3.7547791597703584,1,1
0.0,16,2,5,0.000578235546244988,2.4060002745623748,1,1
0.0,16,2,6,0.00037393625308228295,1.9317589632019108,1,1
0.0,16,2,7,0.00048314816015127443,3.558068050857663,1,1
0.0,16,2,8,0.00026908946288325985,2.7551474050912366,1,1
0.0,16,2,9,0.0007416384052438417,2.2539871603499724,1,1
0.0,17,0,0,0.0003220336462688679,2.0824687767784984,1,1
0.0,17,0,1,0.0014158593325277076,0.900566270549227,1,1
0.0,17,0,2,0.0008461311589592719,2.0894291476254825,1,1
0.0,17,0,3,0.00032203365454165135,2.1795494991403603,1,1
0.0,17,0,4,0.0012359062998897224,1.4593589658691604,1,1
0.0,17,0,5,0.0003220336381777085,2.2574526978059923,1,1
0.0,17,0,6,0.0005539404960948725,2.9637017563777794,1,1
0.0,17,0,7,0.0014158593325277076,1.1945179999030788,1,1
0.0,17,0,8,0.000688789598346147,2.2860295424594304,1,1
0.0,17,0,9,0.001379850501305941,1.3543906403070576,1,1
0.0,17,1,0,0.0006776905607076307,2.4717618016900653,1,1
0.0,17,1,1,0.0005882693624114239,2.2369297031940674,1,1
0.0,17,1,2,0.00032203364086962055,2.3043847441799974,1,1
0.0,17,1,3,0.000688789628361175,2.3032693593061633,1,1
0.0,17,1,4,0.001379850501305941,1.289623045458822,1,1
0.0,17,1,5,0.0011055997460196697,1.5262252144158974,1,1
0.0,17,1,6,0.0013798505019711536,1.4312348291763635,1,1
0.0,17,1,7,0.0006887898261640595,2.071288588928706,1,1
0.0,17,1,8,0.0005192082790718707,2.9561697471521504,1,1
0.0,17,1,9,0.0008949872284650755,1.725378020454901,1,1
0.0,17,2,0,0.00137985066149649,1.3339520538034355,1,1
0.0,17,2,1,0.0006776915029111431,2.307962575025187,1,1
0.0,17,2,2,0.00018835649385937935,2.9518046725755727,1,1
0.0,17,2,3,0.0005192077492478459,2.931995017506908,1,1
0.0,17,2,4,0.0008461312219684122,2.0147931991928845,1,1
0.0,17,2,5,0.0011056003764987321,1.5221042351747907,1,1
0.0,17,2,6,0.0012359063005300162,1.37842830302026,1,1
0.0,17,2,7,0.0005539487178432834,2.9314379542071656,1,1
0.0,17,2,8,0.000322033656262701,1.940448848913019,1,1
0.0,17,2,9,0.0012359064208008405,1.4574057688810367,1,1
0.0,18,0,0,0.0014786262418450746,1.23381333877812,1,1
0.0,18,0,1,0.0011583937513194103,1.6127462473016156,1,1
0.0,18,0,2,0.0006613284100887196,3.465444175322014,1,1
0.0,18,0,3,0.0018368011658756152,1.1237887736789385,1,1
0.0,18,0,4,0.0011583937849587995,2.4086502605833604,1,1
0.0,18,0,5,0.0006796561814792936,2.1868644986839056,1,1
0.0,18,0,6,0.0006796668625230283,2.321224170499047,1,1
0.0,18,0,7,0.0012458381211353554,1.7874852777825971,1,1
0.0,18,0,8,0.00159376553985111,1.3218588194890994,1,1
0.0,18,0,9,0.000905459084964731,1.9876829278812398,1,1
0.0,18,1,0,0.000661336576081472,2.3453381098134134,1,1
0.0,18,1,1,0.0008043305317307959,3.1397309760221046,1,1
0.0,18,1,2,0.0006796562080449204,2.406404591129748,1,1
0.0,18,1,3,0.0006796571907040232,2.3444680214256977,1,1
0.0,18,1,4,0.0008043312890978881,2.5350634161606886,1,1
0.0,18,1,5,0.0009054590848687706,2.3861150805938274,1,1
0.0,18,1,6,0.001478625923512862,1.1156325171536596,1,1
0.0,18,1,7,0.0014786147677992645,1.1532482733943785,1,1
0.0,18,1,8,0.0006796562442802909,2.840753934237806,1,1
0.0,18,1,9,0.0009054590901315935,2.3492391575775926,1,1
0.0,18,2,0,0.0011583937520259235,1.7668184581686615,1,1
0.0,18,2,1,0.000482047419241526,3.6522907302085676,1,1
0.0,18,2,2,0.0004820387366938789,3.7694447111424716,1,1
0.0,18,2,3,0.0008043487397463171,3.159089918962229,1,1
0.0,18,2,4,0.0006613280931674024,2.8583700137042114,1,1
0.0,18,2,5,0.001158393730040734,2.3906486949878034,1,1
0.0,18,2,6,0.0009054591216215268,1.8532354549654646,1,1
0.0,18,2,7,0.0006613280839904918,3.4169226316050674,1,1
0.0,18,2,8,0.000482039550986157,3.780051500443813,1,1
0.0,18,2,9,0.001158393780868858,2.0269138003372933,1,1
0.0,19,0,0,0.0006338441701201405,2.7864921624349908,1,1
0.0,19,0,1,0.0003387316691404755,1.6603465715509969,1,1
0.0,19,0,2,0.0002914074859141317,2.0078527747137724,1,1
0.0,19,0,3,0.0006338471212149335,2.7706860230843837,1,1
0.0,19,0,4,0.0007156413319503041,2.3233571629783145,1,1
0.0,19,0,5,0.000633845262965143,2.787187322108772,1,1
0.0,19,0,6,0.0003387316691043759,1.6539309642341855,1,1
0.0,19,0,7,0.000753822469923614,2.156567543373946,1,1
0.0,19,0,8,0.0013115380035410393,1.5729925313679227,1,1
0.0,19,0,9,0.000753820734918957,2.146220637456311,1,1
0.0,19,1,0,0.0012872495287599179,1.6466471712612663,1,1
0.0,19,1,1,0.0006338444047089897,2.77000557176707,1,1
0.0,19,1,2,0.0007400864554386639,2.4562295322463257,1,1
0.0,19,1,3,0.00033873166691798107,1.4988573941440655,1,1
0.0,19,1,4,0.001287248605763821,1.6215702847912288,1,1
0.0,19,1,5,0.0006338444734993244,2.7832894918020545,1,1
0.0,19,1,6,0.0006338445827039114,2.7837363346011,1,1
0.0,19,1,7,0.0006338445149226905,2.77907863038648,1,1
0.0,19,1,8,0.0006338445040018991,2.787253943235746,1,1
0.0,19,1,9,0.0012872494777399868,1.5657330408354209,1,1
0.0,19,2,0,0.001287249522814471,1.5729919034475122,1,1
0.0,19,2,1,0.00033873166984561056,1.7478635298378498,1,1
0.0,19,2,2,0.0008842076428570749,2.1399527243877543,1,1
0.0,19,2,3,0.0006338452810674677,2.7849368673910453,1,1
0.0,19,2,4,0.0008842076523376779,2.2087660883775224,1,1
0.0,19,2,5,0.0007231476621753673,2.464854976268978,1,1
0.0,19,2,6,0.0007400864614301901,2.415944154332723,1,1
0.0,19,2,7,0.000740087252073058,2.412013464803048,1,1
0.0,19,2,8,0.0007231493704958782,2.4430874210712528,1,1
0.0,19,2,9,0.0012872486081996696,1.6062111918502546,1,1
0.0,20,0,0,0.000617173143510797,2.5354456009350614,1,1
0.0,20,0,1,0.0007552715914560744,2.224851486990965,1,1
0.0,20,0,2,0.0006167256575569422,2.565831640519057,1,1
0.0,20,0,3,0.0006171731413403952,2.5728085788386155,1,1
0.0,20,0,4,0.000755271592697024,2.567065361157403,1,1
0.0,20,0,5,0.0005179112237421997,2.494927504977545,1,1
0.0,20,0,6,0.0007807281163760006,2.2911866477521214,1,1
0.0,20,0,7,0.00048589628065618274,2.3749364253202088,1,1
0.0,20,0,8,0.0007329976536981645,1.9293617396814042,1,1
0.0,20,0,9,0.0007807281390458356,2.289339286211641,1,1
0.0,20,1,0,0.0006167256586713547,2.583043718647388,1,1
0.0,20,1,1,0.0006171731413317006,2.5268847292208436,1,1
0.0,20,1,2,0.0007552715917032454,2.1826020404191073,1,1
0.0,20,1,3,0.0007807281529919294,2.3281577549095114,1,1
0.0,20,1,4,0.0007329975911276133,2.0335427192345277,1,1
0.0,20,1,5,0.0007552715965327735,2.5790367091466506,1,1
0.0,20,1,6,0.0015671106051046268,0.9861504330886207,1,1
0.0,20,1,7,0.0007552716003599295,2.183783053744774,1,1
0.0,20,1,8,0.0007807281530730659,2.3578252336648697,1,1
0.0,20,1,9,0.0007329976194764176,1.9765258002419184,1,1
0.0,20,2,0,0.0016666773902556662,1.2305172424047484,1,1
0.0,20,2,1,0.0019627289326739593,1.9014052542317819,1,1
0.0,20,2,2,0.0016666773917035482,1.5211912266320327,1,1
0.0,20,2,3,0.0016666778360575679,1.0044630767375355,1,1
0.0,20,2,4,0.0006171731415264037,2.528613926858554,1,1
0.0,20,2,5,0.0007552715921144136,2.1505813853048434,1,1
0.0,20,2,6,0.000755271599427872,2.5475577456514626,1,1
0.0,20,2,7,0.0016666778401328007,1.346585383168513,1,1
0.0,20,2,8,0.0015671092998631822,1.0805033898313838,1,1
0.0,20,2,9,0.0004547117366677909,1.8992100751684178,1,1
0.0,21,0,0,0.0008330007892316701,2.8119424425302424,1,1
0.0,21,0,1,0.0008339736823476892,3.0849537634530195,1,1
0.0,21,0,2,0.0011385232563667943,1.5668786975952076,1,1
0.0,21,0,3,0.00019282024920039246,2.9426379140376535,1,1
0.0,21,0,4,0.0008330007850769929,2.8673563495545498,1,1
0.0,21,0,5,0.00019266915147140535,3.457158703549469,1,1
0.0,21,0,6,0.0008339736877293416,1.8768660885617967,1,1
0.0,21,0,7,0.00021287301746249015,3.3992598390714592,1,1
0.0,21,0,8,0.0009623430287063073,1.454941071027805,1,1
0.0,21,0,9,0.0008330007505732077,2.090697875834858,1,1
0.0,21,1,0,0.0011385232308197058,1.586370586248716,1,1
0.0,21,1,1,0.0013122145751687684,1.4449982141736426,1,1
0.0,21,1,2,0.0008330007803045988,2.91925241052818,1,1
0.0,21,1,3,0.0008330007851589092,2.254661329597066,1,1
0.0,21,1,4,0.0013122142583604575,1.4536938707910232,1,1
0.0,21,1,5,0.00019282023346901478,2.9410222626097324,1,1
0.0,21,1,6,0.0008330007850769929,2.5142121557213235,1,1
0.0,21,1,7,0.0013122143016717242,1.3943384254300304,1,1
0.0,21,1,8,0.0008330007802701768,2.0233398867562564,1,1
0.0,21,1,9,0.0008339736938732159,2.3708706132577912,1,1
0.0,21,2,0,0.0008330007851771665,2.0884533402838734,1,1
0.0,21,2,1,0.00019266908375601964,3.6034983408537666,1,1
0.0,21,2,2,0.0006943127069198446,3.222110228210008,1,1
0.0,21,2,3,0.0001928202485610658,2.9493682391609903,1,1
0.0,21,2,4,0.001273203200354199,1.3812722723441806,1,1
0.0,21,2,5,0.0008330007518923665,2.7895485041922505,1,1
0.0,21,2,6,0.0006943041473412316,2.2902984954867542,1,1
0.0,21,2,7,0.0008330007802873878,2.6421999487698735,1,1
0.0,21,2,8,0.0012732037499407275,1.4714972663267638,1,1
0.0,21,2,9,0.0013122145733367545,1.4028574929862865,1,1
0.0,22,0,0,0.0011566029571426128,1.5674042384459816,1,1
0.0,22,0,1,0.0005928240778913121,2.7050697813967033,1,1
0.0,22,0,2,0.00069180826351661,2.6520893838894355,1,1
0.0,22,0,3,0.0005928327194499063,2.9468998842746106,1,1
0.0,22,0,4,0.0011566028813847968,1.5560675803080917,1,1
0.0,22,0,5,0.00020752372057692,3.0193448424517793,1,1
0.0,22,0,6,0.0005928240797398403,2.4906565831079304,1,1
0.0,22,0,7,0.0011442362152850314,1.4919261566153605,1,1
0.0,22,0,8,0.0007222230239887234,2.372136272361091,1,1
0.0,22,0,9,0.0012354212358565038,1.57989210612559,1,1
0.0,22,1,0,0.0012354217130774012,1.9251245531086136,1,1
0.0,22,1,1,0.0011566029563029343,1.78455514132479,1,1
0.0,22,1,2,0.0011566029575180879,1.5643761977218056,1,1
0.0,22,1,3,0.00020752366409997148,3.023499708765405,1,1
0.0,22,1,4,0.00020752291298945755,3.0021996395514123,1,1
0.0,22,1,5,0.0006918043077536756,2.6565701978401717,1,1
0.0,22,1,6,0.0005928327138913064,2.708450265108563,1,1
0.0,22,1,7,0.0007222209210058759,2.5600020067509615,1,1
0.0,22,1,8,0.0012354212374596375,1.5625719693783586,1,1
0.0,22,1,9,0.001144235911845716,1.543539596824963,1,1
0.0,22,2,0,0.0010148827729015803,2.2405542013732993,1,1
0.0,22,2,1,0.0006918101352124089,2.6560410781231005,1,1
0.0,22,2,2,0.000760357070776866,2.145655650305703,1,1
0.0,22,2,3,0.0012354215986392692,1.87515371054836,1,1
0.0,22,2,4,0.0007603458455817933,2.7314137482441976,1,1
0.0,22,2,5,0.0007222237407450225,2.6276250697731722,1,1
0.0,22,2,6,0.0006918097748963472,2.6576606547698898,1,1
0.0,22,2,7,0.0007603570686929756,2.6454503540112295,1,1
0.0,22,2,8,0.0006918031804738682,2.6936614229879425,1,1
0.0,22,2,9,0.0011566029573500279,1.6869907164046147,1,1
0.0,23,0,0,0.00035561920856095084,2.0011007983053464,1,1
0.0,23,0,1,0.0002897290498648638,2.1765167057539148,1,1
0.0,23,0,2,0.0005800932737292664,2.5258453328938764,1,1
0.0,23,0,3,0.0006537186685868651,2.6862524903069573,1,1
0.0,23,0,4,0.0005925728076322313,2.966557626763398,1,1
0.0,23,0,5,0.0006537171250310471,2.713731913138734,1,1
0.0,23,0,6,0.00027486996566154906,2.0230074809182526,1,1
0.0,23,0,7,0.00035561929318048683,1.9250451338438965,1,1
0.0,23,0,8,0.00028972904997500484,2.6227962441269503,1,1
0.0,23,0,9,0.0003998045157267137,1.8367251227254486,1,1
0.0,23,1,0,0.0003998045285624949,1.8079427248262232,1,1
0.0,23,1,1,0.0003466267449369991,2.1613174174786436,1,1
0.0,23,1,2,0.0003998045156004389,1.7940375098012247,1,1
0.0,23,1,3,0.000811804573996252,2.032110382498457,1,1
0.0,23,1,4,0.0008118219452480706,2.144908172851927,1,1
0.0,23,1,5,0.0003466270131973756,1.8701637276187768,1,1
0.0,23,1,6,0.0005925691456435281,2.953535848722079,1,1
0.0,23,1,7,0.0006537164912369604,2.700627558459266,1,1
0.0,23,1,8,0.000754347948136975,2.5467046159492766,1,1
0.0,23,1,9,0.0007034353626593288,2.936808850214416,1,1
0.0,23,2,0,0.0003556192084262248,2.0593472648664037,1,1
0.0,23,2,1,0.0005800932730791869,2.674159297919302,1,1
0.0,23,2,2,0.000592574508326989,2.9367236945555426,1,1
0.0,23,2,3,0.0002368461100578043,2.7169105522714303,1,1
0.0,23,2,4,0.0008118045551214777,2.4056939875713566,1,1
0.0,23,2,5,0.0008118045821859182,2.388079685002198,1,1
0.0,23,2,6,0.0006537175424357382,2.7090965227450905,1,1
0.0,23,2,7,0.0007034343138444669,2.8612262238480257,1,1
0.0,23,2,8,0.0002748699525932239,2.1048024268751195,1,1
0.0,23,2,9,0.00034662701378489387,1.9086064764485857,1,1
0.0,24,0,0,0.0010191191917892069,1.8416096440607463,1,1
0.0,24,0,1,0.0015579240181430114,1.261477040647661,1,1
0.0,24,0,2,0.0008910264612936074,2.007407436171265,1,1
0.0,24,0,3,0.0005514499475531483,2.8841138931899017,1,1
0.0,24,0,4,0.001557922876883245,1.3240730986495075,1,1
0.0,24,0,5,0.0002748513242260585,1.9562002995339354,1,1
0.0,24,0,6,0.0005514539994902153,2.9281468545000906,1,1
0.0,24,0,7,0.0008826235509140428,2.1431038927679538,1,1
0.0,24,0,8,0.0014947222851064345,1.690265778993635,1,1
0.0,24,0,9,0.0005368038813330687,2.9630931748910476,1,1
0.0,24,1,0,0.0005514545650219499,3.015961343035163,1,1
0.0,24,1,1,0.00019424126990498028,3.025180337031333,1,1
0.0,24,1,2,0.0005514545644482777,3.0802798856090776,1,1
0.0,24,1,3,0.0008826235736427865,2.3470170016580547,1,1
0.0,24,1,4,0.0010191191336652386,2.2963658301327854,1,1
0.0,24,1,5,0.0008826248286517163,2.1529411754143224,1,1
0.0,24,1,6,0.0015579240176018072,1.2149471193924324,1,1
0.0,24,1,7,0.001052516124370441,1.4978223840307516,1,1
0.0,24,1,8,0.0014947216321481074,1.7166894464186917,1,1
0.0,24,1,9,0.0010191192120733146,2.2301147846114677,1,1
0.0,24,2,0,0.001019119203017112,2.327428597885204,1,1
0.0,24,2,1,0.0008826248290505599,2.4103541376260367,1,1
0.0,24,2,2,0.0005514512401851935,3.100881704489857,1,1
0.0,24,2,3,0.0006962581903985245,2.3962164843456137,1,1
0.0,24,2,4,0.0005514540523595103,3.1020550078663596,1,1
0.0,24,2,5,0.0014947215597187534,1.6625651887104589,1,1
0.0,24,2,6,0.0015579240179953832,1.2576134908331458,1,1
0.0,24,2,7,0.000625831383812091,3.1035982505892385,1,1
0.0,24,2,8,0.000551453176713912,3.109941472750285,1,1
0.0,24,2,9,0.00022161822071521128,2.472655354839217,1,1
0.0,25,0,0,0.0009020584267165204,2.0889098215358595,1,1
0.0,25,0,1,0.000569773901026378,2.894760760874544,1,1
0.0,25,0,2,0.0005697713260961041,2.911901607576004,1,1
0.0,25,0,3,0.0002889121553702631,1.8608914582002423,1,1
0.0,25,0,4,0.001267380672064196,1.490228949664341,1,1
0.0,25,0,5,0.0005988469449145508,2.600287228409503,1,1
0.0,25,0,6,0.00031536567356770385,2.329009326850434,1,1
0.0,25,0,7,0.0012907979103350467,1.8587989397440579,1,1
0.0,25,0,8,0.0012673811453454364,1.4322685342624226,1,1
0.0,25,0,9,0.00059885281100095,2.30833955480813,1,1
0.0,25,1,0,0.0009020584552761461,1.8362895669422705,1,1
0.0,25,1,1,0.0005988491278206567,2.309590504494339,1,1
0.0,25,1,2,0.0012673806359081443,1.5453270916279995,1,1
0.0,25,1,3,0.00129079791087015,1.6643901166303356,1,1
0.0,25,1,4,0.00031536567343510305,2.594573714288771,1,1
0.0,25,1,5,0.0009020584082261426,1.7889467917127284,1,1
0.0,25,1,6,0.0012907979102420746,1.3757545625040486,1,1
0.0,25,1,7,0.0009020584572821197,1.7463561698383392,1,1
0.0,25,1,8,0.0012907979103069008,1.6558237766663721,1,1
0.0,25,1,9,0.0002889121420439705,1.937402261598948,1,1
0.0,25,2,0,0.00031536568264111704,1.8003724564557673,1,1
0.0,25,2,1,0.0007515051811238957,2.596582516509325,1,1
0.0,25,2,2,0.0007574957627687137,2.0951955190134908,1,1
0.0,25,2,3,0.0002889121419783583,2.160877102298394,1,1
0.0,25,2,4,0.0007575125929016808,2.058362020338699,1,1
0.0,25,2,5,0.00031536567338027473,2.5933108482008635,1,1
0.0,25,2,6,0.0007575126812308521,2.4382969003065957,1,1
0.0,25,2,7,0.0005697712773041333,2.882797473305226,1,1
0.0,25,2,8,0.00031536567325869826,2.59861603821968,1,1
0.0,25,2,9,0.000799401668710804,1.7067679994247242,1,1
0.0,26,0,0,0.0004253750591880295,1.6456339129687039,1,1
0.0,26,0,1,0.0005548659828393556,3.629851931439339,1,1
0.0,26,0,2,0.000422768258096293,4.114140326174322,1,1
0.0,26,0,3,0.0004253750592423568,1.6225786403491742,1,1
0.0,26,0,4,0.0006761722530646964,3.6080708175584335,1,1
0.0,26,0,5,0.000554867096654791,4.384432655817068,1,1
0.0,26,0,6,0.0011834967246409922,2.2883634240012043,1,1
0.0,26,0,7,0.0004253750592209396,1.673581009371948,1,1
0.0,26,0,8,0.0006761721431163127,3.2875643413919566,1,1
0.0,26,0,9,0.0011834967243668359,2.317910610557251,1,1
0.0,26,1,0,0.0005548661356802286,3.373470275396446,1,1
0.0,26,1,1,0.0006761719656413962,2.55182344117062,1,1
0.0,26,1,2,0.0011834967249359262,2.1302617893578337,1,1
0.0,26,1,3,0.00042276718473012703,4.252295771583294,1,1
0.0,26,1,4,0.0004227685829381289,4.399646182951453,1,1
0.0,26,1,5,0.0012588680273681629,1.5277297502915128,1,1
0.0,26,1,6,0.001183496724696553,1.485818353650375,1,1
0.0,26,1,7,0.0006761721427097599,3.382402183612412,1,1
0.0,26,1,8,0.00042537505937190266,1.632838312557799,1,1
0.0,26,1,9,0.0006761719496561847,3.0221684215204347,1,1
0.0,26,2,0,0.0010225594160667571,1.6615282712732444,1,1
0.0,26,2,1,0.0010225594159428164,1.6271371976660194,1,1
0.0,26,2,2,0.0006761719985552525,3.6077462383299475,1,1
0.0,26,2,3,0.0011834967245836726,1.4763024087776293,1,1
0.0,26,2,4,0.0011834967223803582,1.8453999831842234,1,1
0.0,26,2,5,0.0005548665704631601,4.3891151777962465,1,1
0.0,26,2,6,0.0005548656814374142,4.161629159616361,1,1
0.0,26,2,7,0.0010225594159842205,1.5526031004419716,1,1
0.0,26,2,8,0.0009875642807918878,1.7429813598575403,1,1
0.0,26,2,9,0.0010225594154522888,1.6426926340482433,1,1
0.0,27,0,0,0.0004471966145583662,3.140182901836967,1,1
0.0,27,0,1,0.0003957468470560343,1.6791903785807596,1,1
0.0,27,0,2,0.0008528676031059562,2.254846252307018,1,1
0.0,27,0,3,0.0005186401449361762,3.2550393067737398,1,1
0.0,27,0,4,0.0009643664956960687,1.7007826303589022,1,1
0.0,27,0,5,0.00039574683177021725,1.70023255770114,1,1
0.0,27,0,6,0.000570330870302695,3.2098065140968135,1,1
0.0,27,0,7,0.0009174733315230089,2.05081284259704,1,1
0.0,27,0,8,0.0005186402724637083,3.3173383925554862,1,1
0.0,27,0,9,0.0002842554896641626,2.4666311492414543,1,1
0.0,27,1,0,0.0005699023611934867,2.961167055265226,1,1
0.0,27,1,1,0.00028425548981850305,2.1009733801527117,1,1
0.0,27,1,2,0.0009098106954852039,1.672593217384371,1,1
0.0,27,1,3,0.0005178141956209676,3.2879982944954285,1,1
0.0,27,1,4,0.000569985086563576,3.159830904695661,1,1
0.0,27,1,5,0.00020187442950330564,2.821212114348754,1,1
0.0,27,1,6,0.0005699005483808278,3.1750373965529546,1,1
0.0,27,1,7,0.00028425548840426096,2.3933141904589483,1,1
0.0,27,1,8,0.0009098106955296098,1.780612636770719,1,1
0.0,27,1,9,0.00028425548765790805,2.7842579488352213,1,1
0.0,27,2,0,0.0009174732654378901,1.9216094767803398,1,1
0.0,27,2,1,0.0005703302201482546,3.2052932500131193,1,1
0.0,27,2,2,0.0003957468470560343,1.7722593332018133,1,1
0.0,27,2,3,0.0008528676123822696,2.139068080204386,1,1
0.0,27,2,4,0.0003170615910675863,1.8660558509306062,1,1
0.0,27,2,5,0.0009643664965358446,1.6250231013928806,1,1
0.0,27,2,6,0.0002842554877127774,2.000669755699555,1,1
0.0,27,2,7,0.0005699030271698448,3.6025428299001843,1,1
0.0,27,2,8,0.0005417916947855899,3.7269446685270298,1,1
0.0,27,2,9,0.0002018747956075492,3.650025737882437,1,1
0.0,28,0,0,0.0007814680146418214,2.2960264867123334,1,1
0.0,28,0,1,0.0006164552810675309,2.56909688087858,1,1
0.0,28,0,2,0.0012234237213326277,1.767920322398815,1,1
0.0,28,0,3,0.0010601938412570185,2.1502544633763323,1,1
0.0,28,0,4,0.0012234237213796797,1.7673219699913638,1,1
0.0,28,0,5,0.0007814403332560072,2.4775711303409125,1,1
0.0,28,0,6,0.0007814268886438997,2.4294416732264823,1,1
0.0,28,0,7,0.0005201990099353976,2.8365726839144383,1,1
0.0,28,0,8,0.000781440291504014,2.471127860696353,1,1
0.0,28,0,9,0.00106019384274814,1.6758024500818753,1,1
0.0,28,1,0,0.0012234237275481296,1.4566381052526678,1,1
0.0,28,1,1,0.0010601938413043026,1.6180304066614273,1,1
0.0,28,1,2,0.0010601938440915593,2.0471553601858057,1,1
0.0,28,1,3,0.0007728991607657556,3.074736796829504,1,1
0.0,28,1,4,0.0007814622126195498,2.187731245409724,1,1
0.0,28,1,5,0.0010601938416290675,1.6642700998517321,1,1
0.0,28,1,6,0.0011967800397884422,1.5241559098116069,1,1
0.0,28,1,7,0.0009849440389188666,1.6919610609171232,1,1
0.0,28,1,8,0.0007728920257380331,2.376033027831695,1,1
0.0,28,1,9,0.000520196044509511,2.838897594286729,1,1
0.0,28,2,0,0.0007814403135874326,2.1775540451212274,1,1
0.0,28,2,1,0.000616455279575822,2.6348705095568747,1,1
0.0,28,2,2,0.0005201989100599942,2.8933807817817434,1,1
0.0,28,2,3,0.0011967818423607127,1.5039007414179235,1,1
0.0,28,2,4,0.0011967800393201226,1.6751860110231123,1,1
0.0,28,2,5,0.001196780038946322,1.5576105866683645,1,1
0.0,28,2,6,0.000506265538998088,2.1488264167225597,1,1
0.0,28,2,7,0.0008777702861188822,2.373877799427213,1,1
0.0,28,2,8,0.0006164513645152568,2.482929260028977,1,1
0.0,28,2,9,0.0005201959855218162,3.0513286905356725,1,1
0.0,29,0,0,0.0009441055945887605,1.8104329647958426,1,1
0.0,29,0,1,0.0009441055995380901,2.4292020521413464,1,1
0.0,29,0,2,0.0006880979776918395,3.068162954665372,1,1
0.0,29,0,3,0.00019290648730675388,2.602472952509761,1,1
0.0,29,0,4,0.0005415069819553463,2.900791784618654,1,1
0.0,29,0,5,0.0007838837143300414,2.6014558940266825,1,1
0.0,29,0,6,0.0013376041210145444,1.753804905718976,1,1
0.0,29,0,7,0.0013376040142661157,1.6713351647109618,1,1
0.0,29,0,8,0.0007838837014191057,2.70142638071383,1,1
0.0,29,0,9,0.0001930430022458829,2.9057556847986143,1,1
0.0,29,1,0,0.0006880998478831532,2.9013572633943,1,1
0.0,29,1,1,0.0013376041176637197,1.639956373569231,1,1
0.0,29,1,2,0.0012051959010855387,1.3694458816991755,1,1
0.0,29,1,3,0.0005415051660814935,3.0882512214093967,1,1
0.0,29,1,4,0.0007838837235441613,2.2880471536500013,1,1
0.0,29,1,5,0.00030198357077315414,2.100453928831274,1,1
0.0,29,1,6,0.0005320941282883746,2.8662810025056453,1,1
0.0,29,1,7,0.00019304301423557892,2.9129974078259737,1,1
0.0,29,1,8,0.0007838837170179795,2.4663047428041605,1,1
0.0,29,1,9,0.00019304300122712138,2.9089369879154066,1,1
0.0,29,2,0,0.00019304374111810013,2.889822410690598,1,1
0.0,29,2,1,0.00030198360251110386,2.1430415448508904,1,1
0.0,29,2,2,0.0007838837144577746,2.700255102712467,1,1
0.0,29,2,3,0.0003019836025553826,2.1310832316945385,1,1
0.0,29,2,4,0.0012494607699086162,1.3013125397277034,1,1
0.0,29,2,5,0.00019304301602499657,2.89810584368332,1,1
0.0,29,2,6,0.0007838837155408555,2.395250218529813,1,1
0.0,29,2,7,0.0014728037622264985,1.2968221891811627,1,1
0.0,29,2,8,0.0007838837153488123,2.6883041106730254,1,1
0.0,29,2,9,0.0014728037620598791,1.3284515885881065,1,1
0.0,30,0,0,0.00036059587845323947,2.1265727178989358,1,1
0.0,30,0,1,0.0006956395882736036,2.9713313637610663,1,1
0.0,30,0,2,0.0011792880413974505,1.7572814899030706,1,1
0.0,30,0,3,0.0009537539077260954,2.3336367872962587,1,1
0.0,30,0,4,0.0006324945074243219,2.9467865722326394,1,1
0.0,30,0,5,0.00069563795101061,3.019494813195788,1,1
0.0,30,0,6,0.0009537531957784349,2.5037374787917646,1,1
0.0,30,0,7,0.001002479892408709,1.9020314438790245,1,1
0.0,30,0,8,0.0006956333812896647,2.5938727521819493,1,1
0.0,30,0,9,0.0006956400904118054,2.5999506131126435,1,1
0.0,30,1,0,0.0011792879585693758,1.8261056690828277,1,1
0.0,30,1,1,0.001002480209672736,1.8323756589787767,1,1
0.0,30,1,2,0.0011792880414454618,1.7395007950514032,1,1
0.0,30,1,3,0.0006956401846427955,2.5871112567017622,1,1
0.0,30,1,4,0.0003605958783826489,2.1455139799298397,1,1
0.0,30,1,5,0.0010293694790890733,1.730338776220838,1,1
0.0,30,1,6,0.0006956400195701967,2.5879240614132017,1,1
0.0,30,1,7,0.0010293691118317776,1.627281158049378,1,1
0.0,30,1,8,0.0007347532904725933,1.8565483112007162,1,1
0.0,30,1,9,0.0006956351661434678,2.5390670153547386,1,1
0.0,30,2,0,0.0003605958784003231,1.915800754598954,1,1
0.0,30,2,1,0.0010024802133828067,1.907728114784259,1,1
0.0,30,2,2,0.0006324961080584651,3.015108454709276,1,1
0.0,30,2,3,0.0006324950981130167,2.807746564880488,1,1
0.0,30,2,4,0.0006956383327800564,2.56375610936404,1,1
0.0,30,2,5,0.00031322898219664485,2.4134820100250085,1,1
0.0,30,2,6,0.0006324946719407157,3.015684837793018,1,1
0.0,30,2,7,0.0010024802136285428,1.8828397362980864,1,1
0.0,30,2,8,0.00031322899687738894,2.5050370714527626,1,1
0.0,30,2,9,0.00031322899408026876,2.031969015168069,1,1
0.0,31,0,0,0.0006847055481868342,2.7611437253154305,1,1
0.0,31,0,1,0.0006034856882501646,2.798337400941997,1,1
0.0,31,0,2,0.0008881431404382913,2.0318699188534186,1,1
0.0,31,0,3,0.0006631783775368382,2.623577298609896,1,1
0.0,31,0,4,0.0006034854492512067,2.614828213018392,1,1
0.0,31,0,5,0.0011003512759871386,1.9420568963303946,1,1
0.0,31,0,6,0.0006847057725215323,2.598067079437255,1,1
0.0,31,0,7,0.0011003512395828777,1.998609886128114,1,1
0.0,31,0,8,0.0019544888246474353,1.2009036108825768,1,1
0.0,31,0,9,0.0016843544894953606,1.8100534172237757,1,1
0.0,31,1,0,0.0011003512243468192,2.004948066310182,1,1
0.0,31,1,1,0.000293399797703368,2.0314254969278913,1,1
0.0,31,1,2,0.0016843545049326167,1.827811444041021,1,1
0.0,31,1,3,0.0010541991135559292,1.8872502745605615,1,1
0.0,31,1,4,0.0006846994673885545,2.4286693570865063,1,1
0.0,31,1,5,0.0008881420318254738,2.1906190918689674,1,1
0.0,31,1,6,0.0008881431398091206,2.175045458330728,1,1
0.0,31,1,7,0.0008881431398153388,2.2786993202050825,1,1
0.0,31,1,8,0.0002933997973783808,2.03540800471963,1,1
0.0,31,1,9,0.0016843545049404249,1.4716347955072062,1,1
0.0,31,2,0,0.00024019338714285763,2.483446432671355,1,1
0.0,31,2,1,0.001054191997631741,1.9113319425284832,1,1
0.0,31,2,2,0.0019544888659033654,0.9164840668752366,1,1
0.0,31,2,3,0.0019544888685708705,1.0450614661567579,1,1
0.0,31,2,4,0.001954488868597552,1.2461609579997035,1,1
0.0,31,2,5,0.0016843544896589138,1.8269295254893076,1,1
0.0,31,2,6,0.000603478803841345,2.787700462273257,1,1
0.0,31,2,7,0.0016843545030334067,1.7963452165897116,1,1
0.0,31,2,8,0.0010541904958425972,1.8067104946838746,1,1
0.0,31,2,9,0.0008881431402194772,2.032461559823568,1,1
0.0,32,0,0,0.0009070822749967767,2.0957907484065683,1,1
0.0,32,0,1,0.0009070831624647325,2.079176946501132,1,1
0.0,32,0,2,0.0016910982051819652,1.072641261644847,1,1
0.0,32,0,3,0.0006252465809814543,2.934423678031959,1,1
0.0,32,0,4,0.00030675717300435043,2.73455543562209,1,1
0.0,32,0,5,0.0010906961848355162,1.44384242306673,1,1
0.0,32,0,6,0.0006252464784648469,2.630240733063599,1,1
0.0,32,0,7,0.0011552387198522323,1.5584909371671567,1,1
0.0,32,0,8,0.0005188779121724569,3.199173817452931,1,1
0.0,32,0,9,0.0016902417381336886,1.6243664929168573,1,1
0.0,32,1,0,0.000304080273507441,2.0015981614475065,1,1
0.0,32,1,1,0.0005188779588386128,3.1901267463726644,1,1
0.0,32,1,2,0.000304080275864708,2.004969343465682,1,1
0.0,32,1,3,0.0011552372875413021,1.6893942716351564,1,1
0.0,32,1,4,0.0005188778991705237,3.2111661855625995,1,1
0.0,32,1,5,0.0011552373087926498,1.5518954486993617,1,1
0.0,32,1,6,0.0003067571702302605,2.7027045915635,1,1
0.0,32,1,7,0.0010906941317117469,1.5262549811082424,1,1
0.0,32,1,8,0.0011552372866706273,1.6202362059294009,1,1
0.0,32,1,9,0.0005188779052805082,3.033719264472978,1,1
0.0,32,2,0,0.00030675716449958984,2.6472644722139242,1,1
0.0,32,2,1,0.0010906961945878321,1.518741618527364,1,1
0.0,32,2,2,0.0003067571702726431,3.0255688800389877,1,1
0.0,32,2,3,0.0016902548148447281,1.452447316380991,1,1
0.0,32,2,4,0.0009070821391620068,1.9286169151423442,1,1
0.0,32,2,5,0.0011552379376573464,1.7545923919290922,1,1
0.0,32,2,6,0.0003067571689885309,2.632368899818803,1,1
0.0,32,2,7,0.000907081688161467,2.123894852280153,1,1
0.0,32,2,8,0.0010906940968510984,1.5419182591476717,1,1
0.0,32,2,9,0.0016902417502046752,1.2658306683187168,1,1
0.0,33,0,0,0.00020201507215881497,2.863335003733614,1,1
0.0,33,0,1,0.00020201507676490208,3.0369925461214127,1,1
0.0,33,0,2,0.0002020150767739663,3.130558968822164,1,1
0.0,33,0,3,0.0006428515437265798,3.1601002265380416,1,1
0.0,33,0,4,0.001140725622556145,2.879374777230975,1,1
0.0,33,0,5,0.0006428533163985135,3.059029546769077,1,1
0.0,33,0,6,0.0005567995428621979,3.1971156032659405,1,1
0.0,33,0,7,0.0006428513470489122,3.0095526343466426,1,1
0.0,33,0,8,0.0011973106054778847,1.7928175904011907,1,1
0.0,33,0,9,0.0011973106050114763,1.4664573441517843,1,1
0.0,33,1,0,0.00020201507215881497,2.8880415716349663,1,1
0.0,33,1,1,0.0003200166189651322,2.441473278228012,1,1
0.0,33,1,2,0.0006428532552322277,3.105788350203718,1,1
0.0,33,1,3,0.0005567995445862814,2.760825031325531,1,1
0.0,33,1,4,0.0006428513623775365,3.119254863430881,1,1
0.0,33,1,5,0.0004852400710687511,2.57161971166596,1,1
0.0,33,1,6,0.0006428532549853789,3.0815774349406535,1,1
0.0,33,1,7,0.00032001662396918183,2.386134953755971,1,1
0.0,33,1,8,0.00020201507674827735,3.121825004865076,1,1
0.0,33,1,9,0.001197310579164551,1.948546446747439,1,1
0.0,33,2,0,0.0011643701759027473,1.389193821829068,1,1
0.0,33,2,1,0.0011973105993548275,1.8779416797328485,1,1
0.0,33,2,2,0.00029284436662438,1.9440694915773982,1,1
0.0,33,2,3,0.0011643701782063347,1.4158429971140276,1,1
0.0,33,2,4,0.0011973106052069946,1.4559344349897467,1,1
0.0,33,2,5,0.0011407257408386764,2.878827705240557,1,1
0.0,33,2,6,0.00020201507666820306,3.1725902717080223,1,1
0.0,33,2,7,0.0011973103144366473,1.9289616089152448,1,1
0.0,33,2,8,0.0009418818669843263,1.682387119114728,1,1
0.0,33,2,9,0.0006428532381707215,3.0242600412573757,1,1
0.0,34,0,0,0.0006247387633963721,2.690396823847637,1,1
0.0,34,0,1,0.0003668002940995843,1.788840804894447,1,1
0.0,34,0,2,0.0009598033890485034,1.652325816083737,1,1
0.0,34,0,3,0.0010254023553425097,1.7400657541582136,1,1
0.0,34,0,4,0.000580095422640473,2.866754909542865,1,1
0.0,34,0,5,0.0006984232674048216,2.676196847568173,1,1
0.0,34,0,6,0.0010510612829877648,1.726549261596677,1,1
0.0,34,0,7,0.0005911920890550386,2.725036442798099,1,1
0.0,34,0,8,0.00030274908931270236,1.9366351375001483,1,1
0.0,34,0,9,0.0009801471927238742,1.6801431649103507,1,1
0.0,34,1,0,0.0005800936230471311,2.875044365888887,1,1
0.0,34,1,1,0.0010254023559191064,1.8926739436597788,1,1
0.0,34,1,2,0.0006247372075350072,2.6014859135599235,1,1
0.0,34,1,3,0.0006946328106657191,2.5010694403305287,1,1
0.0,34,1,4,0.0005800942068954188,2.847780194004343,1,1
0.0,34,1,5,0.0005911918557682403,2.735301822780292,1,1
0.0,34,1,6,0.0008433261410292417,2.0273581769595297,1,1
0.0,34,1,7,0.0006946441095029774,2.8175757882055312,1,1
0.0,34,1,8,0.0009801471416563518,1.6810232415608677,1,1
0.0,34,1,9,0.00030274908931270236,1.9246461256784777,1,1
0.0,34,2,0,0.0006946120130989439,2.6391575174177206,1,1
0.0,34,2,1,0.0005800927326307241,2.865346004923293,1,1
0.0,34,2,2,0.0009598032694240744,1.6142967236494463,1,1
0.0,34,2,3,0.0010254023553425097,1.8002005340204175,1,1
0.0,34,2,4,0.0006247371427979624,2.664410101840426,1,1
0.0,34,2,5,0.0006247389739963438,2.69319097421128,1,1
0.0,34,2,6,0.0010510612841849818,1.7298210769773807,1,1
0.0,34,2,7,0.00028453419374727714,2.544186205962383,1,1
0.0,34,2,8,0.0003668002940907829,1.9446508376676803,1,1
0.0,34,2,9,0.0010254023559709727,1.7388460395697563,1,1
0.0,35,0,0,0.0003163882174379955,1.9579405565244394,1,1
0.0,35,0,1,0.0004454089264712172,1.6371062671032284,1,1
0.0,35,0,2,0.0008939443092138166,2.3578808669966196,1,1
0.0,35,0,3,0.00031638820495695356,2.1215699622276976,1,1
0.0,35,0,4,0.0006712928786457725,2.651526688877177,1,1
0.0,35,0,5,0.0008287435492409653,1.950208125729866,1,1
0.0,35,0,6,0.0003163882207354364,2.172221761912212,1,1
0.0,35,0,7,0.00044540892749686035,1.6619743981211834,1,1
0.0,35,0,8,0.0008287449443216475,2.267827487860866,1,1
0.0,35,0,9,0.001060946385700762,1.6462425436529733,1,1
0.0,35,1,0,0.0008287453759243266,2.0112201470634585,1,1
0.0,35,1,1,0.000671291039277104,2.6990347239644303,1,1
0.0,35,1,2,0.0008287435199537969,2.074678450080488,1,1
0.0,35,1,3,0.0010286175434595867,1.7225256200106516,1,1
0.0,35,1,4,0.0010609453163955122,1.6512874151342523,1,1
0.0,35,1,5,0.0008939443050104532,2.2234556757264556,1,1
0.0,35,1,6,0.0008939438126657909,2.3519412464577223,1,1
0.0,35,1,7,0.00031638820705755916,1.9916947736165054,1,1
0.0,35,1,8,0.000828743974849119,1.987163860332977,1,1
0.0,35,1,9,0.0007911042084457116,2.406890585652899,1,1
0.0,35,2,0,0.0006712910598926325,2.7052193161639946,1,1
0.0,35,2,1,0.0004454089276836057,1.6612872491965451,1,1
0.0,35,2,2,0.0006712911789301758,2.475234329860882,1,1
0.0,35,2,3,0.0006712932378115827,2.5026527186884917,1,1
0.0,35,2,4,0.0008939438240119775,2.4110365001192853,1,1
0.0,35,2,5,0.0008287621736504541,2.178332265280623,1,1
0.0,35,2,6,0.00044540892697729186,1.6762414018559757,1,1
0.0,35,2,7,0.0009495318102438901,1.9519825316718378,1,1
0.0,35,2,8,0.000445408926439422,1.661113204214338,1,1
0.0,35,2,9,0.0007910976051381552,2.5266225258983166,1,1
0.0,36,0,0,0.00033190066449262373,2.3525762523303557,1,1
0.0,36,0,1,0.0008642566378408417,2.119612013236331,1,1
0.0,36,0,2,0.0007945874919839727,2.3698052018347817,1,1
0.0,36,0,3,0.0007243199224667924,2.2372235805907,1,1
0.0,36,0,4,0.0007945780904183412,2.3794343476536413,1,1
0.0,36,0,5,0.000891842483560724,2.0112469540988815,1,1
0.0,36,0,6,0.0006639168433499397,2.254198191414268,1,1
0.0,36,0,7,0.0005820022944924944,2.067731546146308,1,1
0.0,36,0,8,0.0009988996416722031,1.8121103046916411,1,1
0.0,36,0,9,0.0006809422658416692,2.3491915453358927,1,1
0.0,36,1,0,0.0007456065154696794,2.186341449794472,1,1
0.0,36,1,1,0.0007243199199230893,2.2281812546721276,1,1
0.0,36,1,2,0.000864256421126914,1.9792693468719282,1,1
0.0,36,1,3,0.0008918418552827217,1.8494101690749485,1,1
0.0,36,1,4,0.0007945875217481582,2.424955852474203,1,1
0.0,36,1,5,0.0007945766822644553,2.265417087281898,1,1
0.0,36,1,6,0.0009988997617441757,1.799970913013177,1,1
0.0,36,1,7,0.0003489970264502741,2.1565909710416777,1,1
0.0,36,1,8,0.0007945780893507097,2.237463905643226,1,1
0.0,36,1,9,0.0008642564124483476,1.9850722399316152,1,1
0.0,36,2,0,0.00034899711041819513,2.2178939778155176,1,1
0.0,36,2,1,0.0007945780892590941,2.2370374864247986,1,1
0.0,36,2,2,0.0007456137872626596,2.365240493283467,1,1
0.0,36,2,3,0.00024305382136991552,2.2307759392102384,1,1
0.0,36,2,4,0.00024305382142780223,2.228144035944258,1,1
0.0,36,2,5,0.0008918418548330102,1.907144294325569,1,1
0.0,36,2,6,0.0007945875213638828,2.3663472159208094,1,1
0.0,36,2,7,0.0006639137297287245,2.4270757285588296,1,1
0.0,36,2,8,0.0003489971104063095,1.8534300006789968,1,1
0.0,36,2,9,0.0003489970264416546,1.977295052772744,1,1
0.0,37,0,0,0.0003659801613086255,2.0941526841770597,1,1
0.0,37,0,1,0.0002319210874295592,2.327398616696608,1,1
0.0,37,0,2,0.0008166517126916708,2.4137524374172297,1,1
0.0,37,0,3,0.0008166552142465584,2.288630227616283,1,1
0.0,37,0,4,0.0011164815686499697,2.1550326114908946,1,1
0.0,37,0,5,0.0008166799252406186,2.3422042889450227,1,1
0.0,37,0,6,0.0007024955470457139,2.8263266913779397,1,1
0.0,37,0,7,0.001236414826530286,1.638723066786541,1,1
0.0,37,0,8,0.0008166815510025987,2.41597730983018,1,1
0.0,37,0,9,0.0006073443624115078,2.6129703087696323,1,1
0.0,37,1,0,0.000782651945267176,2.0319641564890913,1,1
0.0,37,1,1,0.0011164828396061656,2.290488102777016,1,1
0.0,37,1,2,0.0008166808046079822,2.362751936674945,1,1
0.0,37,1,3,0.0011164815688569098,1.6112563543677954,1,1
0.0,37,1,4,0.0015038820043464136,1.4281228803399466,1,1
0.0,37,1,5,0.0008166815602851886,2.2531320716924834,1,1
0.0,37,1,6,0.0012364148246069957,1.6515070314684053,1,1
0.0,37,1,7,0.0011164828406148965,1.5924131698783663,1,1
0.0,37,1,8,0.001503882004176122,1.2474627559280238,1,1
0.0,37,1,9,0.0008166554895303359,2.2733745149384124,1,1
0.0,37,2,0,0.0011164815686198902,2.320405066838812,1,1
0.0,37,2,1,0.0007826518923143098,2.5032708436612405,1,1
0.0,37,2,2,0.0011164828377783899,1.6692207473352811,1,1
0.0,37,2,3,0.0011164814243960742,1.9483073899048138,1,1
0.0,37,2,4,0.0007826519419137361,2.03110059721314,1,1
0.0,37,2,5,0.0015038820052523047,1.6379784207632766,1,1
0.0,37,2,6,0.0007826440627259261,2.0414734228287346,1,1
0.0,37,2,7,0.0007826518369840298,1.9753267798186809,1,1
0.0,37,2,8,0.0011164828355812782,1.6427042724420033,1,1
0.0,37,2,9,0.0011164828426352019,1.6903968801115814,1,1
0.0,38,0,0,0.00077993706262854,2.2393445147777804,1,1
0.0,38,0,1,0.0007786213773682488,2.019248962747823,1,1
0.0,38,0,2,0.0005025011359227547,3.2029941122557664,1,1
0.0,38,0,3,0.0007799370662297855,2.2419158730816275,1,1
0.0,38,0,4,0.0008377616154467356,2.0246190722599406,1,1
0.0,38,0,5,0.0008377616462204304,2.226045500772374,1,1
0.0,38,0,6,0.0005025026917554252,3.191594368014899,1,1
0.0,38,0,7,0.000669968210546212,2.637031682713473,1,1
0.0,38,0,8,0.0006699643099731484,2.5226404380116483,1,1
0.0,38,0,9,0.0007799325940713682,2.322722201301012,1,1
0.0,38,1,0,0.0008562841528525636,2.0696312865150817,1,1
0.0,38,1,1,0.0006699639853442704,2.595031719450552,1,1
0.0,38,1,2,0.0008274222511985839,2.08048662472192,1,1
0.0,38,1,3,0.0007786001426354658,2.034690712087089,1,1
0.0,38,1,4,0.0008274346471167383,2.0893738732585194,1,1
0.0,38,1,5,0.000856284296122117,2.0442302635813077,1,1
0.0,38,1,6,0.0007786212868137833,2.0621363845523137,1,1
0.0,38,1,7,0.0008377616272581709,2.031287081105193,1,1
0.0,38,1,8,0.0008274346890880552,2.2695807494910176,1,1
0.0,38,1,9,0.0006699642543629688,2.483560267572014,1,1
0.0,38,2,0,0.0008274346252868039,2.242048209655785,1,1
0.0,38,2,1,0.0008562842943878067,2.1415273930195187,1,1
0.0,38,2,2,0.0007333423633446273,2.588550353391237,1,1
0.0,38,2,3,0.0007799325822012116,2.272043486769134,1,1
0.0,38,2,4,0.0008377615967331174,2.3399241363651617,1,1
0.0,38,2,5,0.0008274346787499042,2.374433139623328,1,1
0.0,38,2,6,0.0008377616664163913,2.2103141410211853,1,1
0.0,38,2,7,0.0007799370661970299,2.242164230620428,1,1
0.0,38,2,8,0.0006699717148045667,2.509252435554658,1,1
0.0,38,2,9,0.000669971301600666,2.416125258890057,1,1
0.0,39,0,0,0.0002775674506439501,1.979804323821573,1,1
0.0,39,0,1,0.0002775674522194407,2.098314477157268,1,1
0.0,39,0,2,0.0005169894697873294,2.9109293063327715,1,1
0.0,39,0,3,0.0014667199418703265,1.1532406285895165,1,1
0.0,39,0,4,0.0003439071100926202,2.6173626142040876,1,1
0.0,39,0,5,0.00027756743487084733,2.317047159754427,1,1
0.0,39,0,6,0.0003439072548833304,2.199306664796866,1,1
0.0,39,0,7,0.0003439071111785914,2.582727107194685,1,1
0.0,39,0,8,0.0002235161941801279,2.988396041698012,1,1
0.0,39,0,9,0.0002775674366697782,2.4130986341827776,1,1
0.0,39,1,0,0.0006667253090206106,2.9471295325485984,1,1
0.0,39,1,1,0.0005169896068321927,3.031324205366896,1,1
0.0,39,1,2,0.0002775674475829615,2.590119437191708,1,1
0.0,39,1,3,0.00034390725488644416,2.2605702069085116,1,1
0.0,39,1,4,0.000516989731990077,2.8050868753276266,1,1
0.0,39,1,5,0.0003439071171645433,2.405153784827705,1,1
0.0,39,1,6,0.0016085933232938758,1.1323487609936291,1,1
0.0,39,1,7,0.0016085933213411602,1.351120270027017,1,1
0.0,39,1,8,0.0004712900593757715,1.7875569609953714,1,1
0.0,39,1,9,0.00036161408867879153,1.6799964563106489,1,1
0.0,39,2,0,0.0006667253789850008,2.952588087359194,1,1
0.0,39,2,1,0.0006667411189998178,2.9387867526826636,1,1
0.0,39,2,2,0.0010879801555542016,1.5036577185599513,1,1
0.0,39,2,3,0.0002235161848312203,3.0990703080054165,1,1
0.0,39,2,4,0.001608593338928497,1.1005102446483779,1,1
0.0,39,2,5,0.00036161375122225405,2.4435951621728798,1,1
0.0,39,2,6,0.00036161418430434296,2.451542081129994,1,1
0.0,39,2,7,0.0003450656099099267,1.7587028392357318,1,1
0.0,39,2,8,0.0006667256580129248,2.934224921835462,1,1
0.0,39,2,9,0.0016085933225326561,1.3248804676315138,1,1
0.0,40,0,0,0.0007163017284753158,2.7621623598126677,1,1
0.0,40,0,1,0.001458192729845959,1.2626482221402606,1,1
0.0,40,0,2,0.0011564983764217952,1.617640422491145,1,1
0.0,40,0,3,0.0013384794365528553,1.3486410962737325,1,1
0.0,40,0,4,0.0005965266307128513,2.8920535072315237,1,1
0.0,40,0,5,0.00145819273517578,1.271170014736215,1,1
0.0,40,0,6,0.0006027811603106442,2.6080814523425744,1,1
0.0,40,0,7,0.0011600773119933036,1.4949542308861796,1,1
0.0,40,0,8,0.000700067172555519,2.352906353822771,1,1
0.0,40,0,9,0.0014581927291728817,1.2873878461691464,1,1
0.0,40,1,0,0.0011564983764248732,1.7044455441039708,1,1
0.0,40,1,1,0.0007000592595392191,2.4739465736816877,1,1
0.0,40,1,2,0.0011600768573499702,1.5608950849841237,1,1
0.0,40,1,3,0.0013384794487432592,1.3430351435199892,1,1
0.0,40,1,4,0.0012390128766081071,1.4753238657965662,1,1
0.0,40,1,5,0.00025904947084780033,2.8011932818924103,1,1
0.0,40,1,6,0.0005965268453601572,2.8420043468719998,1,1
0.0,40,1,7,0.0011600773096467599,1.55809841142457,1,1
0.0,40,1,8,0.0007000580612126421,2.2639135404319743,1,1
0.0,40,1,9,0.0012390128775204476,1.468306828454313,1,1
0.0,40,2,0,0.00029128162832724674,2.4754073909815006,1,1
0.0,40,2,1,0.00021537788137037872,2.822298478893359,1,1
0.0,40,2,2,0.0007163017798165599,2.4841242877779677,1,1
0.0,40,2,3,0.00029128162901712,2.1526365265090246,1,1
0.0,40,2,4,0.0007163016250241289,2.7721498461327694,1,1
0.0,40,2,5,0.0011564983765296546,1.7407547343790526,1,1
0.0,40,2,6,0.001458193050313907,1.4243442652013958,1,1
0.0,40,2,7,0.0002912816292613569,2.6367568342241845,1,1
0.0,40,2,8,0.00070005520567834,2.2920854717976153,1,1
0.0,40,2,9,0.0011600773081320117,1.5062898293895683,1,1
0.0,41,0,0,0.0006756931834774751,2.3099545536879043,1,1
0.0,41,0,1,0.0008475257114501335,2.138636269169184,1,1
0.0,41,0,2,0.0008751954891892731,2.1450447022059866,1,1
0.0,41,0,3,0.0007933178698786838,2.187377535675532,1,1
0.0,41,0,4,0.001175183606142984,2.5764039802129477,1,1
0.0,41,0,5,0.0008066940996470434,2.2162160240842015,1,1
0.0,41,0,6,0.0008066949072035514,2.191712013062055,1,1
0.0,41,0,7,0.0009882048088550811,1.645263150100305,1,1
0.0,41,0,8,0.0006254446001639278,2.625611940342039,1,1
0.0,41,0,9,0.0007933178704846653,2.007674601646083,1,1
0.0,41,1,0,0.0008751945912898675,2.188001864501394,1,1
0.0,41,1,1,0.000847493809649883,2.0842150979515512,1,1
0.0,41,1,2,0.0007933178705740046,2.0059234715812435,1,1
0.0,41,1,3,0.0009474349518344232,1.6675755124614933,1,1
0.0,41,1,4,0.0008066949848728418,2.161093867467878,1,1
0.0,41,1,5,0.0007933178707504347,2.071314400177512,1,1
0.0,41,1,6,0.0008475156253782497,1.951419785669814,1,1
0.0,41,1,7,0.0002906200028656645,1.967751299179397,1,1
0.0,41,1,8,0.00094743505497996,1.9025981636925575,1,1
0.0,41,1,9,0.0007311612015658588,2.2324708061431315,1,1
0.0,41,2,0,0.0008066940952565819,2.115203136580808,1,1
0.0,41,2,1,0.000806694101875772,2.130521509134703,1,1
0.0,41,2,2,0.001175190874173399,2.1381465679283838,1,1
0.0,41,2,3,0.0009474350549848643,2.0916609571200646,1,1
0.0,41,2,4,0.0008751955088123696,2.227851750768384,1,1
0.0,41,2,5,0.0008762932606684332,1.8284767397665829,1,1
0.0,41,2,6,0.0008475050625265867,2.00024601018276,1,1
0.0,41,2,7,0.0007933178541740947,2.162061676987921,1,1
0.0,41,2,8,0.0008474914522837358,1.9912290925255378,1,1
0.0,41,2,9,0.0008066940736363038,2.1162103339149607,1,1
0.0,42,0,0,0.0007116281346976268,2.293338226427257,1,1
0.0,42,0,1,0.0003276466608444313,2.538195229312903,1,1
0.0,42,0,2,0.00047141900647382267,3.329106789705579,1,1
0.0,42,0,3,0.0010632909520928953,1.6511267780696122,1,1
0.0,42,0,4,0.000711616132204756,2.534000263391741,1,1
0.0,42,0,5,0.0006191258345718616,3.3127375379895456,1,1
0.0,42,0,6,0.0013996019327664594,1.308624121468769,1,1
0.0,42,0,7,0.0006191160828354129,2.426810944210837,1,1
0.0,42,0,8,0.00016618749948733334,3.2684578914233278,1,1
0.0,42,0,9,0.0006312493951648212,2.313594613196873,1,1
0.0,42,1,0,0.0003525308908567025,2.048838846449803,1,1
0.0,42,1,1,0.00016618748411661993,3.3314554457270633,1,1
0.0,42,1,2,0.0013996030982211156,1.8529402310648768,1,1
0.0,42,1,3,0.00037627232196707294,2.106616231599332,1,1
0.0,42,1,4,0.00047135357192065627,3.1667704467048905,1,1
0.0,42,1,5,0.00032764648085146386,3.2655327244920254,1,1
0.0,42,1,6,0.001399602890420038,1.757533403014019,1,1
0.0,42,1,7,0.0006191258555198611,2.740092188087097,1,1
0.0,42,1,8,0.0006191255535894994,3.3336197090596613,1,1
0.0,42,1,9,0.0003762722556498005,2.0726827269955663,1,1
0.0,42,2,0,0.0007428073438165504,2.1547695160025127,1,1
0.0,42,2,1,0.000352530890864994,2.055754369826978,1,1
0.0,42,2,2,0.0003276464923186038,2.508288127015998,1,1
0.0,42,2,3,0.000352530890864994,2.1089509833405518,1,1
0.0,42,2,4,0.0012166317282714353,1.2087064777104697,1,1
0.0,42,2,5,0.0010632909493819018,1.5725877215471757,1,1
0.0,42,2,6,0.00032764674981848135,3.272885767892661,1,1
0.0,42,2,7,0.0007116158145971527,2.434002500503248,1,1
0.0,42,2,8,0.00037627225560640137,2.102690894943833,1,1
0.0,42,2,9,0.0007116169209157183,2.372923446524683,1,1
0.0,43,0,0,0.0008043897097118997,3.2251468096547096,1,1
0.0,43,0,1,0.0006650965561021031,2.517069229375283,1,1
0.0,43,0,2,0.0008661361392384823,1.9197871139443687,1,1
0.0,43,0,3,0.0008661367864151501,2.8452052508727537,1,1
0.0,43,0,4,0.0006630485994540571,2.732014956445867,1,1
0.0,43,0,5,0.00080088751713936,3.0966564064966784,1,1
0.0,43,0,6,0.0008008868070976716,3.2932153463495553,1,1
0.0,43,0,7,0.0009010205312867114,1.8296546054674294,1,1
0.0,43,0,8,0.0012560064948527007,1.6821716951867622,1,1
0.0,43,0,9,0.0003371261078702182,2.0529395986390706,1,1
0.0,43,1,0,0.0008661331324521352,2.2018088028562843,1,1
0.0,43,1,1,0.000999271801238031,1.7360885656002616,1,1
0.0,43,1,2,0.0007525015983689483,2.416331802804559,1,1
0.0,43,1,3,0.000866137374175247,2.5145383118259232,1,1
0.0,43,1,4,0.0006630485993437094,2.970632742342271,1,1
0.0,43,1,5,0.0012560259154422652,1.4239138391979076,1,1
0.0,43,1,6,0.0006630485985028886,2.799471886567497,1,1
0.0,43,1,7,0.0008661497661557799,2.5798865077082698,1,1
0.0,43,1,8,0.0008008883686883388,3.2159372998828006,1,1
0.0,43,1,9,0.001256025381957412,1.424744437502114,1,1
0.0,43,2,0,0.0008661333352904676,2.1194006558262726,1,1
0.0,43,2,1,0.0008661341404914583,2.8225062182975527,1,1
0.0,43,2,2,0.0008661346354266569,1.9549968307750754,1,1
0.0,43,2,3,0.0006650965556456869,2.5757883984349093,1,1
0.0,43,2,4,0.0006650965525396746,2.6165124860521374,1,1
0.0,43,2,5,0.0006650965469011704,2.5147873168457844,1,1
0.0,43,2,6,0.000800888236214003,3.082613583069371,1,1
0.0,43,2,7,0.0005420746866819957,2.5148009048579127,1,1
0.0,43,2,8,0.0006630485929680084,2.795648759029622,1,1
0.0,43,2,9,0.0003849137063513077,1.4428422301084667,1,1
0.0,44,0,0,0.0001863842495923108,2.9286365598737416,1,1
0.0,44,0,1,0.0002881296951857411,1.8612614871205448,1,1
0.0,44,0,2,0.0009505500593009421,1.5489951082060833,1,1
0.0,44,0,3,0.0010121992410011649,1.9559269516155262,1,1
0.0,44,0,4,0.0009505500592630787,1.5486624501299717,1,1
0.0,44,0,5,0.0006871384230337992,2.4773649884754603,1,1
0.0,44,0,6,0.00018638423403805705,2.930284838773455,1,1
0.0,44,0,7,0.0006552672772447975,2.3602143329467986,1,1
0.0,44,0,8,0.00075922908556381,1.4595833857926723,1,1
0.0,44,0,9,0.0011757127882212504,1.6022874435413583,1,1
0.0,44,1,0,0.0010451440268308386,1.6353438395210709,1,1
0.0,44,1,1,0.0006871734261587035,2.657964324178797,1,1
0.0,44,1,2,0.00018638424838454746,2.8309553345822867,1,1
0.0,44,1,3,0.0006552687555487478,2.312431071710605,1,1
0.0,44,1,4,0.0002881297009512851,1.9217798467337,1,1
0.0,44,1,5,0.0002881297009640428,1.9437874332546012,1,1
0.0,44,1,6,0.0006552690922109036,2.9266541447236527,1,1
0.0,44,1,7,0.001045144028764228,1.5048246648449493,1,1
0.0,44,1,8,0.0009505501493581735,1.5412366127537795,1,1
0.0,44,1,9,0.00028812970094490626,1.9591164008570738,1,1
0.0,44,2,0,0.0010121992406538255,1.9562052005102206,1,1
0.0,44,2,1,0.0006871383916922108,2.488225451883787,1,1
0.0,44,2,2,0.0006552672739950062,2.654412456553305,1,1
0.0,44,2,3,0.0001863842414598329,2.8499021245192337,1,1
0.0,44,2,4,0.0010121992408399507,1.8471327907035064,1,1
0.0,44,2,5,0.0006552691063616573,2.9204552892805293,1,1
0.0,44,2,6,0.0010121992846956807,1.7043668770245541,1,1
0.0,44,2,7,0.00019865221206176884,2.7626835333715705,1,1
0.0,44,2,8,0.001012199297312238,1.6936076691964312,1,1
0.0,44,2,9,0.0011757127784953146,1.7764173642675956,1,1
0.0,45,0,0,0.00087565583271773,2.6609907121882554,1,1
0.0,45,0,1,0.0005681241974012616,2.891805361265269,1,1
0.0,45,0,2,0.0012688002286800394,1.506018339202822,1,1
0.0,45,0,3,0.001263514117864878,1.421359729573957,1,1
0.0,45,0,4,0.0012099843783369047,1.637130747846892,1,1
0.0,45,0,5,0.0002845282638748516,2.6241655300965903,1,1
0.0,45,0,6,0.0002845282641736963,2.6070636300251313,1,1
0.0,45,0,7,0.0012688001996635698,1.3615720320831832,1,1
0.0,45,0,8,0.0005681089553530325,2.8478865095403787,1,1
0.0,45,0,9,0.0008529228230975383,2.613793661022963,1,1
0.0,45,1,0,0.000568119724863355,2.6065054303183883,1,1
0.0,45,1,1,0.0012099843876178166,1.4848961159544685,1,1
0.0,45,1,2,0.000875637237942268,2.998370290127252,1,1
0.0,45,1,3,0.0012099846328194961,1.6997301473049602,1,1
0.0,45,1,4,0.0005681084868589272,2.953002892175766,1,1
0.0,45,1,5,0.0012635141315033402,1.4228763706951721,1,1
0.0,45,1,6,0.0012099843783122456,1.5100649909453379,1,1
0.0,45,1,7,0.0008529223105586429,2.3702239164590626,1,1
0.0,45,1,8,0.0008756367228182952,2.9760952210680545,1,1
0.0,45,1,9,0.0012635141358503196,1.3697557230032231,1,1
0.0,45,2,0,0.00039189149403247113,1.8663848194670036,1,1
0.0,45,2,1,0.0002845282638748516,2.6527285451112226,1,1
0.0,45,2,2,0.0003153375377496134,1.9739297343391229,1,1
0.0,45,2,3,0.0008756367244027073,2.3860873646132474,1,1
0.0,45,2,4,0.000315337537218702,1.7471864302170872,1,1
0.0,45,2,5,0.0012099843856910079,1.5002407109371274,1,1
0.0,45,2,6,0.0008756367229013808,2.6600617800208863,1,1
0.0,45,2,7,0.0008529223131373425,2.784129661549554,1,1
0.0,45,2,8,0.00028452826310841714,2.6268264322270927,1,1
0.0,45,2,9,0.0012099846327757826,1.66593713672597,1,1
0.0,46,0,0,0.0007792737421384387,3.483651797357064,1,1
0.0,46,0,1,0.0007792768522322945,3.0512727756842275,1,1
0.0,46,0,2,0.0007792720350640348,2.3171574726558153,1,1
0.0,46,0,3,0.0004150824646024309,1.3037213934906746,1,1
0.0,46,0,4,0.00041508246551062445,1.8738706227326998,1,1
0.0,46,0,5,0.0007792769642596237,2.8172022502916922,1,1
0.0,46,0,6,0.0007061223026514836,2.5899666204854297,1,1
0.0,46,0,7,0.0005222283924234159,3.5895215740474953,1,1
0.0,46,0,8,0.0011587307474683654,1.8746543781794374,1,1
0.0,46,0,9,0.0011587300719728111,2.163209620463742,1,1
0.0,46,1,0,0.0003282449646370474,2.06221187146245,1,1
0.0,46,1,1,0.0007792768257385359,3.714173730272616,1,1
0.0,46,1,2,0.0005222284127328377,3.049763259907436,1,1
0.0,46,1,3,0.0007061224008842278,2.597053611089158,1,1
0.0,46,1,4,0.0007792719917801085,3.7852378318749427,1,1
0.0,46,1,5,0.0007792768528587816,3.12048594824112,1,1
0.0,46,1,6,0.00032361504158262626,1.904485099292918,1,1
0.0,46,1,7,0.001158730186558641,1.872469875877248,1,1
0.0,46,1,8,0.0011587301166294053,1.7213064270084542,1,1
0.0,46,1,9,0.001158730748643848,2.1860304323757656,1,1
0.0,46,2,0,0.00032824496451336577,2.5754953121854696,1,1
0.0,46,2,1,0.0007792680500548884,3.33567152089307,1,1
0.0,46,2,2,0.00016273110519733728,3.6016129014199088,1,1
0.0,46,2,3,0.0005222284239217908,3.182950708746918,1,1
0.0,46,2,4,0.0007792712867762996,3.5612761759091622,1,1
0.0,46,2,5,0.0011587301170471035,1.8703090054145413,1,1
0.0,46,2,6,0.0003236150415590325,1.9186374390128218,1,1
0.0,46,2,7,0.001158730117851028,2.188933002281174,1,1
0.0,46,2,8,0.0011587307437874602,1.7819563872901603,1,1
0.0,46,2,9,0.00041508246551062445,2.107766809026652,1,1
0.0,47,0,0,0.00016123688898367485,2.443654945326108,1,1
0.0,47,0,1,0.00030854478211921613,2.2064223642193546,1,1
0.0,47,0,2,0.00016123688910170305,2.930464368313646,1,1
0.0,47,0,3,0.0003085447817776853,2.1965425344892986,1,1
0.0,47,0,4,0.0007053885036211426,2.71514801622409,1,1
0.0,47,0,5,0.0003515146492618076,1.820450819964225,1,1
0.0,47,0,6,0.00030854478144955085,2.0124613575573043,1,1
0.0,47,0,7,0.0005664986199429465,2.9212084677589583,1,1
0.0,47,0,8,0.00030854478144311416,1.9475341895089415,1,1
0.0,47,0,9,0.0007482780806514752,2.260088495660627,1,1
0.0,47,1,0,0.0007482773402467934,2.3118732644334385,1,1
0.0,47,1,1,0.0006126782910674492,2.89193944877949,1,1
0.0,47,1,2,0.0002054525552268672,2.890295720294066,1,1
0.0,47,1,3,0.0003085447813304305,2.0555292711353377,1,1
0.0,47,1,4,0.0009104694615190256,1.709217337164255,1,1
0.0,47,1,5,0.00030854478204573633,2.258633043629533,1,1
0.0,47,1,6,0.0005665000248573886,2.8751718813158256,1,1
0.0,47,1,7,0.00023329234278925847,2.983533145675764,1,1
0.0,47,1,8,0.00035151464922781163,1.9651937787889806,1,1
0.0,47,1,9,0.00091046950280574,1.7764392878082051,1,1
0.0,47,2,0,0.0003085447821033253,2.1607254999673553,1,1
0.0,47,2,1,0.000308544780640932,2.0443212773138115,1,1
0.0,47,2,2,0.0003085447805575356,2.216994956191889,1,1
0.0,47,2,3,0.0006126782955656393,3.2316290165191144,1,1
0.0,47,2,4,0.00030854477954732513,1.945420553088622,1,1
0.0,47,2,5,0.0005665008129148396,2.8396892973948926,1,1
0.0,47,2,6,0.0007970609345136835,2.69007184808953,1,1
0.0,47,2,7,0.0009104695020755539,1.7402646541639637,1,1
0.0,47,2,8,0.0006438953141997447,2.9666880449963844,1,1
0.0,47,2,9,0.0005664990273968729,2.9192835531391323,1,1
0.0,48,0,0,0.0006119813534273701,2.523190593097726,1,1
0.0,48,0,1,0.0007435100044286008,2.3596930014655784,1,1
0.0,48,0,2,0.0008119276000407903,1.9680241050119611,1,1
0.0,48,0,3,0.0007435100038139527,2.3196701044216055,1,1
0.0,48,0,4,0.0007050275913847574,2.900093413367874,1,1
0.0,48,0,5,0.0007050021412172484,2.6354717740713585,1,1
0.0,48,0,6,0.0007435107292368829,2.3109328117220636,1,1
0.0,48,0,7,0.0007435100023806269,2.3342411388999666,1,1
0.0,48,0,8,0.0007050287345308033,2.1904759362778243,1,1
0.0,48,0,9,0.000530102258564849,2.9367865807538625,1,1
0.0,48,1,0,0.0006119806897099684,2.5663717865070037,1,1
0.0,48,1,1,0.00021124795124624946,2.9321901622563615,1,1
0.0,48,1,2,0.0008649588057740152,2.297183824403406,1,1
0.0,48,1,3,0.0008649588043079937,2.2287065176725687,1,1
0.0,48,1,4,0.0007435100024763393,2.304694234142044,1,1
0.0,48,1,5,0.0008649588092879177,2.2989850858814687,1,1
0.0,48,1,6,0.0008649588043248413,2.04157651308724,1,1
0.0,48,1,7,0.0007435100036887307,2.4100044135232728,1,1
0.0,48,1,8,0.0007242121174652952,2.2380762100700067,1,1
0.0,48,1,9,0.0007510263977999466,2.0798407399830157,1,1
0.0,48,2,0,0.0007050276702838491,2.605276735731358,1,1
0.0,48,2,1,0.0007050241545791296,2.4644102368832517,1,1
0.0,48,2,2,0.0007435099971260616,2.43997424825107,1,1
0.0,48,2,3,0.0005825415831134518,2.989353114604519,1,1
0.0,48,2,4,0.0005825425461104321,2.987417161063133,1,1
0.0,48,2,5,0.0006136088673512274,2.9722519027355285,1,1
0.0,48,2,6,0.0005825446557031472,3.0255752133284814,1,1
0.0,48,2,7,0.0007050285995804272,2.630584757356783,1,1
0.0,48,2,8,0.0007292857145816071,2.315263714010838,1,1
0.0,48,2,9,0.000751026585183567,2.5726706533449084,1,1
0.0,49,0,0,0.00036069223811742326,1.8745688540116938,1,1
0.0,49,0,1,0.00030844702924567717,1.9038797905004987,1,1
0.0,49,0,2,0.0008171841586175608,2.5511320714036803,1,1
0.0,49,0,3,0.0003084470189657797,2.019144587891193,1,1
0.0,49,0,4,0.0007723024775128142,2.200236077809738,1,1
0.0,49,0,5,0.0010317273223676947,1.8062089293131034,1,1
0.0,49,0,6,0.000772300659877357,2.2273691967339486,1,1
0.0,49,0,7,0.0007547647209945701,2.0538319098469855,1,1
0.0,49,0,8,0.0010317273223676947,1.8483555482435063,1,1
0.0,49,0,9,0.0007547648116995498,2.053933476283164,1,1
0.0,49,1,0,0.00029267714136457204,2.3226952230687328,1,1
0.0,49,1,1,0.0008171854296006909,2.5366012864223313,1,1
0.0,49,1,2,0.0010551925006643354,1.8049582527439236,1,1
0.0,49,1,3,0.00035477943416311854,1.881169937185816,1,1
0.0,49,1,4,0.0009778043649868943,1.8122766630009197,1,1
0.0,49,1,5,0.0009942699981206379,1.5802369793531286,1,1
0.0,49,1,6,0.0003084470293081388,1.925260519630077,1,1
0.0,49,1,7,0.0007547650154935853,1.8223029247419662,1,1
0.0,49,1,8,0.0009778043652735964,1.812763598285917,1,1
0.0,49,1,9,0.00030844702924567717,1.9592212207462723,1,1
0.0,49,2,0,0.0002926771434737944,2.32605077169326,1,1
0.0,49,2,1,0.00029267714363817425,2.489955108926876,1,1
0.0,49,2,2,0.0010317273223423467,1.8383954294203257,1,1
0.0,49,2,3,0.0007547648115902166,1.8433592276829402,1,1
0.0,49,2,4,0.0014143335456058602,1.9196945230945128,1,1
0.0,49,2,5,0.00029267710893659377,2.575024034397443,1,1
0.0,49,2,6,0.0014143243706295258,1.9314232353917433,1,1
0.0,49,2,7,0.0002926771086644996,2.4765862856884775,1,1
0.0,49,2,8,0.0008172007761055307,2.5916286322612727,1,1
0.0,49,2,9,0.0010551924528902255,1.9038315946723363,1,1
1.0,0,0,0,0.00034044241894582903,2.03533799350102,1,1
1.0,0,0,1,0.00035770316169919257,1.8465050272437105,1,1
1.0,0,0,2,0.0003404424190209641,2.0255604425541436,1,1
1.0,0,0,3,0.000898844047595855,2.066596619276404,1,1
1.0,0,0,4,0.0003094138851390531,1.967202404281196,1,1
1.0,0,0,5,0.0013095624972878294,1.8671047670411258,1,1
1.0,0,0,6,0.0010116071346242964,1.929141855733918,1,1
1.0,0,0,7,0.001812883398021911,1.4135186423334445,1,1
1.0,0,0,8,0.000777803243547512,2.2140567430307354,1,1
1.0,0,0,9,0.001812931132767994,1.8442334682576291,1,1
1.0,0,1,0,0.0009580763270515799,2.141210765982293,1,1
1.0,0,1,1,0.0002801044340370476,1.7599865350823571,1,1
1.0,0,1,2,0.0004232409271632359,1.8170041070903635,1,1
1.0,0,1,3,0.0002557964361285923,2.0569951497463093,1,1
1.0,0,1,4,0.0004232409436838709,2.018231029991249,1,1
1.0,0,1,5,0.0009580763315028552,2.1652567599337758,1,1
1.0,0,1,6,0.0011213798031346812,1.6209754400534782,1,1
1.0,0,1,7,0.001003736863732392,2.0141308308144983,1,1
1.0,0,1,8,0.001121379798258211,1.8540274543684745,1,1
1.0,0,1,9,0.0011529354698149334,1.6903998095293664,1,1
1.0,0,2,0,0.001375149709797271,1.618048123330281,1,1
1.0,0,2,1,0.0007763894289725873,2.251797406457311,1,1
1.0,0,2,2,0.0003304847769975211,1.9997201840860124,1,1
1.0,0,2,3,0.0011497538137681556,1.9543725610323268,1,1
1.0,0,2,4,0.0018054939235261124,1.3650033509257053,1,1
1.0,0,2,5,0.0008398145905897816,2.1751434776245673,1,1
1.0,0,2,6,0.00035312704377643794,1.9403516454957643,1,1
1.0,0,2,7,0.0007763894953500708,2.187871169701758,1,1
1.0,0,2,8,0.00035312704394134173,2.259401083567876,1,1
1.0,0,2,9,0.0009018994207923022,1.8945247080294634,1,1
1.0,1,0,0,0.0007269763664365663,2.3893971958917546,1,1
1.0,1,0,1,0.00034026418028742074,1.8779783467134892,1,1
1.0,1,0,2,0.0008797941489409773,2.367680168465159,1,1
1.0,1,0,3,0.0008170483224358271,2.4978037145977896,1,1
1.0,1,0,4,0.0013328145010970418,2.3037029126077004,1,1
1.0,1,0,5,0.0007113403763399286,2.5026006244199523,1,1
1.0,1,0,6,0.0007617913149813247,2.7145727177947823,1,1
1.0,1,0,7,0.0008798092535423468,2.1576630070707052,1,1
1.0,1,0,8,0.00034026418004945826,1.9109455935853175,1,1
1.0,1,0,9,0.0009662975404801823,1.9832722759556605,1,1
1.0,1,1,0,0.0007688488722936702,2.2820935824496704,1,1
1.0,1,1,1,0.00032576842202652385,1.9612184734265312,1,1
1.0,1,1,2,0.0011281049520683695,1.7647184151696467,1,1
1.0,1,1,3,0.0003257684147746764,2.419861139540699,1,1
1.0,1,1,4,0.0008598679147927735,2.5248603517033774,1,1
1.0,1,1,5,0.0008598679009150657,2.1804423707931675,1,1
1.0,1,1,6,0.0007420108472114384,2.8585334860145646,1,1
1.0,1,1,7,0.0003729391306709048,1.8360512976501182,1,1
1.0,1,1,8,0.0007688358790901808,2.289740013078844,1,1
1.0,1,1,9,0.0008518511878020441,2.2889081251653214,1,1
1.0,1,2,0,0.000797075255327107,2.3593411121748247,1,1
1.0,1,2,1,0.0007401559969158997,2.3083114346151827,1,1
1.0,1,2,2,0.0002599416587324506,2.4385437655558175,1,1
1.0,1,2,3,0.0007401574920534413,2.361125649717812,1,1
1.0,1,2,4,0.000740155984458219,2.411887264803198,1,1
1.0,1,2,5,0.0008790338189363511,2.254619147462506,1,1
1.0,1,2,6,0.0003736059066712055,1.8322516690461306,1,1
1.0,1,2,7,0.0008790259293724939,2.287530892912598,1,1
1.0,1,2,8,0.0007401585901114565,2.4047578321890777,1,1
1.0,1,2,9,0.0007401585955246002,2.2221734755409592,1,1
1.0,2,0,0,0.0011337024183619535,2.1771021112830478,1,1
1.0,2,0,1,0.0028357966023112714,1.0905883397270695,1,1
1.0,2,0,2,0.0013450487875050056,1.2431095488364632,1,1
1.0,2,0,3,0.0008244167422688492,2.3035811039178946,1,1
1.0,2,0,4,0.001345048784973106,1.5084844773837516,1,1
1.0,2,0,5,0.00033373837530618325,1.9988674373864197,1,1
1.0,2,0,6,0.0002424921767662772,1.645346698539044,1,1
1.0,2,0,7,0.0015737743955575735,1.6845181847237556,1,1
1.0,2,0,8,0.0013450470294025273,1.3989912500782127,1,1
1.0,2,0,9,0.0013450487715736857,1.240421549087492,1,1
1.0,2,1,0,0.0016779167727977377,1.7559250789675436,1,1
1.0,2,1,1,0.001677912843062367,2.072730730871312,1,1
1.0,2,1,2,0.0006800100220237045,2.3546768430527245,1,1
1.0,2,1,3,0.0011305464990731282,2.086112674544226,1,1
1.0,2,1,4,0.0006601934910215463,2.4118034218713715,1,1
1.0,2,1,5,0.0022935546085138016,1.633148111951166,1,1
1.0,2,1,6,0.0007488307539462469,2.4491165872043266,1,1
1.0,2,1,7,0.0022935546086150795,1.4065300635556262,1,1
1.0,2,1,8,0.0008539207182861263,2.207586444453666,1,1
1.0,2,1,9,0.000853920616513037,2.072497910762267,1,1
1.0,2,2,0,0.00029442870319200046,2.0599201088641665,1,1
1.0,2,2,1,0.0006899459046424311,2.40708992635248,1,1
1.0,2,2,2,0.0017332055348898059,1.3969654027627831,1,1
1.0,2,2,3,0.0002944287032029021,2.025783941242486,1,1
1.0,2,2,4,0.0006899459047878371,2.674345112219941,1,1
1.0,2,2,5,0.0002944287031946679,2.043030932714251,1,1
1.0,2,2,6,0.0006899459047281767,2.5446625363468205,1,1
1.0,2,2,7,0.0008950871800347685,2.2045626531699947,1,1
1.0,2,2,8,0.0007723929083139952,2.2444778547125,1,1
1.0,2,2,9,0.0008176951079725889,1.2770988393364475,1,1
1.0,3,0,0,0.0002846228496863944,2.1953118829909872,1,1
1.0,3,0,1,0.0010669570414874954,1.5867603356103588,1,1
1.0,3,0,2,0.0009214072586904909,1.8775076998050149,1,1
1.0,3,0,3,0.0015850517052471628,1.1896690767118998,1,1
1.0,3,0,4,0.0010669570414095942,1.385234489282208,1,1
1.0,3,0,5,0.0006969538149666993,2.535491673203589,1,1
1.0,3,0,6,0.0014111725226047338,1.313252039251401,1,1
1.0,3,0,7,0.00023122493237904765,3.769675459283015,1,1
1.0,3,0,8,0.00028462280626957395,2.4450128317995943,1,1
1.0,3,0,9,0.00028570424811177365,4.087400198731765,1,1
1.0,3,1,0,0.0006154323510003026,2.7754255661778133,1,1
1.0,3,1,1,0.0017428326837998654,1.247610502927082,1,1
1.0,3,1,2,0.001122014375270458,1.7214232056333125,1,1
1.0,3,1,3,0.001122014357398573,1.576023328086744,1,1
1.0,3,1,4,0.0017428390118560987,1.0742202843422275,1,1
1.0,3,1,5,0.0005910704947575282,4.15326118519696,1,1
1.0,3,1,6,0.0002704547552242082,3.7406825588386505,1,1
1.0,3,1,7,0.0007445870618624686,2.0214353336864574,1,1
1.0,3,1,8,0.0006763761564118554,2.7124802405663435,1,1
1.0,3,1,9,0.0017428326706980697,1.687953644298814,1,1
1.0,3,2,0,0.0007072955444253188,2.5957043832680107,1,1
1.0,3,2,1,0.0006607914270552438,3.7881219961960735,1,1
1.0,3,2,2,0.00033844130534813093,2.5276464079680294,1,1
1.0,3,2,3,0.00032972384690493835,1.5943953854295594,1,1
1.0,3,2,4,0.0002384523730440339,3.4172423654862234,1,1
1.0,3,2,5,0.00097814133210557,2.0913627351106046,1,1
1.0,3,2,6,0.000707295808803751,2.628291631013081,1,1
1.0,3,2,7,0.0007297259063947165,2.4863927225411566,1,1
1.0,3,2,8,0.0009781413250012929,2.243746599108819,1,1
1.0,3,2,9,0.000238452355739063,3.6095208287405116,1,1
1.0,4,0,0,0.0008845466172026824,1.9738670127087063,1,1
1.0,4,0,1,0.0012946563976557082,1.4135840187320383,1,1
1.0,4,0,2,0.0009888271792082648,1.782973287394724,1,1
1.0,4,0,3,0.00032911699299068605,1.8674835406492056,1,1
1.0,4,0,4,0.0006222500115994332,2.66207486728675,1,1
1.0,4,0,5,0.0008845738699886014,2.143167735055727,1,1
1.0,4,0,6,0.00027661305876470696,2.145350416399143,1,1
1.0,4,0,7,0.000884546616078602,2.326509868476926,1,1
1.0,4,0,8,0.001459832694150695,1.5141822985296696,1,1
1.0,4,0,9,0.0014598316007284633,1.4531930098659303,1,1
1.0,4,1,0,0.0006633241724421967,2.789278959033491,1,1
1.0,4,1,1,0.0012438831649539265,1.4921062825858595,1,1
1.0,4,1,2,0.001461114950404422,1.394550512389331,1,1
1.0,4,1,3,0.0006633240555199591,2.8040480959491503,1,1
1.0,4,1,4,0.0007101695614647531,2.5696249379324714,1,1
1.0,4,1,5,0.0007050929909497308,2.474065388805763,1,1
1.0,4,1,6,0.0023615328630987825,1.0665604505079598,1,1
1.0,4,1,7,0.0007050932313479202,2.3576944238987,1,1
1.0,4,1,8,0.0006633474844165286,2.458990771594276,1,1
1.0,4,1,9,0.0007101681223262837,2.3695036053502836,1,1
1.0,4,2,0,0.0012186701644792315,2.4328542913053814,1,1
1.0,4,2,1,0.0003136296861698884,2.272325112029838,1,1
1.0,4,2,2,0.0010376898191849437,1.5333745559786502,1,1
1.0,4,2,3,0.0012186702518965987,1.83059803461041,1,1
1.0,4,2,4,0.0010376885516985709,1.573503453528026,1,1
1.0,4,2,5,0.0010951752503657948,1.5123229875274213,1,1
1.0,4,2,6,0.0012186702227880326,1.8295668974120267,1,1
1.0,4,2,7,0.0007025555447050117,2.358535054354588,1,1
1.0,4,2,8,0.0007025556835361509,2.265937217221176,1,1
1.0,4,2,9,0.0010376885523122159,1.7259595163087165,1,1
1.0,5,0,0,0.0009501858890975094,1.7756387407232244,1,1
1.0,5,0,1,0.0009501857832325437,1.774050939390185,1,1
1.0,5,0,2,0.0006722080208991196,2.3795579598151906,1,1
1.0,5,0,3,0.0009501856185549739,1.8312976316816432,1,1
1.0,5,0,4,0.0002751102567976196,2.543706791214908,1,1
1.0,5,0,5,0.0011012520386657564,1.5941585853249223,1,1
1.0,5,0,6,0.0006721968036631752,2.3772913187734868,1,1
1.0,5,0,7,0.001229744877247162,1.876710834992757,1,1
1.0,5,0,8,0.00022270056170415893,3.1708708809902495,1,1
1.0,5,0,9,0.0008039347418372748,2.453261565410536,1,1
1.0,5,1,0,0.00033398017576811024,1.9272881204440577,1,1
1.0,5,1,1,0.0008094221843110555,2.1994218640018883,1,1
1.0,5,1,2,0.000809422384621688,2.480802598909035,1,1
1.0,5,1,3,0.00026814346833471436,1.7179722609280652,1,1
1.0,5,1,4,0.0010907823823977467,1.6538203996033747,1,1
1.0,5,1,5,0.000579210912450466,3.1360759939798046,1,1
1.0,5,1,6,0.0002681434682351317,1.9406481044642427,1,1
1.0,5,1,7,0.000668947727091166,3.306587787923819,1,1
1.0,5,1,8,0.000268143468359895,1.7924000960471107,1,1
1.0,5,1,9,0.0006726616600534537,2.5782918943540496,1,1
1.0,5,2,0,0.0004958053509512917,3.9598577198690803,1,1
1.0,5,2,1,0.0004758070694324211,3.8667371086417037,1,1
1.0,5,2,2,0.0016735301886557918,1.2138247918772704,1,1
1.0,5,2,3,0.00017971484063041977,3.3050290967665945,1,1
1.0,5,2,4,0.00077857329009895,3.2906204355745894,1,1
1.0,5,2,5,0.0005076267910073803,4.121070359095476,1,1
1.0,5,2,6,0.00047581055279364545,3.8694836483900903,1,1
1.0,5,2,7,0.0004763513898740735,3.847818410134043,1,1
1.0,5,2,8,0.0010759979431072084,1.4226246712056645,1,1
1.0,5,2,9,0.0007785731299722847,2.6568751844382414,1,1
1.0,6,0,0,0.0004257155948395453,3.435942708880513,1,1
1.0,6,0,1,0.0017382085957158492,1.5997306674089284,1,1
1.0,6,0,2,0.0010730432095287553,1.6168632777062633,1,1
1.0,6,0,3,0.0004257162270411537,3.5422874052362356,1,1
1.0,6,0,4,0.0007838463007074396,2.7976178624737074,1,1
1.0,6,0,5,0.00046650887460983277,3.376709098155195,1,1
1.0,6,0,6,0.0006935074679239987,3.4728882351378,1,1
1.0,6,0,7,0.001073043209544812,1.7021678599973733,1,1
1.0,6,0,8,0.0004870662227740867,3.156403944738253,1,1
1.0,6,0,9,0.0006935075879050495,3.5045151099259084,1,1
1.0,6,1,0,0.001943412803183382,0.9519831633136941,1,1
1.0,6,1,1,0.0010776656519140696,1.7996952992603905,1,1
1.0,6,1,2,0.0017967501990559728,1.0077350866717927,1,1
1.0,6,1,3,0.0003488959864472017,1.7854634364860522,1,1
1.0,6,1,4,0.00025866713653010165,3.2663455532018673,1,1
1.0,6,1,5,0.00045087330717268016,3.8267792717480353,1,1
1.0,6,1,6,0.0010776647735588694,1.7194364218103892,1,1
1.0,6,1,7,0.001943412801903826,1.169752807454339,1,1
1.0,6,1,8,0.0004579166352393707,3.47888277890257,1,1
1.0,6,1,9,0.00024793443492635866,1.9444576577722104,1,1
1.0,6,2,0,0.0011903771429492365,1.8343172222887105,1,1
1.0,6,2,1,0.0004421104097590796,3.5951638664343846,1,1
1.0,6,2,2,0.00048444548207769505,3.5166142048847937,1,1
1.0,6,2,3,0.001190377143004707,1.834362781420292,1,1
1.0,6,2,4,0.001315766280491592,1.324332158969539,1,1
1.0,6,2,5,0.0011903771429156158,1.1899322519284063,1,1
1.0,6,2,6,0.0006088903986579824,3.342114325160496,1,1
1.0,6,2,7,0.0015134344652602968,1.1845700174238019,1,1
1.0,6,2,8,0.00041978534789520407,3.556937881845643,1,1
1.0,6,2,9,0.0015134344663663155,1.0660308818507023,1,1
1.0,7,0,0,0.0005939364830227595,2.9306833539413066,1,1
1.0,7,0,1,0.0011695732667100333,1.8173130027278965,1,1
1.0,7,0,2,0.0011695737703433077,1.7683184503147993,1,1
1.0,7,0,3,0.0005939364893431303,2.3650092562367178,1,1
1.0,7,0,4,0.0011842011241929315,1.3893377961081235,1,1
1.0,7,0,5,0.000576819291263351,2.8711816475120706,1,1
1.0,7,0,6,0.0011695732672038623,1.4630175582458649,1,1
1.0,7,0,7,0.0007483247274733111,2.0753820652978163,1,1
1.0,7,0,8,0.0011695732685489105,1.565910603547236,1,1
1.0,7,0,9,0.0011695732670142583,1.418736693719474,1,1
1.0,7,1,0,0.0004465960624979422,2.5751587672304215,1,1
1.0,7,1,1,0.000761587432622885,3.024536609550281,1,1
1.0,7,1,2,0.0013691439405347226,1.7300557464756912,1,1
1.0,7,1,3,0.0013691440157390046,1.2464958660380028,1,1
1.0,7,1,4,0.0013691439403728228,1.2474490082265395,1,1
1.0,7,1,5,0.00105905333890729,2.3285279967268155,1,1
1.0,7,1,6,0.0004465960392215428,2.4181918680287633,1,1
1.0,7,1,7,0.0010590535938549367,1.693752844347811,1,1
1.0,7,1,8,0.0013691439362512451,1.5967762809202857,1,1
1.0,7,1,9,0.0010590537267035568,1.6506533876821234,1,1
1.0,7,2,0,0.0005697886367425747,2.8131490974700957,1,1
1.0,7,2,1,0.0007159526393672687,1.996740462376265,1,1
1.0,7,2,2,0.0007159526659501526,2.019754904859431,1,1
1.0,7,2,3,0.0010748605980026376,1.206998021756631,1,1
1.0,7,2,4,0.0006041798389865233,2.3216980027248395,1,1
1.0,7,2,5,0.0003639343199232928,1.8463292141621765,1,1
1.0,7,2,6,0.00080664024890254,2.806459743103795,1,1
1.0,7,2,7,0.00036393432003209317,1.6725427381471671,1,1
1.0,7,2,8,0.0006094347805151666,2.754291878969286,1,1
1.0,7,2,9,0.00036393431904262695,1.8930788693555107,1,1
1.0,8,0,0,0.0006696103523136064,2.2688817099131837,1,1
1.0,8,0,1,0.0005383755222504655,2.844174844907936,1,1
1.0,8,0,2,0.0005412954676496985,3.2802848970109295,1,1
1.0,8,0,3,0.0006696082609271297,3.245897687149769,1,1
1.0,8,0,4,0.00033982720646193567,1.8205262838207479,1,1
1.0,8,0,5,0.0010282524201066276,1.5409737956327791,1,1
1.0,8,0,6,0.00046110926560367894,3.49734962831437,1,1
1.0,8,0,7,0.0006696105952815146,3.2391937765218497,1,1
1.0,8,0,8,0.00016715928869522683,3.1309057496609354,1,1
1.0,8,0,9,0.00033982720633993506,1.9323786137452983,1,1
1.0,8,1,0,0.000540536156115623,3.3421492763449265,1,1
1.0,8,1,1,0.0009859024976683266,1.625512423819562,1,1
1.0,8,1,2,0.0005041874085770236,3.0191269965521736,1,1
1.0,8,1,3,0.0009859024978025432,1.5567806460905693,1,1
1.0,8,1,4,0.00033672956549431193,2.3061349810094347,1,1
1.0,8,1,5,0.0006724015130710234,2.698027773189173,1,1
1.0,8,1,6,0.00017294321704744894,3.0330176135913054,1,1
1.0,8,1,7,0.0003367295524313017,2.2667250649855166,1,1
1.0,8,1,8,0.0009859025382692322,1.6270490992989612,1,1
1.0,8,1,9,0.0011063730170063366,1.6950147264153996,1,1
1.0,8,2,0,0.0006943709003725432,2.889109700507185,1,1
1.0,8,2,1,0.00031555096181630065,1.8495973730701543,1,1
1.0,8,2,2,0.000694370875868497,2.5279864732232262,1,1
1.0,8,2,3,0.0008904812181257926,1.5272077214598991,1,1
1.0,8,2,4,0.0009076723735244983,2.028547054374942,1,1
1.0,8,2,5,0.0009077021480310343,1.8801074143873646,1,1
1.0,8,2,6,0.0003322552451954068,1.7494196079697881,1,1
1.0,8,2,7,0.0006943708244941513,2.555574158622897,1,1
1.0,8,2,8,0.0006943709069866196,2.1911279277420843,1,1
1.0,8,2,9,0.00031555096181630065,1.8484351438384834,1,1
1.0,9,0,0,0.0011999655252309714,1.60799300366265,1,1
1.0,9,0,1,0.00033267298454028177,2.163556606706616,1,1
1.0,9,0,2,0.0010665836496891474,1.6852796133114294,1,1
1.0,9,0,3,0.00030262546625817736,2.5560918664749286,1,1
1.0,9,0,4,0.0009185877771067838,2.9804947850513495,1,1
1.0,9,0,5,0.0009185882038836584,2.9559930937125762,1,1
1.0,9,0,6,0.0011753353134782206,1.6712884167388884,1,1
1.0,9,0,7,0.000302625467707343,2.5759107299331583,1,1
1.0,9,0,8,0.0011753353140145203,1.6415284895305593,1,1
1.0,9,0,9,0.0007227055834221897,2.648101967686165,1,1
1.0,9,1,0,0.0011004166724375704,1.7791728638793995,1,1
1.0,9,1,1,0.001089072338912901,1.7668473318036615,1,1
1.0,9,1,2,0.0010890723391268522,1.7390280242065261,1,1
1.0,9,1,3,0.001103285954864736,1.9117527302099826,1,1
1.0,9,1,4,0.0003361627109749433,1.953613990111886,1,1
1.0,9,1,5,0.0010385597626229688,2.006249555638639,1,1
1.0,9,1,6,0.0010385597897530536,2.196235851603508,1,1
1.0,9,1,7,0.0011004166961467894,1.8150313104464504,1,1
1.0,9,1,8,0.0010890723380480335,1.8150155434714672,1,1
1.0,9,1,9,0.0011032858148448909,1.8473270190481463,1,1
1.0,9,2,0,0.00027750426360176095,2.501398751329355,1,1
1.0,9,2,1,0.0011988178461121326,1.8464834953429203,1,1
1.0,9,2,2,0.0011476513391428154,1.6845997112660878,1,1
1.0,9,2,3,0.0011476513468803313,1.6716984003895319,1,1
1.0,9,2,4,0.00027750429645045764,2.3561074129094535,1,1
1.0,9,2,5,0.0011988178460850697,1.6490704071374591,1,1
1.0,9,2,6,0.0012163995738624425,1.6635746751127611,1,1
1.0,9,2,7,0.000340626345418636,2.0953279521455292,1,1
1.0,9,2,8,0.000833037135863168,2.3041871322625194,1,1
1.0,9,2,9,0.0012163995296280588,1.6875766458751642,1,1
1.0,10,0,0,0.00025391017582283414,2.139123799308133,1,1
1.0,10,0,1,0.000844488907173025,2.768990931214927,1,1
1.0,10,0,2,0.0008444889690603934,2.7388478187649024,1,1
1.0,10,0,3,0.0008285172241205582,2.0945933053130155,1,1
1.0,10,0,4,0.0008444890025365867,2.6566790847612616,1,1
1.0,10,0,5,0.000726162024987919,2.3459429470183144,1,1
1.0,10,0,6,0.000828548354880137,2.080034863406813,1,1
1.0,10,0,7,0.0009197215303709433,2.1102405347740985,1,1
1.0,10,0,8,0.00028501178633557705,1.8964144140365709,1,1
1.0,10,0,9,0.0002850117898808472,2.1463055020386683,1,1
1.0,10,1,0,0.0003601048154853903,2.7274908124286927,1,1
1.0,10,1,1,0.0003601048349634632,2.2082425969331356,1,1
1.0,10,1,2,0.00036010488066249067,2.0158007929853823,1,1
1.0,10,1,3,0.0007963057931628676,2.252708986853663,1,1
1.0,10,1,4,0.00027642826221585927,2.320244024116027,1,1
1.0,10,1,5,0.0014020325722201568,1.2784225927959085,1,1
1.0,10,1,6,0.0002764282621443947,2.0963265965547384,1,1
1.0,10,1,7,0.00024223954231259449,1.8139752168242491,1,1
1.0,10,1,8,0.00027642830843696884,2.289091780397583,1,1
1.0,10,1,9,0.0003601048144258928,1.9350001669083943,1,1
1.0,10,2,0,0.0008007231983992749,2.1651416116818796,1,1
1.0,10,2,1,0.0008005128684075867,2.400426927153601,1,1
1.0,10,2,2,0.001088737192617367,1.6431989642417302,1,1
1.0,10,2,3,0.0010692020875788198,2.141178378665146,1,1
1.0,10,2,4,0.0002433430933148817,2.1485446822586485,1,1
1.0,10,2,5,0.0008532665618132666,2.0677661868266672,1,1
1.0,10,2,6,0.00080051198894135,2.726317123657277,1,1
1.0,10,2,7,0.0007355263314470304,2.2696343027928485,1,1
1.0,10,2,8,0.0008005104836013465,2.76253596062032,1,1
1.0,10,2,9,0.0009085288483499452,2.074365600236013,1,1
1.0,11,0,0,0.001166943733852395,1.7061307466001878,1,1
1.0,11,0,1,0.0011669437331618161,1.5159920551514672,1,1
1.0,11,0,2,0.00021385373154503837,2.69552849987017,1,1
1.0,11,0,3,0.0007373015390527822,2.077413302818066,1,1
1.0,11,0,4,0.0012473291735135346,1.5342649977221245,1,1
1.0,11,0,5,0.0007138028418472676,2.461560164287178,1,1
1.0,11,0,6,0.0007373014493676912,2.2071388408202797,1,1
1.0,11,0,7,0.0011669455615879259,1.515966423728179,1,1
1.0,11,0,8,0.0007138026118644106,2.45820782656902,1,1
1.0,11,0,9,0.0007138027061554992,2.4426415799107972,1,1
1.0,11,1,0,0.0003588339141540891,3.0822230928173915,1,1
1.0,11,1,1,0.0011109567601240114,1.6146164634647175,1,1
1.0,11,1,2,0.0011015212796254856,1.6883952260906638,1,1
1.0,11,1,3,0.00035883380646895105,2.2619219530163197,1,1
1.0,11,1,4,0.0008777099377734105,1.7747029293290133,1,1
1.0,11,1,5,0.0007290867444812653,3.1471348466620483,1,1
1.0,11,1,6,0.0007726200237504351,2.395957133284087,1,1
1.0,11,1,7,0.0012033815584657046,1.6049967361874002,1,1
1.0,11,1,8,0.0003588339055071423,2.272818003677252,1,1
1.0,11,1,9,0.0007247222925991129,2.128031834157431,1,1
1.0,11,2,0,0.0003664792341777455,2.153571772559503,1,1
1.0,11,2,1,0.0007272901651922122,2.1536573422955483,1,1
1.0,11,2,2,0.0009862120293505977,1.676211455976439,1,1
1.0,11,2,3,0.0002719705398527288,1.964652055976512,1,1
1.0,11,2,4,0.00027197053992222803,1.9862577849960186,1,1
1.0,11,2,5,0.0011163051234400047,1.7606774522124897,1,1
1.0,11,2,6,0.0003663015701061684,1.8901818274532582,1,1
1.0,11,2,7,0.00031151919124434687,1.9086097304308685,1,1
1.0,11,2,8,0.0003078457933342164,2.302918883796237,1,1
1.0,11,2,9,0.0003115192012463109,1.993908707753928,1,1
1.0,12,0,0,0.00033477291478887773,1.7311654369328497,1,1
1.0,12,0,1,0.0003532854187718645,1.8429911902363478,1,1
1.0,12,0,2,0.0006396277795641763,2.7683904735443066,1,1
1.0,12,0,3,0.0006453577229113764,2.5310689148643815,1,1
1.0,12,0,4,0.0007548877463504513,2.15960493669929,1,1
1.0,12,0,5,0.0006408908069806406,2.9271055294456705,1,1
1.0,12,0,6,0.00035328545782887735,1.8962185802437648,1,1
1.0,12,0,7,0.0006408876855231548,3.0135052670019253,1,1
1.0,12,0,8,0.0007968632250286426,1.724720531351882,1,1
1.0,12,0,9,0.0008872560975003032,2.329155800519153,1,1
1.0,12,1,0,0.00079451991781201,2.269259937002568,1,1
1.0,12,1,1,0.0007574289311428699,2.342048646377334,1,1
1.0,12,1,2,0.0007574288694765735,2.150637039914654,1,1
1.0,12,1,3,0.0006768195280847629,2.8544656218192155,1,1
1.0,12,1,4,0.00031366273831051736,1.904842487951555,1,1
1.0,12,1,5,0.0003079998144654023,1.918440051501558,1,1
1.0,12,1,6,0.0010002753060104686,1.890177767875307,1,1
1.0,12,1,7,0.0003079998083819677,2.145449304852112,1,1
1.0,12,1,8,0.0010002752852496415,1.8649386396121614,1,1
1.0,12,1,9,0.0007945199175651352,2.5188379984083853,1,1
1.0,12,2,0,0.0009217908166669803,2.0262999617898103,1,1
1.0,12,2,1,0.0008104972942275325,2.029538666812646,1,1
1.0,12,2,2,0.0006829517240481129,3.1349065697688054,1,1
1.0,12,2,3,0.0007961269259915768,2.0955709341582596,1,1
1.0,12,2,4,0.0006829499936318326,3.124095973173748,1,1
1.0,12,2,5,0.0007249308503276404,2.4315094282184226,1,1
1.0,12,2,6,0.0009217852209062299,1.9750027888486925,1,1
1.0,12,2,7,0.0008285008914855329,2.0388908297765416,1,1
1.0,12,2,8,0.0006794919103521952,2.341659193941185,1,1
1.0,12,2,9,0.0006829433332439208,3.168098153703567,1,1
1.0,13,0,0,0.0006167027539168712,3.30825201576927,1,1
1.0,13,0,1,0.0007446024685363441,2.5911236402984326,1,1
1.0,13,0,2,0.0003036456560414167,2.004823223685446,1,1
1.0,13,0,3,0.0009347395195581304,1.8840646750726937,1,1
1.0,13,0,4,0.0006167008828454638,3.2619315921915684,1,1
1.0,13,0,5,0.0006751326140699746,2.5645334489278615,1,1
1.0,13,0,6,0.00030364565378758555,2.5249692499700367,1,1
1.0,13,0,7,0.0006947862913052333,2.639154927150255,1,1
1.0,13,0,8,0.0006947888189803668,2.593645537844132,1,1
1.0,13,0,9,0.0011953775411803294,1.6434471473893129,1,1
1.0,13,1,0,0.0007725454064872106,2.2892879253844773,1,1
1.0,13,1,1,0.0007725447085401137,2.635219722962606,1,1
1.0,13,1,2,0.0010629102891791763,1.8026193239637975,1,1
1.0,13,1,3,0.0008413819296781372,2.020098883413518,1,1
1.0,13,1,4,0.0010629102891733782,1.7690855633648181,1,1
1.0,13,1,5,0.0009185256483389202,1.8283815255040006,1,1
1.0,13,1,6,0.0007677015472408652,2.2438057343349556,1,1
1.0,13,1,7,0.0010629102892777144,1.784471860659293,1,1
1.0,13,1,8,0.001062910289341466,1.829115940475211,1,1
1.0,13,1,9,0.0007677037210323171,2.301726482676278,1,1
1.0,13,2,0,0.00018663219151765796,3.1537484650008802,1,1
1.0,13,2,1,0.001344916617583292,1.9953387050811338,1,1
1.0,13,2,2,0.0013449166178963595,1.4695876002129564,1,1
1.0,13,2,3,0.00022482508689138073,2.7683236607704353,1,1
1.0,13,2,4,0.0014604292297991802,1.7106682175606376,1,1
1.0,13,2,5,0.0013449166175462674,2.00057895963116,1,1
1.0,13,2,6,0.0013449166178008676,1.6182454774583743,1,1
1.0,13,2,7,0.0002248250869984564,3.3522941884377486,1,1
1.0,13,2,8,0.0006034372121039299,2.9508785700702616,1,1
1.0,13,2,9,0.000730323186663439,2.690024331504895,1,1
1.0,14,0,0,0.0012002278187480478,2.1960626708465716,1,1
1.0,14,0,1,0.0006280302349179692,2.9158407458924374,1,1
1.0,14,0,2,0.0003257996053002247,1.814596370699455,1,1
1.0,14,0,3,0.0007694145661252046,2.727549049655052,1,1
1.0,14,0,4,0.0003212968903501866,2.5231339174235976,1,1
1.0,14,0,5,0.0013277288273942122,1.3423319842751447,1,1
1.0,14,0,6,0.0012335654696040222,1.3523629153644279,1,1
1.0,14,0,7,0.0005237538959722914,2.9489925104308172,1,1
1.0,14,0,8,0.0013277288279988015,1.351224799916114,1,1
1.0,14,0,9,0.0007694241206220144,2.754602759096027,1,1
1.0,14,1,0,0.001197517340726011,1.2937073928475655,1,1
1.0,14,1,1,0.0009020527800725378,2.338684305598798,1,1
1.0,14,1,2,0.0009020527894590448,2.2890466918653862,1,1
1.0,14,1,3,0.0007813656034623328,2.0079335979794886,1,1
1.0,14,1,4,0.0011822488591619268,1.5113983801877464,1,1
1.0,14,1,5,0.0006814366047372329,2.585173786235718,1,1
1.0,14,1,6,0.0008993241761809731,1.6116207135951448,1,1
1.0,14,1,7,0.00030778041878023993,2.4884602408697347,1,1
1.0,14,1,8,0.000982831985411594,1.6393177077164895,1,1
1.0,14,1,9,0.0009828322164365682,1.6052874975928357,1,1
1.0,14,2,0,0.0010745016179642569,1.6622560561937338,1,1
1.0,14,2,1,0.0010386144365685675,1.5831375992337342,1,1
1.0,14,2,2,0.0003429484359270572,2.189805819749775,1,1
1.0,14,2,3,0.00034294839651619925,1.9990081112369933,1,1
1.0,14,2,4,0.0014209063850549473,1.1652044168492826,1,1
1.0,14,2,5,0.0010745023277173738,1.7119536269375342,1,1
1.0,14,2,6,0.0010386144366104336,1.4932328564021773,1,1
1.0,14,2,7,0.0003437569547328514,1.7571997253269023,1,1
1.0,14,2,8,0.00018790914110981352,2.8636905738319363,1,1
1.0,14,2,9,0.0006471214529204629,2.6221792794582828,1,1
1.0,15,0,0,0.0007640805611560894,2.483401783211158,1,1
1.0,15,0,1,0.0015215164575714186,1.9684247776047725,1,1
1.0,15,0,2,0.0007640804924836319,2.3965350281140965,1,1
1.0,15,0,3,0.0007640804564686629,2.141902635919318,1,1
1.0,15,0,4,0.0015215559861941992,2.073495906293756,1,1
1.0,15,0,5,0.00152155598545325,1.3723290405534714,1,1
1.0,15,0,6,0.0007640804934361116,2.1573323572348344,1,1
1.0,15,0,7,0.0011492167021547538,1.718720522831218,1,1
1.0,15,0,8,0.0007640804933727861,2.284884408856479,1,1
1.0,15,0,9,0.0007640804241264076,2.4832163801210236,1,1
1.0,15,1,0,0.001235093235279277,2.116169336146095,1,1
1.0,15,1,1,0.0010304828799598419,1.6215036508590555,1,1
1.0,15,1,2,0.001060821919198217,1.5119391285091537,1,1
1.0,15,1,3,0.0003119737243737949,1.7374487374905563,1,1
1.0,15,1,4,0.0011592175136189058,1.8718293570961246,1,1
1.0,15,1,5,0.0005880227920761063,2.937828987408898,1,1
1.0,15,1,6,0.0005666359178811837,2.7679737978880286,1,1
1.0,15,1,7,0.000838363379936786,2.5020759360453937,1,1
1.0,15,1,8,0.0003119737243368879,1.741335800300059,1,1
1.0,15,1,9,0.00123509819023259,1.6077488441903713,1,1
1.0,15,2,0,0.001229624133987502,1.4171094095555292,1,1
1.0,15,2,1,0.0012176561485851883,1.3883055893224483,1,1
1.0,15,2,2,0.0012176607228400506,1.5235948335441927,1,1
1.0,15,2,3,0.0002723053876444176,1.8579719613474277,1,1
1.0,15,2,4,0.0012176560234646383,1.3991339848687883,1,1
1.0,15,2,5,0.0008961789054708458,1.7279410988837625,1,1
1.0,15,2,6,0.0008961789107864883,1.8067851096196308,1,1
1.0,15,2,7,0.0011814075453159853,1.304956782043152,1,1
1.0,15,2,8,0.0007765956181760412,2.360585969656473,1,1
1.0,15,2,9,0.0012176607265832887,1.4443126018959835,1,1
1.0,16,0,0,0.0011187072223495754,1.6992751981401606,1,1
1.0,16,0,1,0.00044772064959600674,3.673805209258941,1,1
1.0,16,0,2,0.00043681615596366985,3.4411878436875805,1,1
1.0,16,0,3,0.0007372169038076339,2.2448931086450017,1,1
1.0,16,0,4,0.00043718774380228887,3.6698085534312916,1,1
1.0,16,0,5,0.0007372168974189004,2.324305096483136,1,1
1.0,16,0,6,0.00026992066830955845,2.878409097097681,1,1
1.0,16,0,7,0.0002699206698372024,2.935705110485088,1,1
1.0,16,0,8,0.00037256222713709565,3.9978855736379617,1,1
1.0,16,0,9,0.00026992067001143754,3.201116268883846,1,1
1.0,16,1,0,0.0012232369102746904,1.7944839849828764,1,1
1.0,16,1,1,0.000404449626123887,3.808705308063238,1,1
1.0,16,1,2,0.0004073889134991431,3.5509034785743125,1,1
1.0,16,1,3,0.0004047210385393055,3.7693014152659536,1,1
1.0,16,1,4,0.0008058590827907317,3.050719405184414,1,1
1.0,16,1,5,0.00037027358291100436,4.238853676947251,1,1
1.0,16,1,6,0.0008058590824808809,3.202075657809093,1,1
1.0,16,1,7,0.001223236914062121,1.7709645602513795,1,1
1.0,16,1,8,0.0004227048793840124,4.180078219060893,1,1
1.0,16,1,9,0.0013801044713932149,1.3089742064006247,1,1
1.0,16,2,0,0.0003888823078129302,1.6970768180003901,1,1
1.0,16,2,1,0.0005812628251833287,2.61121568909719,1,1
1.0,16,2,2,0.0010056921671480652,1.8724107645171215,1,1
1.0,16,2,3,0.000844912937556928,2.146332911078518,1,1
1.0,16,2,4,0.00036965704077275384,4.142671560448821,1,1
1.0,16,2,5,0.0002472538915007743,2.111245576281169,1,1
1.0,16,2,6,0.00038888230788232636,1.736471631110088,1,1
1.0,16,2,7,0.0004491201233852082,3.859571530250959,1,1
1.0,16,2,8,0.0006306307809186247,3.2565055164548165,1,1
1.0,16,2,9,0.0008722822509746351,1.9670096656656728,1,1
1.0,17,0,0,0.0010236601017057543,1.8593659957340418,1,1
1.0,17,0,1,0.0019361233902990766,0.7051363518646099,1,1
1.0,17,0,2,0.0007556272691318044,2.3107896212164762,1,1
1.0,17,0,3,0.0010236601351633525,1.9565502104241201,1,1
1.0,17,0,4,0.0011743413050212851,1.5985154386313452,1,1
1.0,17,0,5,0.0010236600342794604,2.0345752857965844,1,1
1.0,17,0,6,0.0005407592513998643,2.976163089507285,1,1
1.0,17,0,7,0.0019361233900548032,1.003981934886087,1,1
1.0,17,0,8,0.0007772222144960583,2.06346858028569,1,1
1.0,17,0,9,0.0013544115795405456,1.4606291607077273,1,1
1.0,17,1,0,0.0007486885239865436,2.197208730432153,1,1
1.0,17,1,1,0.0005518714724862946,2.3233259780973006,1,1
1.0,17,1,2,0.0010486630335483234,1.8335039632219976,1,1
1.0,17,1,3,0.0009082288469269736,1.8319716000696558,1,1
1.0,17,1,4,0.0011057699915758442,1.6560693998363802,1,1
1.0,17,1,5,0.0010206054425373615,1.6977250095317957,1,1
1.0,17,1,6,0.0011057699917004927,1.6106702242194646,1,1
1.0,17,1,7,0.0009082288536263394,1.5780362835733377,1,1
1.0,17,1,8,0.0006223358010912257,2.683074719811409,1,1
1.0,17,1,9,0.0007350837669871792,2.094784927340625,1,1
1.0,17,2,0,0.0013738630217760945,1.3165155251143323,1,1
1.0,17,2,1,0.0006317728798489159,2.39778169534426,1,1
1.0,17,2,2,0.000477850263579389,3.133897777203609,1,1
1.0,17,2,3,0.00047784911205557296,3.1140601714866216,1,1
1.0,17,2,4,0.0008841000833025713,1.9535064101476924,1,1
1.0,17,2,5,0.001068253413269448,1.5589889636834893,1,1
1.0,17,2,6,0.001242323637177046,1.3494926655221282,1,1
1.0,17,2,7,0.0005411491738050893,3.0128705149874815,1,1
1.0,17,2,8,0.00029625681461356096,2.1693281586377107,1,1
1.0,17,2,9,0.0012423237649562342,1.4205734508601475,1,1
1.0,18,0,0,0.0015766884720458299,1.1618028639401552,1,1
1.0,18,0,1,0.0012664583361654876,1.5195018188906884,1,1
1.0,18,0,2,0.0006895182049187765,3.4933074399409256,1,1
1.0,18,0,3,0.0019240904946508457,1.0555125533073557,1,1
1.0,18,0,4,0.0012664583950151762,2.3223444252597862,1,1
1.0,18,0,5,0.0007110263524766833,2.099193631787062,1,1
1.0,18,0,6,0.0007110389194485898,2.2341139822862255,1,1
1.0,18,0,7,0.00119409356004032,1.8923296480640297,1,1
1.0,18,0,8,0.0016649149328960204,1.3599076855181076,1,1
1.0,18,0,9,0.0008733279404966299,2.093119658079611,1,1
1.0,18,1,0,0.0006259854560435618,2.459557923733299,1,1
1.0,18,1,1,0.000842418093150348,2.9925884352015704,1,1
1.0,18,1,2,0.0006682017209320093,2.445318696672502,1,1
1.0,18,1,3,0.000668202748164613,2.3831506425466578,1,1
1.0,18,1,4,0.0008424189086133774,2.393750353430261,1,1
1.0,18,1,5,0.0009321098576061977,2.252376017671632,1,1
1.0,18,1,6,0.001328787744782788,1.2368255854866206,1,1
1.0,18,1,7,0.001328781868058116,1.2782468493867611,1,1
1.0,18,1,8,0.0006682116096181593,2.850950593656112,1,1
1.0,18,1,9,0.0009321100064583042,2.218023723132871,1,1
1.0,18,2,0,0.0014359637472965512,1.5326421366708782,1,1
1.0,18,2,1,0.00048520200361176584,3.9327814582323,1,1
1.0,18,2,2,0.00048518849324239366,4.118492844070554,1,1
1.0,18,2,3,0.0007267190369960243,3.5790223171119386,1,1
1.0,18,2,4,0.0007011136612783222,2.6863363326607503,1,1
1.0,18,2,5,0.001435963947470057,2.1552281379319136,1,1
1.0,18,2,6,0.0002980698244187541,2.1256800327376353,1,1
1.0,18,2,7,0.000701113664487172,3.607745606647407,1,1
1.0,18,2,8,0.00048518741958121926,4.149940562489504,1,1
1.0,18,2,9,0.0014359640781482625,1.792798348702749,1,1
1.0,19,0,0,0.0006467542396282014,2.8112946514186516,1,1
1.0,19,0,1,0.00034346706818797043,1.6519092012665961,1,1
1.0,19,0,2,0.00028697980446377254,2.0517290691443035,1,1
1.0,19,0,3,0.0006467561756475492,2.85160668170666,1,1
1.0,19,0,4,0.0007751473015686029,2.1476137783603284,1,1
1.0,19,0,5,0.0006467553591652917,2.829969261182688,1,1
1.0,19,0,6,0.00034346706815188466,1.6271881644135284,1,1
1.0,19,0,7,0.0008160869170232111,2.0668409528902294,1,1
1.0,19,0,8,0.0014349173826448502,1.46146907869503,1,1
1.0,19,0,9,0.0008160854317142519,2.0476074980314745,1,1
1.0,19,1,0,0.0010607161074846054,1.7654779620436738,1,1
1.0,19,1,1,0.0006283210185984828,2.7452592155365716,1,1
1.0,19,1,2,0.0008467141906102875,2.268018139084145,1,1
1.0,19,1,3,0.0008456462186088888,1.5998918823490054,1,1
1.0,19,1,4,0.0010607159677928511,1.740459449802775,1,1
1.0,19,1,5,0.0006283210827414655,2.8083452929297477,1,1
1.0,19,1,6,0.0006283197219522333,2.776010974363964,1,1
1.0,19,1,7,0.0006283196608845105,2.7639332503673124,1,1
1.0,19,1,8,0.0006283196515206714,2.7910729112817143,1,1
1.0,19,1,9,0.0010607160866149114,1.9286525320865702,1,1
1.0,19,2,0,0.0012251381662242245,1.6479374649111533,1,1
1.0,19,2,1,0.0008963122574790243,1.7897465923728761,1,1
1.0,19,2,2,0.0008803937380656068,2.1574252821197804,1,1
1.0,19,2,3,0.0006188834615453241,2.8196574259231886,1,1
1.0,19,2,4,0.0008803937465074224,2.197691559496249,1,1
1.0,19,2,5,0.0007418350995668178,2.450255581227311,1,1
1.0,19,2,6,0.0007595272889001038,2.3601164137627735,1,1
1.0,19,2,7,0.0007595281631315715,2.3572178409129427,1,1
1.0,19,2,8,0.0007418368932723731,2.401119288968926,1,1
1.0,19,2,9,0.0012251375208807004,1.6810193586934883,1,1
1.0,20,0,0,0.0006522631211923948,2.4198591008179413,1,1
1.0,20,0,1,0.0007216277840260019,2.3125059709377793,1,1
1.0,20,0,2,0.0005936247446692123,2.6189804661075633,1,1
1.0,20,0,3,0.0006522631178733592,2.3997110084248248,1,1
1.0,20,0,4,0.0007216277850788391,2.6349232425149816,1,1
1.0,20,0,5,0.0005126752491442481,2.526122188341761,1,1
1.0,20,0,6,0.00030572620376945924,2.1184927314580233,1,1
1.0,20,0,7,0.0005349784373272549,2.215485186148206,1,1
1.0,20,0,8,0.0006988640691016257,2.0201520759785248,1,1
1.0,20,0,9,0.00030572620388891555,2.1166527118389036,1,1
1.0,20,1,0,0.000694473752271841,2.4046004598747435,1,1
1.0,20,1,1,0.0005578595220930815,2.8378973237866205,1,1
1.0,20,1,2,0.0003187943046659062,1.9047441782682302,1,1
1.0,20,1,3,0.0007068196975262827,2.705969641352663,1,1
1.0,20,1,4,0.0008653488522745272,1.7403073372328104,1,1
1.0,20,1,5,0.0003187943047142382,2.3819504680889887,1,1
1.0,20,1,6,0.0015988654907121145,1.0347816076312484,1,1
1.0,20,1,7,0.0003187943047463845,1.906203766629199,1,1
1.0,20,1,8,0.0007068196975871672,2.753980674420457,1,1
1.0,20,1,9,0.0008653488520873043,1.6831564735830886,1,1
1.0,20,2,0,0.0009255717728544805,0.8953865958544274,1,1
1.0,20,2,1,0.0008495723465269946,1.6720297641631927,1,1
1.0,20,2,2,0.0009255710224315367,1.1874569100468109,1,1
1.0,20,2,3,0.0009255710524060203,0.6757050975429924,1,1
1.0,20,2,4,0.0005111861317639486,3.0886665428138382,1,1
1.0,20,2,5,0.0003070221768130947,1.976556982989292,1,1
1.0,20,2,6,0.0003070221768845236,2.537940643988337,1,1
1.0,20,2,7,0.0009255717704457016,1.0117945402921502,1,1
1.0,20,2,8,0.002225362798366882,0.7819239802405616,1,1
1.0,20,2,9,0.0005901561746706745,1.6698595503043903,1,1
1.0,21,0,0,0.0002761156780793442,2.9025417524011563,1,1
1.0,21,0,1,0.0008439267486440177,2.8438064274743784,1,1
1.0,21,0,2,0.0010522981796173168,1.6649295282734868,1,1
1.0,21,0,3,0.00018622568428085291,3.0321477304740734,1,1
1.0,21,0,4,0.0002761156784902569,2.957772723084538,1,1
1.0,21,0,5,0.00019577045493686794,3.31581001601779,1,1
1.0,21,0,6,0.000843926753502878,1.9355326493784064,1,1
1.0,21,0,7,0.00021467404334227352,3.454227800828074,1,1
1.0,21,0,8,0.0008877005236394403,1.5539759457908364,1,1
1.0,21,0,9,0.0002761156817094258,2.208232251702241,1,1
1.0,21,1,0,0.0011930908526571946,1.6791070800449752,1,1
1.0,21,1,1,0.0013877252541564353,1.3267159539187963,1,1
1.0,21,1,2,0.0009590367244490226,2.732006898290038,1,1
1.0,21,1,3,0.0009590367443411654,2.06399352686784,1,1
1.0,21,1,4,0.0013877247051713925,1.4564903291559947,1,1
1.0,21,1,5,0.0002080156787784776,2.7526997793211128,1,1
1.0,21,1,6,0.0009590367440813571,2.3286086995323627,1,1
1.0,21,1,7,0.0013877247051221062,1.350517288148402,1,1
1.0,21,1,8,0.0009590367243326823,1.8172904270578234,1,1
1.0,21,1,9,0.0007297232604150514,2.7525306681878865,1,1
1.0,21,2,0,0.0010554221057079162,1.8928661711398718,1,1
1.0,21,2,1,0.000506188237407904,4.041000178609813,1,1
1.0,21,2,2,0.0006719671924838987,3.553585306548053,1,1
1.0,21,2,3,0.00020537051998653435,2.7912540607956733,1,1
1.0,21,2,4,0.001930199717476736,1.0538030776727452,1,1
1.0,21,2,5,0.0010554214095851234,2.632572210241572,1,1
1.0,21,2,6,0.0006719594170621667,2.372428392435467,1,1
1.0,21,2,7,0.0010554220553280664,2.4855766805026276,1,1
1.0,21,2,8,0.00193020250290075,1.1442690330567578,1,1
1.0,21,2,9,0.0016534322863929567,1.1955278511290173,1,1
1.0,22,0,0,0.001571737378516147,1.2609612290027117,1,1
1.0,22,0,1,0.0005572360877945484,2.875967143130444,1,1
1.0,22,0,2,0.0007607634094953339,2.491755842829745,1,1
1.0,22,0,3,0.000557236485168755,3.002881202736606,1,1
1.0,22,0,4,0.001571736953813101,1.2493914988838792,1,1
1.0,22,0,5,0.00021081232224718982,3.049664256313218,1,1
1.0,22,0,6,0.0005572303491780912,2.662037973842928,1,1
1.0,22,0,7,0.0014123026651432723,1.3020580635743457,1,1
1.0,22,0,8,0.00031131975518107886,2.097974960904144,1,1
1.0,22,0,9,0.001171198754809599,1.7718243157436637,1,1
1.0,22,1,0,0.0012914798718574472,1.904155197580042,1,1
1.0,22,1,1,0.0012750843896336646,1.6531799703882644,1,1
1.0,22,1,2,0.0012750843922664495,1.4275230730810928,1,1
1.0,22,1,3,0.00021484763840698445,2.9801178002086406,1,1
1.0,22,1,4,0.00021484674922770636,2.9500102521420857,1,1
1.0,22,1,5,0.0007284907362505915,2.537315688964266,1,1
1.0,22,1,6,0.0005941464504213351,2.7111282780484407,1,1
1.0,22,1,7,0.0007726818037935576,2.4397645596079913,1,1
1.0,22,1,8,0.001291479118655229,1.5270033789657211,1,1
1.0,22,1,9,0.0012527128106110043,1.44482410631509,1,1
1.0,22,2,0,0.0011348451341268418,2.131492840906979,1,1
1.0,22,2,1,0.000725616204864526,2.5478492672190316,1,1
1.0,22,2,2,0.0007750275989280451,2.0937872017947448,1,1
1.0,22,2,3,0.0011997725613457802,1.9179154413913804,1,1
1.0,22,2,4,0.0007750228166027439,2.63023800107772,1,1
1.0,22,2,5,0.0007612998579210635,2.519537154734794,1,1
1.0,22,2,6,0.0007256157943406666,2.549588600446074,1,1
1.0,22,2,7,0.0007750275970060905,2.5440723131602963,1,1
1.0,22,2,8,0.0007256066671649884,2.563306882942616,1,1
1.0,22,2,9,0.0012142668997246948,1.5805431320011227,1,1
1.0,23,0,0,0.0003686098210293717,1.9580268140098638,1,1
1.0,23,0,1,0.0007592098296657193,2.2684461961679214,1,1
1.0,23,0,2,0.00020453738808909368,2.5838756884693144,1,1
1.0,23,0,3,0.0006477532366135191,2.778035558853095,1,1
1.0,23,0,4,0.0005801352896105111,3.0264571074382514,1,1
1.0,23,0,5,0.0006477268543943649,2.8288287382628283,1,1
1.0,23,0,6,0.0007927462467941414,1.9762353329437592,1,1
1.0,23,0,7,0.0003686099508224519,1.8689526702926438,1,1
1.0,23,0,8,0.0007592098677931152,2.7406896732444044,1,1
1.0,23,0,9,0.000410040061745564,1.778907095739819,1,1
1.0,23,1,0,0.00037474286836026755,2.049052048307053,1,1
1.0,23,1,1,0.0007700892099141809,2.5412706229994115,1,1
1.0,23,1,2,0.00037474295246529,2.028611114095717,1,1
1.0,23,1,3,0.00033614954077277107,1.8051723198159348,1,1
1.0,23,1,4,0.0003361496248465141,1.8539104377755955,1,1
1.0,23,1,5,0.0007700887217693502,2.2787311490658007,1,1
1.0,23,1,6,0.0006458626717598358,2.8251260295820253,1,1
1.0,23,1,7,0.0006311676997948844,2.9317416592651453,1,1
1.0,23,1,8,0.00032930120874175326,2.069977815271197,1,1
1.0,23,1,9,0.0006952919104723223,2.8179141801907517,1,1
1.0,23,2,0,0.0010439760248641947,1.947898410367129,1,1
1.0,23,2,1,0.00017929433663907375,2.9631462364297323,1,1
1.0,23,2,2,0.0005357353971538201,3.2069771558800615,1,1
1.0,23,2,3,0.0005934010285783836,2.954565374131525,1,1
1.0,23,2,4,0.0008097443380238623,2.4804150140057324,1,1
1.0,23,2,5,0.0008097443674822843,2.4627920585934477,1,1
1.0,23,2,6,0.0005935123406966738,2.9495588833988484,1,1
1.0,23,2,7,0.000623781301895075,3.1476589318458412,1,1
1.0,23,2,8,0.0008011856335034067,1.9949502570816957,1,1
1.0,23,2,9,0.0003243159822961515,1.9331315806115728,1,1
1.0,24,0,0,0.0010057986155934538,1.7081218759454102,1,1
1.0,24,0,1,0.0012372524284775374,1.5463088339837159,1,1
1.0,24,0,2,0.0009290449842285455,1.9327578226999365,1,1
1.0,24,0,3,0.0006545794526590602,2.4632166541489497,1,1
1.0,24,0,4,0.0012372521056569772,1.5908948903623228,1,1
1.0,24,0,5,0.000680561772569106,2.1240503999706237,1,1
1.0,24,0,6,0.000654579528304365,2.5107864798484396,1,1
1.0,24,0,7,0.00033819673832658414,1.9062243983214349,1,1
1.0,24,0,8,0.0011714421782050934,1.850499091500634,1,1
1.0,24,0,9,0.0006150681771160387,2.6529388645020746,1,1
1.0,24,1,0,0.0005711426535538745,2.913112651524435,1,1
1.0,24,1,1,0.00021124560548218505,2.8145194850234296,1,1
1.0,24,1,2,0.0005711418702232805,2.9628455593073104,1,1
1.0,24,1,3,0.0008606859672361683,2.313184546399916,1,1
1.0,24,1,4,0.0010792550948526703,2.154021821372143,1,1
1.0,24,1,5,0.0008606870717526756,2.148292025764178,1,1
1.0,24,1,6,0.001457004948167609,1.2797531688037833,1,1
1.0,24,1,7,0.0010872084128673927,1.449192910492018,1,1
1.0,24,1,8,0.001403201641850244,1.8201221063153694,1,1
1.0,24,1,9,0.0010792552000608473,2.0877791961898686,1,1
1.0,24,2,0,0.0009442496030223454,2.5763765559158247,1,1
1.0,24,2,1,0.0009238199851663303,2.3650982635906543,1,1
1.0,24,2,2,0.0005177637351065459,3.359081147232538,1,1
1.0,24,2,3,0.000614123180364406,2.64663513989911,1,1
1.0,24,2,4,0.0005177655510911261,3.3602542811612923,1,1
1.0,24,2,5,0.001514102972310266,1.6016891072468202,1,1
1.0,24,2,6,0.0015725163273811677,1.272060677620573,1,1
1.0,24,2,7,0.0005474637358627247,3.361841466639222,1,1
1.0,24,2,8,0.0005177662998640924,3.3681581894718273,1,1
1.0,24,2,9,0.00022269155385310377,2.4271987869872085,1,1
1.0,25,0,0,0.000946831511583302,2.09173251175878,1,1
1.0,25,0,1,0.0005431132098378215,3.074549220444363,1,1
1.0,25,0,2,0.0005431120395195207,3.078233937496546,1,1
1.0,25,0,3,0.0002884608520879986,1.9319257104588126,1,1
1.0,25,0,4,0.0014353564407699937,1.3527077624261428,1,1
1.0,25,0,5,0.0005813935171919415,2.647757658517502,1,1
1.0,25,0,6,0.0008418602382116554,2.443937930383777,1,1
1.0,25,0,7,0.0014665326329674855,1.7843334574294034,1,1
1.0,25,0,8,0.0014353575141105549,1.2890368064483182,1,1
1.0,25,0,9,0.0005813985075281479,2.373041928183189,1,1
1.0,25,1,0,0.000863765756970147,1.9968465741733488,1,1
1.0,25,1,1,0.000522895537161114,2.611496280210486,1,1
1.0,25,1,2,0.001432837923091645,1.4601526435886827,1,1
1.0,25,1,3,0.0014525917821608524,1.559257172238501,1,1
1.0,25,1,4,0.0007298594418155355,2.910307319070332,1,1
1.0,25,1,5,0.0008637656836938247,1.9260483060065048,1,1
1.0,25,1,6,0.00145259178095555,1.2564864468157093,1,1
1.0,25,1,7,0.0008637657292489916,1.8532292255786853,1,1
1.0,25,1,8,0.0014525917810771845,1.5507032153784157,1,1
1.0,25,1,9,0.0003006682966404115,1.9257086150967884,1,1
1.0,25,2,0,0.0003496269991769259,1.6597166672017567,1,1
1.0,25,2,1,0.0007133779798564763,2.583105258404129,1,1
1.0,25,2,2,0.0003122021593718827,1.8509939614441113,1,1
1.0,25,2,3,0.0007496470870081509,2.24997382824636,1,1
1.0,25,2,4,0.0003122022578699608,1.792905263744994,1,1
1.0,25,2,5,0.00034962697879240354,2.4248581453825766,1,1
1.0,25,2,6,0.0003122022586855529,2.1711738077951064,1,1
1.0,25,2,7,0.000598653217293374,2.8016096788429827,1,1
1.0,25,2,8,0.000349626979353641,2.4301605906709263,1,1
1.0,25,2,9,0.0008111541746678783,1.660184871947058,1,1
1.0,26,0,0,0.00043180301208026027,1.6145124727285933,1,1
1.0,26,0,1,0.0005561642712261117,3.5870596064070477,1,1
1.0,26,0,2,0.0004373045186259132,4.050198880838648,1,1
1.0,26,0,3,0.00043180301213963476,1.6089379311108856,1,1
1.0,26,0,4,0.0007149774519910242,3.5086771428863495,1,1
1.0,26,0,5,0.0005561653723588542,4.3259934065642085,1,1
1.0,26,0,6,0.0011574118891131172,2.3152024003255263,1,1
1.0,26,0,7,0.0004318030121093645,1.665155740542683,1,1
1.0,26,0,8,0.0007149773388000504,3.1879861581282225,1,1
1.0,26,0,9,0.0011574118888603988,2.3447096396991998,1,1
1.0,26,1,0,0.000575112545381704,3.280221077227854,1,1
1.0,26,1,1,0.0006502105494284976,2.5774803247320577,1,1
1.0,26,1,2,0.0011976192330567501,2.027686443097883,1,1
1.0,26,1,3,0.00042252213255550834,4.224751573486076,1,1
1.0,26,1,4,0.0004225235898060381,4.370695283429822,1,1
1.0,26,1,5,0.001183320344482754,1.5621849569195105,1,1
1.0,26,1,6,0.0011976192328518565,1.5168276082477976,1,1
1.0,26,1,7,0.0006502107077198172,3.3816451013066295,1,1
1.0,26,1,8,0.0004027589285084736,1.7228236998527606,1,1
1.0,26,1,9,0.0006502105364647498,3.021770483098719,1,1
1.0,26,2,0,0.0010051252826066,1.6848440408521916,1,1
1.0,26,2,1,0.001005125282503147,1.6505220262373506,1,1
1.0,26,2,2,0.0006831529669074373,3.671166244275187,1,1
1.0,26,2,3,0.0010721521282126255,1.5903153193578003,1,1
1.0,26,2,4,0.00107215212713226,2.078530756763294,1,1
1.0,26,2,5,0.0005086321120154627,4.509901747420505,1,1
1.0,26,2,6,0.0005086315457681757,4.291350040090881,1,1
1.0,26,2,7,0.001005125282553581,1.5760824466849326,1,1
1.0,26,2,8,0.0010179216829312404,1.6881286582087172,1,1
1.0,26,2,9,0.0010051252820586136,1.6660501559387415,1,1
1.0,27,0,0,0.0004666664331047085,3.007490954125863,1,1
1.0,27,0,1,0.0003570785571206274,1.8417511631885293,1,1
1.0,27,0,2,0.0008180713549584444,2.220217560765048,1,1
1.0,27,0,3,0.0002115566995622973,2.9838469894197828,1,1
1.0,27,0,4,0.0009003111746484099,1.8264348168362847,1,1
1.0,27,0,5,0.0003570785497706904,1.8471400751064422,1,1
1.0,27,0,6,0.00024084854953119745,2.9224041454592733,1,1
1.0,27,0,7,0.0003085206165374421,2.097201456196001,1,1
1.0,27,0,8,0.00021155670031075796,3.1101760062047807,1,1
1.0,27,0,9,0.0002960101496657831,2.2313330296459504,1,1
1.0,27,1,0,0.0005558675601401465,2.8993226068425844,1,1
1.0,27,1,1,0.0009377403976369936,1.853321141814431,1,1
1.0,27,1,2,0.0009702529342497247,1.6755782470521723,1,1
1.0,27,1,3,0.0004937957920531058,3.7941902446133975,1,1
1.0,27,1,4,0.0005558615896702308,3.4055759595167245,1,1
1.0,27,1,5,0.0002203615344818025,2.630241981475411,1,1
1.0,27,1,6,0.0005558670910886282,3.4382686361086585,1,1
1.0,27,1,7,0.0009377403708523933,2.205181170672057,1,1
1.0,27,1,8,0.0009702529343054415,1.6883543030750972,1,1
1.0,27,1,9,0.0009377405654897822,2.5945370729947053,1,1
1.0,27,2,0,0.0008820609677270622,2.13785069158073,1,1
1.0,27,2,1,0.0005262399897794642,3.524223923064114,1,1
1.0,27,2,2,0.001277085926747271,1.6042526590560733,1,1
1.0,27,2,3,0.0007794904411408438,2.4810632510916326,1,1
1.0,27,2,4,0.0011179593703852463,1.652047831255633,1,1
1.0,27,2,5,0.0011622647435501885,1.3680931834706451,1,1
1.0,27,2,6,0.0008800019256511159,1.8431527990459784,1,1
1.0,27,2,7,0.0005262404452375593,3.6630146803976866,1,1
1.0,27,2,8,0.0005145571561174027,3.7874641400418962,1,1
1.0,27,2,9,0.0005752557913795434,3.7122656125391726,1,1
1.0,28,0,0,0.0007783147195406466,2.2539925862794474,1,1
1.0,28,0,1,0.0006670364479515886,2.390393969256616,1,1
1.0,28,0,2,0.0011184259085646796,1.8684517512066612,1,1
1.0,28,0,3,0.0010145489733918355,2.1432036694832735,1,1
1.0,28,0,4,0.0011184259085922584,1.867844744306482,1,1
1.0,28,0,5,0.0007782874190992513,2.433026410609279,1,1
1.0,28,0,6,0.0007782743825142387,2.3848884477562935,1,1
1.0,28,0,7,0.0005738340926946763,2.6033875881601065,1,1
1.0,28,0,8,0.0007782873145366974,2.4265816559886333,1,1
1.0,28,0,9,0.0010145489743796977,1.7369815345322142,1,1
1.0,28,1,0,0.0012570824349331972,1.4296877899744704,1,1
1.0,28,1,1,0.0011029881660444018,1.5547291308526203,1,1
1.0,28,1,2,0.0011029881697602797,2.0137369138207655,1,1
1.0,28,1,3,0.000765022325130027,3.10851468953186,1,1
1.0,28,1,4,0.0007905602814422152,2.1887384431265042,1,1
1.0,28,1,5,0.0011029881664957424,1.6061759621177996,1,1
1.0,28,1,6,0.0012358810911847283,1.4462478309312472,1,1
1.0,28,1,7,0.0010825393305823865,1.6052525838707403,1,1
1.0,28,1,8,0.000765015480370033,2.3806033887673097,1,1
1.0,28,1,9,0.000523517112323599,2.8127456391855232,1,1
1.0,28,2,0,0.0008125233936100715,2.0462963667121055,1,1
1.0,28,2,1,0.0006900785799674949,2.3590708328662657,1,1
1.0,28,2,2,0.000616484825821808,2.4782143646887835,1,1
1.0,28,2,3,0.0003860593818038665,1.717482107220016,1,1
1.0,28,2,4,0.0003860591619055051,1.8943949759954553,1,1
1.0,28,2,5,0.00038605916186191624,1.7773277695207998,1,1
1.0,28,2,6,0.0005241596320198945,2.134109207452214,1,1
1.0,28,2,7,0.000809991959843914,2.3605594026522554,1,1
1.0,28,2,8,0.0006900723242460518,2.3101858785498766,1,1
1.0,28,2,9,0.0006164785398377429,2.675989041826424,1,1
1.0,29,0,0,0.00030611276960668246,1.9622114387369498,1,1
1.0,29,0,1,0.00030611277021050024,2.5492366893026914,1,1
1.0,29,0,2,0.0007208288059003642,2.917893384380536,1,1
1.0,29,0,3,0.0006395663849523965,2.301966441141527,1,1
1.0,29,0,4,0.0005855564872344936,2.699173039000051,1,1
1.0,29,0,5,0.0008683553239073875,2.3020387901135684,1,1
1.0,29,0,6,0.001218241908724138,1.7591705558733166,1,1
1.0,29,0,7,0.0012182419351775178,1.676833377188294,1,1
1.0,29,0,8,0.0008683553023500701,2.401757883480937,1,1
1.0,29,0,9,0.00019555420420015675,2.909271976587084,1,1
1.0,29,1,0,0.0006593386897161596,2.9939792271439924,1,1
1.0,29,1,1,0.0014129355356619655,1.5498603160201792,1,1
1.0,29,1,2,0.0012379778935144774,1.3493884420871092,1,1
1.0,29,1,3,0.0005297620261515817,3.15490989623634,1,1
1.0,29,1,4,0.0008024293065832968,2.2767789234650206,1,1
1.0,29,1,5,0.0003098882458568079,2.0564339808406893,1,1
1.0,29,1,6,0.0005130144963060042,2.9696820752790636,1,1
1.0,29,1,7,0.00018613311252128515,3.0084162096364935,1,1
1.0,29,1,8,0.0008024292989696904,2.476655123055672,1,1
1.0,29,1,9,0.00018613245911898302,3.0058450345276113,1,1
1.0,29,2,0,0.00018069168758579968,3.0793049337698957,1,1
1.0,29,2,1,0.0003101546625592852,2.094772943359661,1,1
1.0,29,2,2,0.0008041134529462289,2.683223816703359,1,1
1.0,29,2,3,0.00031015466261756947,2.0827789971504114,1,1
1.0,29,2,4,0.0012386674121230127,1.3119205855596565,1,1
1.0,29,2,5,0.00018069118593014633,3.0847593318229416,1,1
1.0,29,2,6,0.0008041134541793757,2.3712817574064258,1,1
1.0,29,2,7,0.0014934621956127709,1.255359410530508,1,1
1.0,29,2,8,0.0008041134539445661,2.671195674246233,1,1
1.0,29,2,9,0.0014934621954409274,1.3392686873121136,1,1
1.0,30,0,0,0.0013977683186909985,1.4470446363483542,1,1
1.0,30,0,1,0.0006930602315580101,2.8951343450879374,1,1
1.0,30,0,2,0.00037467570198253714,2.0808416826042913,1,1
1.0,30,0,3,0.0008648974281609354,2.5434439249510934,1,1
1.0,30,0,4,0.0002795805212212013,2.868729254388584,1,1
1.0,30,0,5,0.0006930597991663983,2.943308360099705,1,1
1.0,30,0,6,0.0008648971093114747,2.7126043155304553,1,1
1.0,30,0,7,0.0012859896194222014,1.476163385732298,1,1
1.0,30,0,8,0.0006930558442156485,2.700465527843964,1,1
1.0,30,0,9,0.0006930619476622361,2.7113198545302435,1,1
1.0,30,1,0,0.0012169337515350418,1.7385381378213616,1,1
1.0,30,1,1,0.001104223605157991,1.6662493515239543,1,1
1.0,30,1,2,0.001216933868819677,1.7324866964938175,1,1
1.0,30,1,3,0.0006758426654367594,2.759923692217856,1,1
1.0,30,1,4,0.0011060990185174564,1.9593090969125557,1,1
1.0,30,1,5,0.001034629736639623,1.7233127354412803,1,1
1.0,30,1,6,0.0006758424290058375,2.7615948857357377,1,1
1.0,30,1,7,0.001034629329592233,1.634715532164736,1,1
1.0,30,1,8,0.0003064048459120626,1.6884109266325913,1,1
1.0,30,1,9,0.0006758404970791806,2.67355051948653,1,1
1.0,30,2,0,0.000805691969692353,2.3276134452120116,1,1
1.0,30,2,1,0.0008193275247005862,2.314753284741263,1,1
1.0,30,2,2,0.000622358508868319,2.9488223714330117,1,1
1.0,30,2,3,0.0006223601535159968,2.909378023031348,1,1
1.0,30,2,4,0.0007970266663093554,2.2032137400869347,1,1
1.0,30,2,5,0.0010859886348531874,1.9840942614652197,1,1
1.0,30,2,6,0.0006223598551172346,2.9485266593238566,1,1
1.0,30,2,7,0.0008193275235021562,2.2894411416898497,1,1
1.0,30,2,8,0.0010859887285873935,2.0746734763498007,1,1
1.0,30,2,9,0.0010859887082091332,1.6642149064666996,1,1
1.0,31,0,0,0.0007021783948661857,2.778285777350897,1,1
1.0,31,0,1,0.000592301647807782,2.8169177563126016,1,1
1.0,31,0,2,0.00034507141083841317,1.904967946401879,1,1
1.0,31,0,3,0.00021538117420920297,2.7092976751040188,1,1
1.0,31,0,4,0.0005923014410321155,2.690482553732796,1,1
1.0,31,0,5,0.00032386267220334963,2.179158022460471,1,1
1.0,31,0,6,0.0007021786780222097,2.611755830243413,1,1
1.0,31,0,7,0.00032386266969451833,2.345648524664906,1,1
1.0,31,0,8,0.001641778183656308,1.2395641879978436,1,1
1.0,31,0,9,0.001484028043147433,1.7650672044513644,1,1
1.0,31,1,0,0.0011085991768764146,1.971189832450447,1,1
1.0,31,1,1,0.0007849362616472915,2.0985713186114245,1,1
1.0,31,1,2,0.0015558620476838253,1.9021524669889587,1,1
1.0,31,1,3,0.0010207248293498882,1.900654759168246,1,1
1.0,31,1,4,0.0007177330065008575,2.319318630188403,1,1
1.0,31,1,5,0.000867998028903625,2.1943796054270277,1,1
1.0,31,1,6,0.0008679992454422881,2.181857394751847,1,1
1.0,31,1,7,0.0008679992454541461,2.2729065536251616,1,1
1.0,31,1,8,0.0007849369897699236,2.1025503244106196,1,1
1.0,31,1,9,0.0015558620476838253,1.5462299430682998,1,1
1.0,31,2,0,0.00021119742807582196,2.766439065737353,1,1
1.0,31,2,1,0.0010001600051388118,2.1497532457362514,1,1
1.0,31,2,2,0.002133864939327911,0.8600216184073926,1,1
1.0,31,2,3,0.0021338649433005424,1.037917919477128,1,1
1.0,31,2,4,0.0021338649430043006,1.0873065471778662,1,1
1.0,31,2,5,0.00185330415209759,1.6604823425245991,1,1
1.0,31,2,6,0.0005390496102810884,3.030440406919389,1,1
1.0,31,2,7,0.00185330416990481,1.6295317475287858,1,1
1.0,31,2,8,0.0010001584800867303,2.045108186475543,1,1
1.0,31,2,9,0.00034361522447223954,1.8797865877705169,1,1
1.0,32,0,0,0.00031698386865937843,2.097437844308082,1,1
1.0,32,0,1,0.00031698399611208486,2.0808924135190687,1,1
1.0,32,0,2,0.0014436831151701962,1.2327579023613109,1,1
1.0,32,0,3,0.0006537219076105975,2.839233168167088,1,1
1.0,32,0,4,0.00031201863804933684,2.647936829599309,1,1
1.0,32,0,5,0.001044234922241838,1.4956453322733743,1,1
1.0,32,0,6,0.0006537217918471761,2.5306972827613397,1,1
1.0,32,0,7,0.001137531752678996,1.610319616686947,1,1
1.0,32,0,8,0.0005370011171967595,3.1259752743901705,1,1
1.0,32,0,9,0.0014404558217170345,1.777457682303123,1,1
1.0,32,1,0,0.0003061381258109461,1.9945756312897234,1,1
1.0,32,1,1,0.0005174463767429099,3.2714335636718825,1,1
1.0,32,1,2,0.0003061381292473745,1.9979509839384346,1,1
1.0,32,1,3,0.001186565432841948,1.673102950198189,1,1
1.0,32,1,4,0.0005174463184502925,3.2923284137263114,1,1
1.0,32,1,5,0.0011865654579436475,1.510005527186499,1,1
1.0,32,1,6,0.00030567415198807645,2.7172990467392144,1,1
1.0,32,1,7,0.001135211809360575,1.4768492393200008,1,1
1.0,32,1,8,0.0011865654318285765,1.5949454313399754,1,1
1.0,32,1,9,0.0005174463228962875,3.0565273550942544,1,1
1.0,32,2,0,0.0003290435514128631,2.6034600734423528,1,1
1.0,32,2,1,0.0010269396101910153,1.6283621810090803,1,1
1.0,32,2,2,0.00032904363341957135,2.9817255984926074,1,1
1.0,32,2,3,0.00209759681384284,1.095802210855538,1,1
1.0,32,2,4,0.0011224125814002785,1.7737651795215383,1,1
1.0,32,2,5,0.001047724984156301,1.9782251266138182,1,1
1.0,32,2,6,0.0003290427981404956,2.588565602785252,1,1
1.0,32,2,7,0.0011224091598325508,1.9770280970018854,1,1
1.0,32,2,8,0.0010269385993803915,1.6515247049640647,1,1
1.0,32,2,9,0.0020975653057760126,0.9268709501138398,1,1
1.0,33,0,0,0.0005158714004011199,3.067360874175417,1,1
1.0,33,0,1,0.0005158715342661812,3.171833276505382,1,1
1.0,33,0,2,0.0005158715338703309,3.2277617259140268,1,1
1.0,33,0,3,0.0006715840059127136,3.191374673634395,1,1
1.0,33,0,4,0.0013182926042091723,2.862184948488096,1,1
1.0,33,0,5,0.0006715832250468076,3.0674191230035306,1,1
1.0,33,0,6,0.000515680046476151,3.267214765133712,1,1
1.0,33,0,7,0.0006715831533226969,3.009943570500998,1,1
1.0,33,0,8,0.0016107998989056357,1.7095568165882855,1,1
1.0,33,0,9,0.0016107998991856595,1.2693229521840357,1,1
1.0,33,1,0,0.0006206106269841412,2.686927949091411,1,1
1.0,33,1,1,0.00036306992768421335,2.051206431279006,1,1
1.0,33,1,2,0.0005440557473556954,3.2647479720402517,1,1
1.0,33,1,3,0.0006206117423690055,2.446222852021518,1,1
1.0,33,1,4,0.0005440557430922249,3.26833570762544,1,1
1.0,33,1,5,0.00021832604989447033,2.1721917735539535,1,1
1.0,33,1,6,0.0005440557471969145,3.255769447234406,1,1
1.0,33,1,7,0.00036306995294592696,1.9961394945857784,1,1
1.0,33,1,8,0.0006206105349039176,3.0936596639558576,1,1
1.0,33,1,9,0.00032631038638765837,2.0298033400593667,1,1
1.0,33,2,0,0.0010791236164567548,1.4875519164116022,1,1
1.0,33,2,1,0.001123870321416277,1.8722491072007887,1,1
1.0,33,2,2,0.00029556092740587805,1.9381333931664764,1,1
1.0,33,2,3,0.0010791236023308883,1.522184021867518,1,1
1.0,33,2,4,0.0011238703243557201,1.5198222576234324,1,1
1.0,33,2,5,0.0011125429239224917,2.8184100601875643,1,1
1.0,33,2,6,0.00021320303863163177,3.0464373076593643,1,1
1.0,33,2,7,0.0011238701861345838,1.9231842859542962,1,1
1.0,33,2,8,0.0009473404969979939,1.6728893199805905,1,1
1.0,33,2,9,0.0006325349954937091,2.9363140050064898,1,1
1.0,34,0,0,0.0006671726543995527,2.5381320999409764,1,1
1.0,34,0,1,0.00036206756237751705,1.8911531806388544,1,1
1.0,34,0,2,0.0003087660133100432,1.8611472081566387,1,1
1.0,34,0,3,0.001020284979450855,1.7444037296129196,1,1
1.0,34,0,4,0.00022322830436367254,2.651287776745197,1,1
1.0,34,0,5,0.00027410714967930166,2.517369418459724,1,1
1.0,34,0,6,0.0009522357969004233,1.9311489036743277,1,1
1.0,34,0,7,0.0006458453990841222,2.5446269378604764,1,1
1.0,34,0,8,0.0002814168423474888,2.079706108308194,1,1
1.0,34,0,9,0.0009192003737139716,1.7553257850482804,1,1
1.0,34,1,0,0.0006075610142034574,2.807543985028876,1,1
1.0,34,1,1,0.0010665683686349342,1.7589141023749515,1,1
1.0,34,1,2,0.0006565642087347672,2.4846996955208067,1,1
1.0,34,1,3,0.0007375000719679528,2.3997150592039453,1,1
1.0,34,1,4,0.0006075616225747237,2.768492165183692,1,1
1.0,34,1,5,0.0006048974899690614,2.686533474532816,1,1
1.0,34,1,6,0.0008013697665877521,2.08442678276074,1,1
1.0,34,1,7,0.0007375097210380704,2.7319639653975285,1,1
1.0,34,1,8,0.0008697786047831715,1.8029978451942996,1,1
1.0,34,1,9,0.000282325282526161,2.0532004913810553,1,1
1.0,34,2,0,0.0007354154660110929,2.559480364201133,1,1
1.0,34,2,1,0.0006133604415433337,2.751269368610732,1,1
1.0,34,2,2,0.0009484966484684782,1.6517487355900033,1,1
1.0,34,2,3,0.00037008895063815145,1.8224996385451182,1,1
1.0,34,2,4,0.0006420151257189145,2.620418461673082,1,1
1.0,34,2,5,0.0006420188806088927,2.629122995462224,1,1
1.0,34,2,6,0.0003778576050548447,1.7533569887563636,1,1
1.0,34,2,7,0.0002911961429851515,2.443115322784065,1,1
1.0,34,2,8,0.000365434241994726,1.950367376394223,1,1
1.0,34,2,9,0.0003700889508620051,1.7489376284406752,1,1
1.0,35,0,0,0.0007993811345166311,2.1045048355517304,1,1
1.0,35,0,1,0.001163949036446671,1.768244664248408,1,1
1.0,35,0,2,0.0008162447703225999,2.5232174418949103,1,1
1.0,35,0,3,0.0007993708506505771,2.2914976697968856,1,1
1.0,35,0,4,0.0007352159429984031,2.5896166282948094,1,1
1.0,35,0,5,0.00032366768755446353,1.8539645377488978,1,1
1.0,35,0,6,0.0007993816954825018,2.339192538733236,1,1
1.0,35,0,7,0.0011639490401183933,1.6856753889087144,1,1
1.0,35,0,8,0.0003236676963960705,2.0687971630826474,1,1
1.0,35,0,9,0.0010348637160545078,1.66948367651207,1,1
1.0,35,1,0,0.0003393184294846196,1.8021853394633789,1,1
1.0,35,1,1,0.0007394720577204246,2.6761948647887017,1,1
1.0,35,1,2,0.0003393184148116879,1.8224612103665352,1,1
1.0,35,1,3,0.0009113551375666462,1.8994736723433578,1,1
1.0,35,1,4,0.0010541934983836826,1.639655654124939,1,1
1.0,35,1,5,0.0002777209113691606,2.4226584148268575,1,1
1.0,35,1,6,0.00027772086089092096,2.6193304309722456,1,1
1.0,35,1,7,0.0007482052457901024,2.2885041821331655,1,1
1.0,35,1,8,0.00033931840800510585,1.7984804645372026,1,1
1.0,35,1,9,0.0003393864543122128,1.9983090823666105,1,1
1.0,35,2,0,0.000652561283791411,2.7484698096432845,1,1
1.0,35,2,1,0.0012360941302100963,1.6315300137529465,1,1
1.0,35,2,2,0.000652561396030147,2.539344090039121,1,1
1.0,35,2,3,0.0006525632076933506,2.5646641357159683,1,1
1.0,35,2,4,0.0009542974990528285,2.3292232333329768,1,1
1.0,35,2,5,0.0007984299348122657,2.265405506817025,1,1
1.0,35,2,6,0.0012360941302494812,1.6464765960083296,1,1
1.0,35,2,7,0.001011894464799898,1.8888968445718948,1,1
1.0,35,2,8,0.0012360941278361892,1.6668445711323001,1,1
1.0,35,2,9,0.0007559004039751852,2.6413735651744217,1,1
1.0,36,0,0,0.0008282467979294888,2.4788599461152754,1,1
1.0,36,0,1,0.0007833844360801304,2.185356802561109,1,1
1.0,36,0,2,0.0008104841726983341,2.391100387551375,1,1
1.0,36,0,3,0.0007489054422891069,2.1611511627123043,1,1
1.0,36,0,4,0.0008104717783463524,2.4018638822729486,1,1
1.0,36,0,5,0.00027540568886200883,2.2316208208666937,1,1
1.0,36,0,6,0.000656811590929255,2.2766202873280714,1,1
1.0,36,0,7,0.000564862579893444,2.102831854709778,1,1
1.0,36,0,8,0.001099154115156788,1.6588298912370885,1,1
1.0,36,0,9,0.00022068001917122985,2.5746283523218545,1,1
1.0,36,1,0,0.000699794443973088,2.3213716281589694,1,1
1.0,36,1,1,0.0007705028934412879,2.1044584737896526,1,1
1.0,36,1,2,0.0008525645152074111,2.015698423223069,1,1
1.0,36,1,3,0.0008258193359068018,1.9272148425317985,1,1
1.0,36,1,4,0.0008496899808847036,2.3076269751475236,1,1
1.0,36,1,5,0.0008496740517456131,2.1327035104974925,1,1
1.0,36,1,6,0.00035824076369454994,1.7875546628975936,1,1
1.0,36,1,7,0.000980340216651413,2.0657626998380545,1,1
1.0,36,1,8,0.0008496758876483477,2.1081608748013334,1,1
1.0,36,1,9,0.000852564614012735,1.9872329803868976,1,1
1.0,36,2,0,0.0008940717921529927,2.2716596509207596,1,1
1.0,36,2,1,0.0007868457179172978,2.272675896072645,1,1
1.0,36,2,2,0.0007289944072426868,2.373986791232663,1,1
1.0,36,2,3,0.0002326527251050278,2.2844326143956484,1,1
1.0,36,2,4,0.0002326527251390884,2.281754495755925,1,1
1.0,36,2,5,0.0009649276850547968,1.815386143857722,1,1
1.0,36,2,6,0.0007868536379369348,2.3534179873983385,1,1
1.0,36,2,7,0.000669802487575139,2.4100705911930067,1,1
1.0,36,2,8,0.0008940717809903916,1.9690743553036307,1,1
1.0,36,2,9,0.0008940486190040183,2.051972054901529,1,1
1.0,37,0,0,0.0010468453494231133,2.1130183177160977,1,1
1.0,37,0,1,0.0005598330325089148,2.5434119448256114,1,1
1.0,37,0,2,0.000817023787865404,2.6254093951021504,1,1
1.0,37,0,3,0.0008170261870583797,2.427395254608536,1,1
1.0,37,0,4,0.00035823051568447946,2.370508870126886,1,1
1.0,37,0,5,0.0008170235846994614,2.51054686237384,1,1
1.0,37,0,6,0.0007504642683931539,2.7041947104615525,1,1
1.0,37,0,7,0.0013344814535245757,1.4624700144682061,1,1
1.0,37,0,8,0.0008170569290431303,2.6276803602288847,1,1
1.0,37,0,9,0.0006536620453548454,2.447894924752299,1,1
1.0,37,1,0,0.0008767305396643014,1.821742627342381,1,1
1.0,37,1,1,0.000998004118400215,2.5684159425130924,1,1
1.0,37,1,2,0.0007560923514923224,2.616371386901524,1,1
1.0,37,1,3,0.0009992219475172266,1.710759431735515,1,1
1.0,37,1,4,0.0016252717866947054,1.279100315906489,1,1
1.0,37,1,5,0.000756092804201479,2.475721191036737,1,1
1.0,37,1,6,0.0013518196743702142,1.4713711848798607,1,1
1.0,37,1,7,0.0009992224271706443,1.7993039151691057,1,1
1.0,37,1,8,0.001625272931028946,1.2018216633601289,1,1
1.0,37,1,9,0.000756068048212601,2.5021167091751173,1,1
1.0,37,2,0,0.0012801997828522024,2.0610242497957723,1,1
1.0,37,2,1,0.000714499825939869,2.6610461733394377,1,1
1.0,37,2,2,0.0012802031337802917,1.5793486876377345,1,1
1.0,37,2,3,0.0012801994535143449,1.6893007205624877,1,1
1.0,37,2,4,0.0007145037623707072,2.20112063932321,1,1
1.0,37,2,5,0.0014537798068944932,1.5420070787467295,1,1
1.0,37,2,6,0.0007144972523013195,2.21201484696298,1,1
1.0,37,2,7,0.0007145036867036651,2.1398767916676644,1,1
1.0,37,2,8,0.0012802031217257152,1.418239202460773,1,1
1.0,37,2,9,0.0012801994633433603,1.6005011678040266,1,1
1.0,38,0,0,0.00033836658994040994,1.8593864663392004,1,1
1.0,38,0,1,0.000623578318481477,2.4967500399738642,1,1
1.0,38,0,2,0.00042856254834830666,3.5658701490443976,1,1
1.0,38,0,3,0.00033836658986098253,1.8841516051535685,1,1
1.0,38,0,4,0.000709635016462824,2.441011250515156,1,1
1.0,38,0,5,0.0007096350489100513,2.2809420107494547,1,1
1.0,38,0,6,0.00042856307299334235,3.55436394319797,1,1
1.0,38,0,7,0.0005935102437329064,2.9512471407119634,1,1
1.0,38,0,8,0.0005935075108944766,2.82703994853447,1,1
1.0,38,0,9,0.0003383665625690278,2.051755333989132,1,1
1.0,38,1,0,0.0003215738064747019,2.003398625418902,1,1
1.0,38,1,1,0.0006586325108003191,2.7113942859487423,1,1
1.0,38,1,2,0.0008638812472005668,1.9995118063391655,1,1
1.0,38,1,3,0.000716717194035929,2.1897629215614853,1,1
1.0,38,1,4,0.0008638901533801243,2.0069318865929118,1,1
1.0,38,1,5,0.0003215738054458452,1.9654677214289054,1,1
1.0,38,1,6,0.0007167332620462359,2.217174906311456,1,1
1.0,38,1,7,0.000778151630698927,2.176972309168069,1,1
1.0,38,1,8,0.0008638902080705174,2.184551957073979,1,1
1.0,38,1,9,0.0006586402378981688,2.5708640196615473,1,1
1.0,38,2,0,0.000822840616023092,2.399441526354891,1,1
1.0,38,2,1,0.0003103040588196738,2.025800025526496,1,1
1.0,38,2,2,0.0008019170356995431,2.4493393526746163,1,1
1.0,38,2,3,0.0007180619286594008,2.4477379525268,1,1
1.0,38,2,4,0.0009043872616896418,2.390366381937997,1,1
1.0,38,2,5,0.0008228407306674784,2.5311184960312505,1,1
1.0,38,2,6,0.000904360792979481,2.2607553612737727,1,1
1.0,38,2,7,0.0007180640658793593,2.4211218359088025,1,1
1.0,38,2,8,0.00071693430027441,2.3662818842513507,1,1
1.0,38,2,9,0.000716933716616694,2.2718371310508827,1,1
1.0,39,0,0,0.00028103557754710206,2.0037213504946405,1,1
1.0,39,0,1,0.0002810355793584072,2.1418427805257414,1,1
1.0,39,0,2,0.00017980731145536647,2.996861280501001,1,1
1.0,39,0,3,0.0015792698444335876,1.0724525214996472,1,1
1.0,39,0,4,0.0009620175794777755,2.697942012747682,1,1
1.0,39,0,5,0.00028103555885362165,2.3875635161742714,1,1
1.0,39,0,6,0.0009620180310452529,2.279114248283347,1,1
1.0,39,0,7,0.0009620175829043758,2.6632127234616685,1,1
1.0,39,0,8,0.0002145033130313808,3.069960848768832,1,1
1.0,39,0,9,0.00028103556105322066,2.4930025774661484,1,1
1.0,39,1,0,0.0006219816120694651,3.039310957685278,1,1
1.0,39,1,1,0.00018134656909042264,3.1110106768735912,1,1
1.0,39,1,2,0.00026923747881166417,2.6680827445177084,1,1
1.0,39,1,3,0.001014830598905491,2.1481680675884536,1,1
1.0,39,1,4,0.00018134658307073856,2.8853283284230655,1,1
1.0,39,1,5,0.0010148299159657061,2.2925709438002366,1,1
1.0,39,1,6,0.0016346973628094778,1.131859970762454,1,1
1.0,39,1,7,0.0016346973595920248,1.371668452321344,1,1
1.0,39,1,8,0.0014122481155663196,1.7021990953778692,1,1
1.0,39,1,9,0.0003372470110504116,1.8018796384283393,1,1
1.0,39,2,0,0.0007579795437677014,2.7293854931067343,1,1
1.0,39,2,1,0.000757981040654948,2.7154602101739678,1,1
1.0,39,2,2,0.0011869243596465734,1.4147837181031737,1,1
1.0,39,2,3,0.0006387620588130664,3.3811099244387175,1,1
1.0,39,2,4,0.0015744202671835908,1.1697413514751143,1,1
1.0,39,2,5,0.0011168663293993773,2.206089337056414,1,1
1.0,39,2,6,0.0011168416021229124,2.214677362149032,1,1
1.0,39,2,7,0.0008166856764815958,2.0617367628745926,1,1
1.0,39,2,8,0.0007579816479255752,2.7108703761606656,1,1
1.0,39,2,9,0.0015744202541876483,1.237648732555448,1,1
1.0,40,0,0,0.0005947114221895546,3.434731697420801,1,1
1.0,40,0,1,0.0020474417167427443,0.9188190730975604,1,1
1.0,40,0,2,0.0013630083260928205,1.5722782569114568,1,1
1.0,40,0,3,0.001917249273100664,0.9207320744840474,1,1
1.0,40,0,4,0.0005045059183318773,3.618892939179436,1,1
1.0,40,0,5,0.002047441728054376,0.9001958720749915,1,1
1.0,40,0,6,0.0001631550818659686,3.299876515887462,1,1
1.0,40,0,7,0.0015451954428607661,1.1225976139962373,1,1
1.0,40,0,8,0.0006470186429266396,2.617939674620845,1,1
1.0,40,0,9,0.002047441719448442,0.8936074792377501,1,1
1.0,40,1,0,0.0011655161626201833,1.6676589064413254,1,1
1.0,40,1,1,0.0006898942186853742,2.497491037535933,1,1
1.0,40,1,2,0.0011013010118235118,1.6388144638985094,1,1
1.0,40,1,3,0.00129728568371347,1.4157004273692182,1,1
1.0,40,1,4,0.001173348901766517,1.5379121959204012,1,1
1.0,40,1,5,0.0007170648386779487,2.743703551618076,1,1
1.0,40,1,6,0.0006013704201352523,2.7768216854162215,1,1
1.0,40,1,7,0.0011013013683499693,1.617437177056441,1,1
1.0,40,1,8,0.0006898932594619241,2.2953668132986373,1,1
1.0,40,1,9,0.001173348902452879,1.5463495125102429,1,1
1.0,40,2,0,0.00029273986485220204,2.4780722998332396,1,1
1.0,40,2,1,0.00021699853147427291,2.8452534907280755,1,1
1.0,40,2,2,0.0007038208389091612,2.5488066953174124,1,1
1.0,40,2,3,0.0002927398655598625,2.150796255328633,1,1
1.0,40,2,4,0.000703820688845431,2.787646890501646,1,1
1.0,40,2,5,0.0011484463548696053,1.7500158748189463,1,1
1.0,40,2,6,0.0014419220401680956,1.435158914332908,1,1
1.0,40,2,7,0.0002927398658206673,2.6393299812889204,1,1
1.0,40,2,8,0.0006814906400910304,2.3519439277387857,1,1
1.0,40,2,9,0.001138980466626539,1.5346120937611687,1,1
1.0,41,0,0,0.0002040895595141502,2.715196840173771,1,1
1.0,41,0,1,0.0007469899110360668,2.3485458046086216,1,1
1.0,41,0,2,0.00037693591948242906,1.7909895390060222,1,1
1.0,41,0,3,0.0008905976668569421,2.055053331570024,1,1
1.0,41,0,4,0.0009921206041900357,3.029257117079781,1,1
1.0,41,0,5,0.0008354663748705013,2.4027039403172026,1,1
1.0,41,0,6,0.0008354663764138149,2.3778255547711473,1,1
1.0,41,0,7,0.0011372369232486375,1.48819942623855,1,1
1.0,41,0,8,0.00057981972048975,3.130255920864776,1,1
1.0,41,0,9,0.0008905976668876711,1.7528399710815705,1,1
1.0,41,1,0,0.0009290868624923718,2.0272617048813406,1,1
1.0,41,1,1,0.00030551028125159997,2.133972353639438,1,1
1.0,41,1,2,0.0003229411633873964,1.81532691618218,1,1
1.0,41,1,3,0.0008683308876504766,1.8318949167980807,1,1
1.0,41,1,4,0.0003276980203443484,1.933962064901049,1,1
1.0,41,1,5,0.0003229411633999284,1.850753750858637,1,1
1.0,41,1,6,0.0008513508188959033,1.9322528808701247,1,1
1.0,41,1,7,0.0002961419458024667,1.9226910766530196,1,1
1.0,41,1,8,0.0008683309304489724,2.144757995936758,1,1
1.0,41,1,9,0.0007882621025542137,2.067873108031795,1,1
1.0,41,2,0,0.0007117067237300157,2.4205968547092316,1,1
1.0,41,2,1,0.00071170672661426,2.3917427985699353,1,1
1.0,41,2,2,0.0011867377234301528,2.1984748261754157,1,1
1.0,41,2,3,0.0010473296583269525,2.047200577684743,1,1
1.0,41,2,4,0.0003396565489590104,2.1557870336706575,1,1
1.0,41,2,5,0.0006499979972073487,2.1979644497549673,1,1
1.0,41,2,6,0.0007923006132797199,2.2532726851170986,1,1
1.0,41,2,7,0.000736693577804374,2.361307585522358,1,1
1.0,41,2,8,0.0007922919451380392,2.2514186377418937,1,1
1.0,41,2,9,0.0007117067124779849,2.427309901371953,1,1
1.0,42,0,0,0.0007883086077969802,2.093993999521936,1,1
1.0,42,0,1,0.00034994747927848656,2.390421234881952,1,1
1.0,42,0,2,0.0004656622711433119,3.3628826417230666,1,1
1.0,42,0,3,0.0012433968931275868,1.4021046957317183,1,1
1.0,42,0,4,0.0007882917727165486,2.3862498404900876,1,1
1.0,42,0,5,0.0005961324418148036,3.347063969765239,1,1
1.0,42,0,6,0.0013903216390536853,1.3779225690021224,1,1
1.0,42,0,7,0.0005961215794828914,2.4996741289382456,1,1
1.0,42,0,8,0.00016903780581553995,3.2218089687792615,1,1
1.0,42,0,9,0.00058612097100899,2.395272905087217,1,1
1.0,42,1,0,0.0003725361067310105,1.97075133359439,1,1
1.0,42,1,1,0.0004502821209391892,3.3318482023700966,1,1
1.0,42,1,2,0.0014587967156167961,1.7605223668601968,1,1
1.0,42,1,3,0.00035557631489487274,2.2519453125090254,1,1
1.0,42,1,4,0.00047210440593324594,3.1661191064717578,1,1
1.0,42,1,5,0.0008743121091976526,3.314444178455688,1,1
1.0,42,1,6,0.0014587965248653149,1.665202190619286,1,1
1.0,42,1,7,0.0006352530039978923,2.7248485052301805,1,1
1.0,42,1,8,0.0006352526609115863,3.329626452457049,1,1
1.0,42,1,9,0.0003555762655068326,2.2179097971235913,1,1
1.0,42,2,0,0.0002567964544507484,2.168836702436718,1,1
1.0,42,2,1,0.0003851126995360915,2.0426761307813885,1,1
1.0,42,2,2,0.0008071980013728223,2.6733395936933824,1,1
1.0,42,2,3,0.0003851126995402591,2.095796205627274,1,1
1.0,42,2,4,0.0014320194902838039,1.075323448821292,1,1
1.0,42,2,5,0.0011371001982514654,1.4487109819493424,1,1
1.0,42,2,6,0.0008071988821572145,3.5056134508862193,1,1
1.0,42,2,7,0.0006649501926879442,2.592913128059244,1,1
1.0,42,2,8,0.00108668753681113,2.116383465570261,1,1
1.0,42,2,9,0.0006649510939994507,2.525868261039509,1,1
1.0,43,0,0,0.000749741066171829,3.3026652586826453,1,1
1.0,43,0,1,0.0006609416403051886,2.5154752751695044,1,1
1.0,43,0,2,0.0008262144012410017,2.0138397028761417,1,1
1.0,43,0,3,0.0008262187218239523,2.9356395212016073,1,1
1.0,43,0,4,0.0006581104557270153,2.760733431934214,1,1
1.0,43,0,5,0.0007497426886266769,3.17419744883852,1,1
1.0,43,0,6,0.0007497422078392242,3.370743954749101,1,1
1.0,43,0,7,0.0009111550336510746,1.8234928896870541,1,1
1.0,43,0,8,0.0012587332065347899,1.6736002578936673,1,1
1.0,43,0,9,0.00033710465754064543,2.061688320330205,1,1
1.0,43,1,0,0.0010124152322987428,1.7132458118219083,1,1
1.0,43,1,1,0.0014353486003142494,1.3625935105271907,1,1
1.0,43,1,2,0.0006919411032556174,2.623324583949431,1,1
1.0,43,1,3,0.0010124154374546853,2.444455278473205,1,1
1.0,43,1,4,0.000627555543633819,2.9587313354731513,1,1
1.0,43,1,5,0.0014928410481113447,1.227661243737291,1,1
1.0,43,1,6,0.000627555543392986,2.836566244123132,1,1
1.0,43,1,7,0.0010124153794346569,2.510613536843067,1,1
1.0,43,1,8,0.0008315008740002192,3.1533469199065745,1,1
1.0,43,1,9,0.0014928403213192352,1.4048961711394832,1,1
1.0,43,2,0,0.0010893643254993358,1.5569817546172058,1,1
1.0,43,2,1,0.0010893643375612613,3.258494746547381,1,1
1.0,43,2,2,0.0010893643847432186,1.6161535541417638,1,1
1.0,43,2,3,0.0005305091424957762,3.1559641743349442,1,1
1.0,43,2,4,0.0005305090393931842,3.1973195123596763,1,1
1.0,43,2,5,0.0005305090779217211,3.0358285986201725,1,1
1.0,43,2,6,0.00035664432515661673,3.5319994140708424,1,1
1.0,43,2,7,0.000435925529843743,3.0341353025906073,1,1
1.0,43,2,8,0.0005297857484005222,3.3222115140129778,1,1
1.0,43,2,9,0.0014184891009292088,1.1547566382336534,1,1
1.0,44,0,0,0.00018065466868210218,3.007789899622911,1,1
1.0,44,0,1,0.0002851742286339767,1.88273721164834,1,1
1.0,44,0,2,0.0009259638401910927,1.6044990445901346,1,1
1.0,44,0,3,0.0009866809768397963,1.9773413965586115,1,1
1.0,44,0,4,0.0009259638401608672,1.6042250693825408,1,1
1.0,44,0,5,0.0006561925569838671,2.532117302953087,1,1
1.0,44,0,6,0.0001806546476478874,3.0094031527963896,1,1
1.0,44,0,7,0.0006403430462647069,2.4231233554427,1,1
1.0,44,0,8,0.00025578498879545556,1.5534002764653831,1,1
1.0,44,0,9,0.0011137787992164562,1.6932959968130237,1,1
1.0,44,1,0,0.001104017554096517,1.5969016794596225,1,1
1.0,44,1,1,0.0005809535802619478,2.9514276056488686,1,1
1.0,44,1,2,0.00018543958574307855,2.841374346271454,1,1
1.0,44,1,3,0.0006909868194802957,2.2554735279379456,1,1
1.0,44,1,4,0.0008882725451172825,1.7250526777467208,1,1
1.0,44,1,5,0.00088827254530739,1.747143137357636,1,1
1.0,44,1,6,0.0006909872581847309,2.9373035036310378,1,1
1.0,44,1,7,0.0011040175587532276,1.44243648746862,1,1
1.0,44,1,8,0.0010469545024532996,1.4612263445096965,1,1
1.0,44,1,9,0.0008882725450931166,1.7626018156398167,1,1
1.0,44,2,0,0.0009796843216449136,2.067643195811037,1,1
1.0,44,2,1,0.0007097517103298716,2.518297606179543,1,1
1.0,44,2,2,0.0006039695051163688,2.8374180106818025,1,1
1.0,44,2,3,0.00017363737230185846,3.031986723251646,1,1
1.0,44,2,4,0.0009796843217978108,1.956763625383344,1,1
1.0,44,2,5,0.0006039711895112605,3.1026128846452123,1,1
1.0,44,2,6,0.0009796843662149169,1.7805466546009563,1,1
1.0,44,2,7,0.00018695115798657928,2.938942822580019,1,1
1.0,44,2,8,0.0009796843784380682,1.7648034236284929,1,1
1.0,44,2,9,0.0012668314393892383,1.6378613280009138,1,1
1.0,45,0,0,0.0007852402984224594,2.806098995533567,1,1
1.0,45,0,1,0.0005295753762990278,3.0724125189822895,1,1
1.0,45,0,2,0.001314566837550137,1.442841814098232,1,1
1.0,45,0,3,0.001341570603438685,1.3580514564039803,1,1
1.0,45,0,4,0.0012630734095493154,1.624691194603305,1,1
1.0,45,0,5,0.00028492385847144944,2.76914993848095,1,1
1.0,45,0,6,0.000284923858760625,2.7520264466530784,1,1
1.0,45,0,7,0.001314566804205387,1.2980573812171392,1,1
1.0,45,0,8,0.0005295643308967811,3.0249308270930815,1,1
1.0,45,0,9,0.000815207332851446,2.7538993428907297,1,1
1.0,45,1,0,0.0005899376388283853,2.4604342471156193,1,1
1.0,45,1,1,0.0012153503780662372,1.4720640376439134,1,1
1.0,45,1,2,0.0008695505112089764,2.9293123894815967,1,1
1.0,45,1,3,0.0012153507072239392,1.618420438967468,1,1
1.0,45,1,4,0.0005899217983550908,2.8650388284178656,1,1
1.0,45,1,5,0.001105249468345308,1.6204479733287265,1,1
1.0,45,1,6,0.0012153504007860816,1.4791229006166569,1,1
1.0,45,1,7,0.0003417810095026766,2.1199828681537567,1,1
1.0,45,1,8,0.0008695499895761874,2.907045596338894,1,1
1.0,45,1,9,0.001105249470162722,1.5477362003422064,1,1
1.0,45,2,0,0.00038671364139094064,1.9287124112035556,1,1
1.0,45,2,1,0.0002852987366566971,2.6675991656511413,1,1
1.0,45,2,2,0.0003069901015273837,2.0254635084753394,1,1
1.0,45,2,3,0.0008587744105743254,2.435231378133551,1,1
1.0,45,2,4,0.0003069901011119234,1.7899361474395445,1,1
1.0,45,2,5,0.0011748693533060763,1.5464548370008444,1,1
1.0,45,2,6,0.0008587744094840854,2.6749431949729083,1,1
1.0,45,2,7,0.0008289141729872525,2.8337322549645783,1,1
1.0,45,2,8,0.0002852984724260309,2.6416902667823017,1,1
1.0,45,2,9,0.0011748695505313118,1.7135443182296217,1,1
1.0,46,0,0,0.0007739191976894276,3.0069389441946757,1,1
1.0,46,0,1,0.0007739170846373462,2.7429962587108427,1,1
1.0,46,0,2,0.0007739177472604133,2.4509024823537318,1,1
1.0,46,0,3,0.0008323697305702239,1.6040047243467057,1,1
1.0,46,0,4,0.0008323697305702239,2.214253349481791,1,1
1.0,46,0,5,0.0007739178772935697,2.6367926400868478,1,1
1.0,46,0,6,0.0006719721222720885,2.5818273510198586,1,1
1.0,46,0,7,0.0006067218634625454,3.085004965721172,1,1
1.0,46,0,8,0.0008979576185476757,2.2148958360844273,1,1
1.0,46,0,9,0.0008979373354461164,2.5610767875513742,1,1
1.0,46,1,0,0.00033742134440037657,2.0477621722704136,1,1
1.0,46,1,1,0.00029937820391156016,3.817789395956734,1,1
1.0,46,1,2,0.0004927060029097765,3.2042690514594385,1,1
1.0,46,1,3,0.0007086122590371996,2.710465705530027,1,1
1.0,46,1,4,0.0002993781794981576,3.8884944408741844,1,1
1.0,46,1,5,0.0002993782039821336,3.1633988194045544,1,1
1.0,46,1,6,0.0003354955499917727,1.8150365127650763,1,1
1.0,46,1,7,0.001369403977087852,1.6669725980648629,1,1
1.0,46,1,8,0.0013694037873797455,1.5166107687525647,1,1
1.0,46,1,9,0.0013694037833035014,2.0166305472865607,1,1
1.0,46,2,0,0.00034657839501662125,2.412837383639215,1,1
1.0,46,2,1,0.0006787178675495659,3.3950140152054655,1,1
1.0,46,2,2,0.0001675135837041125,3.503677498651969,1,1
1.0,46,2,3,0.0005551315341288827,3.0534810370329324,1,1
1.0,46,2,4,0.0006787192326776026,3.5638517013477067,1,1
1.0,46,2,5,0.0009854993285249097,2.2716962732829855,1,1
1.0,46,2,6,0.0003413590519298512,1.8761932047211172,1,1
1.0,46,2,7,0.0009854993422185293,2.248656283405371,1,1
1.0,46,2,8,0.000985538837285974,2.182953819378144,1,1
1.0,46,2,9,0.0007829864407798777,2.4970864121719134,1,1
1.0,47,0,0,0.00015821577691762826,2.4851417524496506,1,1
1.0,47,0,1,0.0008017486767794668,2.3858515792525545,1,1
1.0,47,0,2,0.00015821577701176912,2.9689047486308775,1,1
1.0,47,0,3,0.0008017486051629571,2.3759188624941094,1,1
1.0,47,0,4,0.0007546244041160313,2.6551488373801444,1,1
1.0,47,0,5,0.0010182499158602077,1.7523733799742238,1,1
1.0,47,0,6,0.0008017485246555021,2.0472671346897187,1,1
1.0,47,0,7,0.0005192581284903394,3.1204573777474676,1,1
1.0,47,0,8,0.0008017485399151664,2.0366523049781744,1,1
1.0,47,0,9,0.0006752894560425564,2.4403147218187473,1,1
1.0,47,1,0,0.0007025176444249326,2.4498886219533405,1,1
1.0,47,1,1,0.0006472657085582341,2.737220404518225,1,1
1.0,47,1,2,0.0001957270873030622,2.9821879991529165,1,1
1.0,47,1,3,0.0008231244321708382,2.153257376184672,1,1
1.0,47,1,4,0.000913998229894931,1.7461035861236067,1,1
1.0,47,1,5,0.0008231245249912342,2.3629121196304537,1,1
1.0,47,1,6,0.0005395776431530291,2.9670526994913518,1,1
1.0,47,1,7,0.00023000301774810857,2.885896016200175,1,1
1.0,47,1,8,0.00035758767439951576,1.896658525636588,1,1
1.0,47,1,9,0.0009139982713104867,1.779004726816127,1,1
1.0,47,2,0,0.00033134989816994704,2.0311424800377327,1,1
1.0,47,2,1,0.00033134989560193575,1.9141648392679522,1,1
1.0,47,2,2,0.0003313498955220322,2.0874110611964234,1,1
1.0,47,2,3,0.0005709469685556057,3.447371351952749,1,1
1.0,47,2,4,0.0003313498938443534,1.8311165782600602,1,1
1.0,47,2,5,0.0005633151391136226,2.914490890289103,1,1
1.0,47,2,6,0.0007428370480700162,2.8744529986364573,1,1
1.0,47,2,7,0.0009408816708941306,1.68098732828942,1,1
1.0,47,2,8,0.00021929106086283922,3.1783855372575625,1,1
1.0,47,2,9,0.00020429832225629001,2.9942008511988973,1,1
1.0,48,0,0,0.0007495763832771835,2.127110293326692,1,1
1.0,48,0,1,0.0006551381947826651,2.5524625315331972,1,1
1.0,48,0,2,0.0007650265033301239,2.001244561848172,1,1
1.0,48,0,3,0.00065513819470519,2.6141546962629256,1,1
1.0,48,0,4,0.000805295730449305,2.488233310865914,1,1
1.0,48,0,5,0.0008052536297652597,2.5642386220188254,1,1
1.0,48,0,6,0.0006551383329782516,2.605703932183855,1,1
1.0,48,0,7,0.0006551381932647567,2.5442068480288147,1,1
1.0,48,0,8,0.0008052958143463774,2.030891067926787,1,1
1.0,48,0,9,0.00048435813464259265,3.097929348912063,1,1
1.0,48,1,0,0.0006132650266637504,2.5604141348499017,1,1
1.0,48,1,1,0.0005804509507978759,2.949404415420666,1,1
1.0,48,1,2,0.00033115385697619047,2.1865484750260515,1,1
1.0,48,1,3,0.00033115385696376394,2.1179779449716283,1,1
1.0,48,1,4,0.000707585587395919,2.4688694165139613,1,1
1.0,48,1,5,0.0003311538569797754,2.1883484383520946,1,1
1.0,48,1,6,0.00033115385696376394,1.9285151151650255,1,1
1.0,48,1,7,0.0007075855866913355,2.6028858426111237,1,1
1.0,48,1,8,0.0007713080080742761,2.171569621687452,1,1
1.0,48,1,9,0.0007699859009148778,2.011803527566735,1,1
1.0,48,2,0,0.0002458142843413489,2.652794191997131,1,1
1.0,48,2,1,0.0006791288413267086,2.512128714047168,1,1
1.0,48,2,2,0.0007364949526326827,2.4451306452312114,1,1
1.0,48,2,3,0.00020341672060871475,2.900080990015106,1,1
1.0,48,2,4,0.0005608535390199048,2.900601459857906,1,1
1.0,48,2,5,0.0005890117464428012,2.972968558346876,1,1
1.0,48,2,6,0.0005608553984644597,2.926673854222394,1,1
1.0,48,2,7,0.0006791339139736789,2.722770169971218,1,1
1.0,48,2,8,0.0007222830926863622,2.3432645422972582,1,1
1.0,48,2,9,0.0007434008840892687,2.5293324779402044,1,1
1.0,49,0,0,0.0003539571051125406,1.9032536711688586,1,1
1.0,49,0,1,0.00031001401304955656,1.8945041091530415,1,1
1.0,49,0,2,0.0008015313851598676,2.581010663543545,1,1
1.0,49,0,3,0.00031001400244569393,2.009748098008591,1,1
1.0,49,0,4,0.0007583910936915065,2.2145497655749056,1,1
1.0,49,0,5,0.0010233784405507922,1.8353428875779894,1,1
1.0,49,0,6,0.0007583892931674975,2.262744292337101,1,1
1.0,49,0,7,0.0002693146756203971,2.087306899564461,1,1
1.0,49,0,8,0.0010233784405413264,1.8786327801059717,1,1
1.0,49,0,9,0.00026931470115218963,2.0874081255049584,1,1
1.0,49,1,0,0.0009143370774537453,2.1307922127787062,1,1
1.0,49,1,1,0.0003278667671235205,2.3445062898118523,1,1
1.0,49,1,2,0.0003452764043975155,1.9865237411083525,1,1
1.0,49,1,3,0.0003536560753768962,1.8733810917385483,1,1
1.0,49,1,4,0.000888852051586241,1.972831729887065,1,1
1.0,49,1,5,0.00031809602540928847,1.7356959465234016,1,1
1.0,49,1,6,0.000772150986928899,2.124842018698099,1,1
1.0,49,1,7,0.0002646445975414703,1.8552195064990462,1,1
1.0,49,1,8,0.0008888520517121189,1.973315695502462,1,1
1.0,49,1,9,0.0007721509924847928,2.1587712358732762,1,1
1.0,49,2,0,0.0008848532134509401,2.3459839286423554,1,1
1.0,49,2,1,0.0008848532370850749,2.509896949406966,1,1
1.0,49,2,2,0.0012288013738203643,1.6038311458712988,1,1
1.0,49,2,3,0.00024614033424636035,1.9744570036287288,1,1
1.0,49,2,4,0.0010435657251428884,2.2590027797097725,1,1
1.0,49,2,5,0.0008848527601066162,2.5949753601157712,1,1
1.0,49,2,6,0.001043564510932095,2.270533954606809,1,1
1.0,49,2,7,0.0008848527576270479,2.4965271785857035,1,1
1.0,49,2,8,0.0007626291140990233,2.6115891469997083,1,1
1.0,49,2,9,0.0003912244228490411,1.814986715406838,1,1
3.0,0,0,0,0.0009040135556811747,2.130215431715186,1,1
3.0,0,0,1,0.0011226094464746757,1.6523240093530602,1,1
3.0,0,0,2,0.0009040136045606885,2.118304445728089,1,1
3.0,0,0,3,0.0008947229672839423,2.101847680018915,1,1
3.0,0,0,4,0.0002945654867288359,2.0625047476934557,1,1
3.0,0,0,5,0.0013411818761842156,1.921334878658681,1,1
3.0,0,0,6,0.0010577036521521397,1.944177867658457,1,1
3.0,0,0,7,0.0020322439211936413,1.3479329039099444,1,1
3.0,0,0,8,0.000759865199746303,2.2820700423511817,1,1
3.0,0,0,9,0.002032243920827449,1.7598908540422402,1,1
3.0,0,1,0,0.0009450210510000737,2.0599948709914866,1,1
3.0,0,1,1,0.00030789484751640213,1.6288440770597983,1,1
3.0,0,1,2,0.0010187350549281243,2.1172177617556778,1,1
3.0,0,1,3,0.0006142618388211934,2.262249223788719,1,1
3.0,0,1,4,0.0010187380658653045,2.3263020503366714,1,1
3.0,0,1,5,0.0009450210944615538,2.0735208556936664,1,1
3.0,0,1,6,0.0014426441706314502,1.2753824015019521,1,1
3.0,0,1,7,0.00119262056881505,1.8758728123538275,1,1
3.0,0,1,8,0.0014426441447206086,1.563619577827251,1,1
3.0,0,1,9,0.0003457979153235575,1.955231045382256,1,1
3.0,0,2,0,0.0016370981613843562,1.4674738065138562,1,1
3.0,0,2,1,0.0007505725524805574,2.352125521682127,1,1
3.0,0,2,2,0.0003338822241589382,2.179485086029995,1,1
3.0,0,2,3,0.0013085275359726654,1.824257285920953,1,1
3.0,0,2,4,0.0022414807921286198,1.1554225000621612,1,1
3.0,0,2,5,0.0007294076578511021,2.4516924974996357,1,1
3.0,0,2,6,0.000998569642097093,1.8939812920559347,1,1
3.0,0,2,7,0.0007505726156895924,2.3140348307615572,1,1
3.0,0,2,8,0.0009985696433248772,2.3587997254554884,1,1
3.0,0,2,9,0.0009692328853586755,1.7885033471205032,1,1
3.0,1,0,0,0.000665098289562841,2.5932639776373922,1,1
3.0,1,0,1,0.000975585047071294,1.8038536270255208,1,1
3.0,1,0,2,0.0008652052422508205,2.4099284427513323,1,1
3.0,1,0,3,0.0007447882977454515,2.6815783473071653,1,1
3.0,1,0,4,0.0013510304221804293,2.2481269659191665,1,1
3.0,1,0,5,0.0006570846382477501,2.6866047343792108,1,1
3.0,1,0,6,0.0007801317821101067,2.649028603557658,1,1
3.0,1,0,7,0.0008652199271669976,2.1959881241275645,1,1
3.0,1,0,8,0.0009755850461239481,1.8369271192408634,1,1
3.0,1,0,9,0.0009060396393311121,2.0880146175807184,1,1
3.0,1,1,0,0.0007856119797776214,2.2392668927220525,1,1
3.0,1,1,1,0.0003194410998669694,2.043324955447388,1,1
3.0,1,1,2,0.0011468625585639763,1.7296845977033595,1,1
3.0,1,1,3,0.0003194410889554715,2.577922997806806,1,1
3.0,1,1,4,0.0008478627293879796,2.577865750399012,1,1
3.0,1,1,5,0.0008478627138290841,2.193814056905283,1,1
3.0,1,1,6,0.0007055171781223325,3.015433658840585,1,1
3.0,1,1,7,0.0010521214062054805,1.8007797322592314,1,1
3.0,1,1,8,0.0007855971481786845,2.2469188672588345,1,1
3.0,1,1,9,0.0008587031300971515,2.250797173968851,1,1
3.0,1,2,0,0.0007071484863955007,2.498761952386182,1,1
3.0,1,2,1,0.0007572507874479362,2.2504851247142534,1,1
3.0,1,2,2,0.0002565234982580015,2.4964615146765894,1,1
3.0,1,2,3,0.0007572535909946496,2.3033344444540593,1,1
3.0,1,2,4,0.0007572507755589782,2.354173143554256,1,1
3.0,1,2,5,0.0009304270697388529,2.1659946058820156,1,1
3.0,1,2,6,0.0010989202135468787,1.7031796477450445,1,1
3.0,1,2,7,0.0009304138107832137,2.2121274557501613,1,1
3.0,1,2,8,0.0007572546420559262,2.3470178782702993,1,1
3.0,1,2,9,0.0007572546474360964,2.164306175639456,1,1
3.0,2,0,0,0.0007555344702179143,2.4232661982611763,1,1
3.0,2,0,1,0.000921628457016638,1.8259857333001877,1,1
3.0,2,0,2,0.000807118030715486,2.0947995310733667,1,1
3.0,2,0,3,0.00032558446039646175,2.32111556700352,1,1
3.0,2,0,4,0.0008071180256547506,2.1716544726016944,1,1
3.0,2,0,5,0.0011322454742663014,1.7154875301950738,1,1
3.0,2,0,6,0.0009112405983882387,1.313128800992173,1,1
3.0,2,0,7,0.0012158643921155294,1.8084769051570957,1,1
3.0,2,0,8,0.0008071159651602491,2.129162214517037,1,1
3.0,2,0,9,0.0008071180034557444,2.1010176259406426,1,1
3.0,2,1,0,0.0020208930133954004,1.9046766078779864,1,1
3.0,2,1,1,0.0020208844232796966,2.221695910643517,1,1
3.0,2,1,2,0.0006029428303609651,2.633430794141609,1,1
3.0,2,1,3,0.0006030713470928752,1.8245905073149524,1,1
3.0,2,1,4,0.0005717217492537328,2.763030765977424,1,1
3.0,2,1,5,0.002914422814852661,1.7818433758213335,1,1
3.0,2,1,6,0.0006502166753925464,2.7789646668710555,1,1
3.0,2,1,7,0.0029144228160354205,1.5462054809291355,1,1
3.0,2,1,8,0.00034254954395707154,2.3419075490841244,1,1
3.0,2,1,9,0.00034254954288090835,2.037441848281299,1,1
3.0,2,2,0,0.0011005710938649872,1.604813112494791,1,1
3.0,2,2,1,0.0005440337620300565,3.07834996516749,1,1
3.0,2,2,2,0.0022552130707736095,0.9249811602370884,1,1
3.0,2,2,3,0.0011005710942650795,1.5703828903342334,1,1
3.0,2,2,4,0.0005440337722981233,3.5751606792966504,1,1
3.0,2,2,5,0.0011005710939559403,1.587756528885589,1,1
3.0,2,2,6,0.0005440334222252428,3.4298532877311785,1,1
3.0,2,2,7,0.0011015452278048457,2.0373978822062946,1,1
3.0,2,2,8,0.0008981960852278762,2.2770585143493767,1,1
3.0,2,2,9,0.0026921797512204646,0.8525473253292402,1,1
3.0,3,0,0,0.0008555973711864465,2.0599331735580835,1,1
3.0,3,0,1,0.0011705044568882897,1.5749460263136492,1,1
3.0,3,0,2,0.0008738250912250235,2.0011688410248722,1,1
3.0,3,0,3,0.0015253432260430412,1.2656355823158918,1,1
3.0,3,0,4,0.0011705044567449797,1.2779178886461184,1,1
3.0,3,0,5,0.0006850211460596912,2.4638751340685032,1,1
3.0,3,0,6,0.0013970722340099961,1.2131243205946018,1,1
3.0,3,0,7,0.00022018867480033468,4.129413982330245,1,1
3.0,3,0,8,0.0008555973699576426,2.2890968407963337,1,1
3.0,3,0,9,0.0002553574347761753,4.359154407331581,1,1
3.0,3,1,0,0.000559067860061497,3.1950441898617723,1,1
3.0,3,1,1,0.0019923545467016696,1.2487616972559357,1,1
3.0,3,1,2,0.0012623439416610636,1.772132567478218,1,1
3.0,3,1,3,0.0012623438918287673,1.5642926970438595,1,1
3.0,3,1,4,0.0019923625910825728,0.9732095699143305,1,1
3.0,3,1,5,0.0005258988328960056,4.672892555921888,1,1
3.0,3,1,6,0.00022473102695877886,4.248080312199068,1,1
3.0,3,1,7,0.0007105310918400006,2.1265751234893613,1,1
3.0,3,1,8,0.0005986139121606867,2.926622368531971,1,1
3.0,3,1,9,0.001992354525967785,1.802803734256511,1,1
3.0,3,2,0,0.0006885725850035376,2.6974296486750102,1,1
3.0,3,2,1,0.0007314848875809328,3.4418978554219866,1,1
3.0,3,2,2,0.0003373573143650064,2.6238292188100183,1,1
3.0,3,2,3,0.00026492338914682384,1.8440088611282612,1,1
3.0,3,2,4,0.00024154973424952118,3.1310116626108067,1,1
3.0,3,2,5,0.00030272924125350443,2.3262548976566793,1,1
3.0,3,2,6,0.0006885728813761778,2.730339178445996,1,1
3.0,3,2,7,0.0006590416447189531,2.585151825532783,1,1
3.0,3,2,8,0.0003027292405906409,2.4794462920778924,1,1
3.0,3,2,9,0.00024154998755362037,3.297170421920855,1,1
3.0,4,0,0,0.0006476770474108771,2.6590929098221294,1,1
3.0,4,0,1,0.0013600029514318432,1.7059912657023784,1,1
3.0,4,0,2,0.0007427932410051047,2.408960340825185,1,1
3.0,4,0,3,0.0012228124266963555,1.3693038697741895,1,1
3.0,4,0,4,0.0005811426507608186,3.0433488493913674,1,1
3.0,4,0,5,0.0006476836071391603,2.8534831775238336,1,1
3.0,4,0,6,0.0011042192567403502,1.6041830485665518,1,1
3.0,4,0,7,0.0006476770466440249,3.021950434701378,1,1
3.0,4,0,8,0.0015601842119829874,1.2751853153964954,1,1
3.0,4,0,9,0.0015601834524852686,1.2143340705005616,1,1
3.0,4,1,0,0.0007135789963962526,2.8939486126264002,1,1
3.0,4,1,1,0.0019301135219030234,1.0839544719403358,1,1
3.0,4,1,2,0.002438600894378641,0.9201542688257627,1,1
3.0,4,1,3,0.0007135679704639318,2.9087443313898955,1,1
3.0,4,1,4,0.0002258760108937034,3.3853730153757713,1,1
3.0,4,1,5,0.0005643968924227104,3.2889278429741973,1,1
3.0,4,1,6,0.008032584601426439,0.6992224505104738,1,1
3.0,4,1,7,0.0005643971646439744,3.1309925345342453,1,1
3.0,4,1,8,0.0007136111750986071,2.550592130941089,1,1
3.0,4,1,9,0.0006231583889923077,3.187985169236443,1,1
3.0,4,2,0,0.0017133892164090513,2.1134487051054576,1,1
3.0,4,2,1,0.0003452694748367461,1.9202969012872095,1,1
3.0,4,2,2,0.0009120032393912868,2.0088517482283743,1,1
3.0,4,2,3,0.0017133893332642368,1.4465637150729043,1,1
3.0,4,2,4,0.000912003235266727,1.9295319174425347,1,1
3.0,4,2,5,0.0008314487418367663,1.9842958885399515,1,1
3.0,4,2,6,0.0017133893583510778,1.4455255127000128,1,1
3.0,4,2,7,0.0008054372042484078,2.081389971044666,1,1
3.0,4,2,8,0.0008054369947449441,2.016979395751651,1,1
3.0,4,2,9,0.0009120032294290963,1.8765432042030084,1,1
3.0,5,0,0,0.0008190549444178402,2.0476210217191615,1,1
3.0,5,0,1,0.0008190425154087312,2.0395126635740164,1,1
3.0,5,0,2,0.00028934967000660347,2.0614266923132365,1,1
3.0,5,0,3,0.0008190362556646715,2.1276074265612643,1,1
3.0,5,0,4,0.0006429859430919571,2.8141722728604086,1,1
3.0,5,0,5,0.000957815481794952,1.8292687549090285,1,1
3.0,5,0,6,0.0002893496257915185,2.058455493367098,1,1
3.0,5,0,7,0.00037685024616733584,2.1729319794932325,1,1
3.0,5,0,8,0.0006967164499429417,2.7414917711433615,1,1
3.0,5,0,9,0.000874667202262062,2.1494779454903963,1,1
3.0,5,1,0,0.0007420376305912713,2.368509733491348,1,1
3.0,5,1,1,0.0009382981161239709,2.1241786215982477,1,1
3.0,5,1,2,0.0009382982985990296,2.0127412472789654,1,1
3.0,5,1,3,0.0005873224820283355,2.0936075239292014,1,1
3.0,5,1,4,0.0009277683996589892,1.9402502196067521,1,1
3.0,5,1,5,0.0006058865769437846,2.8572977703733766,1,1
3.0,5,1,6,0.0005873224741271819,2.325745197076743,1,1
3.0,5,1,7,0.0006013367516623491,3.3113772720653754,1,1
3.0,5,1,8,0.0005873224842959451,2.167156212451471,1,1
3.0,5,1,9,0.0006004826487077073,2.967328407667034,1,1
3.0,5,2,0,0.0003627849719328164,5.2708622849776745,1,1
3.0,5,2,1,0.000385995754556366,4.421978067857009,1,1
3.0,5,2,2,0.003153698862858991,0.6279798323115662,1,1
3.0,5,2,3,0.00036278577345143524,4.460530619691553,1,1
3.0,5,2,4,0.0009647414300722922,3.4835906026670673,1,1
3.0,5,2,5,0.0004004866935144754,5.471004335482686,1,1
3.0,5,2,6,0.00038600428148955596,4.414505513275207,1,1
3.0,5,2,7,0.00038598811735329405,4.322942381097066,1,1
3.0,5,2,8,0.0011511174171838004,1.333179901647558,1,1
3.0,5,2,9,0.0009647414255878184,2.75833698434814,1,1
3.0,6,0,0,0.0003475942489119145,4.107128778329246,1,1
3.0,6,0,1,0.0027344713248806086,1.6389405342956562,1,1
3.0,6,0,2,0.0014274924753949214,1.2392652066709025,1,1
3.0,6,0,3,0.0003475942160600398,4.206214548096879,1,1
3.0,6,0,4,0.00031877367362314214,2.7327547342974907,1,1
3.0,6,0,5,0.00046307081880493607,3.9819486990431066,1,1
3.0,6,0,6,0.0006229661516690045,4.134469388517925,1,1
3.0,6,0,7,0.0014274924754452782,1.5379881339317014,1,1
3.0,6,0,8,0.0004630090408554874,3.4272383380040843,1,1
3.0,6,0,9,0.0006229688776906507,4.166669146555076,1,1
3.0,6,1,0,0.003298024987042511,0.6897130305357205,1,1
3.0,6,1,1,0.0013707602318685902,1.676264522637782,1,1
3.0,6,1,2,0.0031279332922992107,0.6647300609435012,1,1
3.0,6,1,3,0.00037038374671809844,1.7572973580239313,1,1
3.0,6,1,4,0.0006712957350806398,3.8694874462261866,1,1
3.0,6,1,5,0.00039282568669937187,4.3177156800911165,1,1
3.0,6,1,6,0.0013707602006774598,1.5959834149606853,1,1
3.0,6,1,7,0.0032980249866266208,1.0828054936947684,1,1
3.0,6,1,8,0.00038447680337262626,4.111011149545131,1,1
3.0,6,1,9,0.0005821710664178939,2.135269611321137,1,1
3.0,6,2,0,0.05212405987813464,0.8541640186819979,1,1
3.0,6,2,1,0.0003807465985036289,4.226340678307465,1,1
3.0,6,2,2,0.00047433374150203074,3.4308523569813945,1,1
3.0,6,2,3,0.05212406999352962,0.8542074002739026,1,1
3.0,6,2,4,0.006249176411262896,0.46760409507908524,1,1
3.0,6,2,5,0.052124062597560104,0.14535599865823284,1,1
3.0,6,2,6,0.00043505444626659506,4.168413806852186,1,1
3.0,6,2,7,0.000618776409158347,0.857797106953483,1,1
3.0,6,2,8,0.00032497988730058206,4.388105545573701,1,1
3.0,6,2,9,0.0006187764091715344,0.9976359914687076,1,1
3.0,7,0,0,0.0006067591999397897,3.0100108110457393,1,1
3.0,7,0,1,0.0013881397902642735,1.6132984033502311,1,1
3.0,7,0,2,0.0013881415364574313,1.5641978449120624,1,1
3.0,7,0,3,0.0006067592083397525,2.3128065216327993,1,1
3.0,7,0,4,0.0013960130865686468,1.1774537634791402,1,1
3.0,7,0,5,0.0004922690604876713,3.2767906276602443,1,1
3.0,7,0,6,0.0013881397924790438,1.2380408723950989,1,1
3.0,7,0,7,0.00030357977972003696,1.8708872968718098,1,1
3.0,7,0,8,0.001388139795066891,1.3432784415952592,1,1
3.0,7,0,9,0.0013881397904968755,1.1982749153343208,1,1
3.0,7,1,0,0.0003640441308211011,3.0343747417916993,1,1
3.0,7,1,1,0.0007585801721624434,3.2138605686151247,1,1
3.0,7,1,2,0.00277502520065996,1.5400473798210796,1,1
3.0,7,1,3,0.002775025223353415,0.9018768096208086,1,1
3.0,7,1,4,0.0027750252009007543,0.9068636198505318,1,1
3.0,7,1,5,0.001030127237095899,2.682007034745451,1,1
3.0,7,1,6,0.0003640441223424475,2.837994034999989,1,1
3.0,7,1,7,0.001030127468387616,1.9690650042751303,1,1
3.0,7,1,8,0.0016858902083453254,0.8639887552780381,1,1
3.0,7,1,9,0.0010301276239463668,1.906685563368088,1,1
3.0,7,2,0,0.0006413017214886091,2.5727837010063634,1,1
3.0,7,2,1,0.0007377365848175972,1.9314188587548644,1,1
3.0,7,2,2,0.0007377370088149049,1.9588031537154538,1,1
3.0,7,2,3,0.0008756715535374755,1.407228987283587,1,1
3.0,7,2,4,0.0005175567003837562,2.5940255352736084,1,1
3.0,7,2,5,0.0008386000927717456,2.1470315924161114,1,1
3.0,7,2,6,0.00031832266216732375,2.5660627933115987,1,1
3.0,7,2,7,0.0008386000958057468,1.9944392895090122,1,1
3.0,7,2,8,0.0005977115621985885,2.7287418469484797,1,1
3.0,7,2,9,0.0008386000420391766,2.122117430526226,1,1
3.0,8,0,0,0.0005860580087304529,3.462821534356888,1,1
3.0,8,0,1,0.00039061773895799083,3.8710612143804286,1,1
3.0,8,0,2,0.00047220592396672687,4.083288979960488,1,1
3.0,8,0,3,0.0005860549422143747,4.551919397270346,1,1
3.0,8,0,4,0.0012678894135691031,1.638123613053376,1,1
3.0,8,0,5,0.0011441857907655948,0.9633776631175687,1,1
3.0,8,0,6,0.0003179816055771707,4.928967030877047,1,1
3.0,8,0,7,0.0005860578751771322,4.545027366217141,1,1
3.0,8,0,8,0.0003179915157319015,4.526758433482824,1,1
3.0,8,0,9,0.00126788942681966,1.9272191758546084,1,1
3.0,8,1,0,0.0004691381243105079,4.022064556254774,1,1
3.0,8,1,1,0.0014137823482282114,1.2199170697303325,1,1
3.0,8,1,2,0.00037941467513127154,3.959153998740223,1,1
3.0,8,1,3,0.0014137608670722632,1.1507541720447947,1,1
3.0,8,1,4,0.0011759492864047705,2.438391475241417,1,1
3.0,8,1,5,0.0005938190210461305,3.5772953942263883,1,1
3.0,8,1,6,0.0003657593247836966,4.004678179064576,1,1
3.0,8,1,7,0.0011759487971135447,2.398606388254862,1,1
3.0,8,1,8,0.001413758568685019,1.2214799544311796,1,1
3.0,8,1,9,0.0014372427774547352,1.5116263700806454,1,1
3.0,8,2,0,0.0006165646899681274,3.2897677146463917,1,1
3.0,8,2,1,0.0003131802121146935,1.9023548337521714,1,1
3.0,8,2,2,0.0006165646543477231,2.9219704728245333,1,1
3.0,8,2,3,0.0009830459447197457,1.3524264752622217,1,1
3.0,8,2,4,0.00035840788751712933,1.934884005445051,1,1
3.0,8,2,5,0.0010181520739890536,1.7122269833116974,1,1
3.0,8,2,6,0.0010223588782361048,1.5735278543356903,1,1
3.0,8,2,7,0.0006165646627184763,2.9516842473185965,1,1
3.0,8,2,8,0.0006165647057972931,2.5146435120000215,1,1
3.0,8,2,9,0.00031318019943740895,1.9045672926347723,1,1
3.0,9,0,0,0.0009183438899064241,2.322237526409358,1,1
3.0,9,0,1,0.0006745826888257376,2.9821173681659,1,1
3.0,9,0,2,0.0014321004057355356,1.2482003959056258,1,1
3.0,9,0,3,0.0009913321575456236,2.6046414977277568,1,1
3.0,9,0,4,0.0006745847452469506,3.2016266909935065,1,1
3.0,9,0,5,0.0006745851102976988,3.1804367564191303,1,1
3.0,9,0,6,0.0010126681887236695,2.0819017542018052,1,1
3.0,9,0,7,0.0009913324504809806,2.6244991109742415,1,1
3.0,9,0,8,0.0010126681295161864,2.0471617548566163,1,1
3.0,9,0,9,0.0006693199024502059,2.697336653553082,1,1
3.0,9,1,0,0.001312642439929101,2.1712079962621242,1,1
3.0,9,1,1,0.0007638651471095001,2.4445847443768374,1,1
3.0,9,1,2,0.0007638651466926286,2.434478148974278,1,1
3.0,9,1,3,0.0003483217090715131,2.4056462588254615,1,1
3.0,9,1,4,0.0009376301356954586,1.9471312036903752,1,1
3.0,9,1,5,0.002184609110555605,0.9983601914148799,1,1
3.0,9,1,6,0.0021846091105548753,1.1913966103063915,1,1
3.0,9,1,7,0.0013126426392469296,1.7855634704246681,1,1
3.0,9,1,8,0.0007638651421106307,2.4639207898286233,1,1
3.0,9,1,9,0.0003483217088212899,2.241637857272728,1,1
3.0,9,2,0,0.0002994721845669327,2.2893472812263687,1,1
3.0,9,2,1,0.0012226713540475112,1.7013788785565496,1,1
3.0,9,2,2,0.00033724837543035825,2.081935563989799,1,1
3.0,9,2,3,0.0003372483839685232,1.8836785101925249,1,1
3.0,9,2,4,0.0002994722584180059,2.1432536864325558,1,1
3.0,9,2,5,0.0012226713540209996,1.6661636104252462,1,1
3.0,9,2,6,0.0009380825449016327,2.180463557423033,1,1
3.0,9,2,7,0.0008221763472577471,2.5505469516451607,1,1
3.0,9,2,8,0.00034037777478936125,2.0851603269847643,1,1
3.0,9,2,9,0.00033724837722676014,2.0851281668525385,1,1
3.0,10,0,0,0.00022830631641733136,2.327717589963244,1,1
3.0,10,0,1,0.0007611350165186803,2.6968233707937213,1,1
3.0,10,0,2,0.0007611317739643057,2.6799443062930575,1,1
3.0,10,0,3,0.00033585584870711005,1.8501577571075623,1,1
3.0,10,0,4,0.0007611336703204316,2.6305615356613394,1,1
3.0,10,0,5,0.0002805533248386116,2.2103968200922743,1,1
3.0,10,0,6,0.00033585593135920284,1.8372711808579543,1,1
3.0,10,0,7,0.0003339550496088349,2.2056322529932033,1,1
3.0,10,0,8,0.0008493693818985141,1.6702137786313713,1,1
3.0,10,0,9,0.000849369403252926,2.030055124485805,1,1
3.0,10,1,0,0.0012488800143265705,2.3461551065521826,1,1
3.0,10,1,1,0.001248880182213461,1.7913427890675915,1,1
3.0,10,1,2,0.0012488811992379398,1.5779366700623636,1,1
3.0,10,1,3,0.0008497517662628983,2.06212684453175,1,1
3.0,10,1,4,0.0009430877523788744,2.0608351281710027,1,1
3.0,10,1,5,0.0016461508581042206,1.1973186212928355,1,1
3.0,10,1,6,0.0009430887702733504,1.8369780165996024,1,1
3.0,10,1,7,0.0005657319969669112,2.1234267688847384,1,1
3.0,10,1,8,0.0009430887712401248,2.0297041030959955,1,1
3.0,10,1,9,0.0012583474915724125,1.5248247795756145,1,1
3.0,10,2,0,0.0007757264599917857,2.2832091629140367,1,1
3.0,10,2,1,0.0006619641612654013,2.9967959409635716,1,1
3.0,10,2,2,0.000789599862217236,2.2550257674135485,1,1
3.0,10,2,3,0.000784689013735364,2.4198618651851094,1,1
3.0,10,2,4,0.00021227416914911174,2.3322867902891824,1,1
3.0,10,2,5,0.0010014667433419697,1.7177960430537331,1,1
3.0,10,2,6,0.0006619635310576878,2.8903966280451567,1,1
3.0,10,2,7,0.000784664679602488,2.11287449925291,1,1
3.0,10,2,8,0.0006619630819624932,2.9002142905088175,1,1
3.0,10,2,9,0.00033888461527364477,1.9601208070874823,1,1
3.0,11,0,0,0.0011325117205510178,2.1066438879824183,1,1
3.0,11,0,1,0.0011325117195777434,1.61195053378527,1,1
3.0,11,0,2,0.0005132400676678003,3.1030564952086768,1,1
3.0,11,0,3,0.0007010923836409863,2.1693739343766447,1,1
3.0,11,0,4,0.0015363513080460186,1.3084982995040233,1,1
3.0,11,0,5,0.0005556170787137199,3.053119985608371,1,1
3.0,11,0,6,0.0007010923075018755,2.453523148376511,1,1
3.0,11,0,7,0.0011325143685435696,1.6121450726939486,1,1
3.0,11,0,8,0.0005556169977310694,3.054132332013772,1,1
3.0,11,0,9,0.0005556170104714625,3.042576454655937,1,1
3.0,11,1,0,0.0008521710501265552,3.4053595840779187,1,1
3.0,11,1,1,0.0011719496771277517,1.5658103214582917,1,1
3.0,11,1,2,0.000336535825622906,1.8453225935694948,1,1
3.0,11,1,3,0.0008521683859450671,2.607171063733188,1,1
3.0,11,1,4,0.0008620497240337416,1.7446341230763847,1,1
3.0,11,1,5,0.0006738821256255565,3.4701168699665463,1,1
3.0,11,1,6,0.0006740074776633578,2.827239795257653,1,1
3.0,11,1,7,0.0012806792127846975,1.5461513169661802,1,1
3.0,11,1,8,0.0008521707811844897,2.6256994477298132,1,1
3.0,11,1,9,0.0005410901779334255,2.539658074957639,1,1
3.0,11,2,0,0.000792852834426208,2.4665596162270456,1,1
3.0,11,2,1,0.00021253837153402383,2.4669030364275386,1,1
3.0,11,2,2,0.0009948108825319128,1.6330589641158688,1,1
3.0,11,2,3,0.0006045388223647306,2.322123656474105,1,1
3.0,11,2,4,0.0006045388253219026,2.296759151520188,1,1
3.0,11,2,5,0.0010586049354784717,2.015569528560664,1,1
3.0,11,2,6,0.0007902082999744683,2.257354099327213,1,1
3.0,11,2,7,0.001048834296768254,1.6942817180424223,1,1
3.0,11,2,8,0.000962805121272752,2.5781274364556106,1,1
3.0,11,2,9,0.0010488343041376842,1.64265068784824,1,1
3.0,12,0,0,0.001196990670910547,1.5036110171290071,1,1
3.0,12,0,1,0.0010267533451164396,1.7976930768867119,1,1
3.0,12,0,2,0.00020864699154301468,3.136203396167778,1,1
3.0,12,0,3,0.0001924705548656167,2.978893958297493,1,1
3.0,12,0,4,0.0006187687392243985,2.5709080247591545,1,1
3.0,12,0,5,0.0006540091579262677,2.8122785249728115,1,1
3.0,12,0,6,0.0010267535152361613,1.9575515540602213,1,1
3.0,12,0,7,0.0006540127327805658,2.744489117740688,1,1
3.0,12,0,8,0.0009524915170619553,1.4975734419450177,1,1
3.0,12,0,9,0.0011886465484496898,1.7781814139100758,1,1
3.0,12,1,0,0.0008723092189709982,2.1079959533366712,1,1
3.0,12,1,1,0.0006595340411392819,2.634617995005868,1,1
3.0,12,1,2,0.0006595340057696108,2.4291263010610136,1,1
3.0,12,1,3,0.0007145244218786243,3.2074747802178853,1,1
3.0,12,1,4,0.0003196079131960918,1.8605195031693007,1,1
3.0,12,1,5,0.00033236125412583803,1.7746004513797047,1,1
3.0,12,1,6,0.00035199862121158306,1.9658509838560743,1,1
3.0,12,1,7,0.00033236124877947774,1.975956966611451,1,1
3.0,12,1,8,0.00035199862100602716,1.840927119233891,1,1
3.0,12,1,9,0.0008723092099528122,2.3834785484508583,1,1
3.0,12,2,0,0.0007674507666723582,2.373368257017073,1,1
3.0,12,2,1,0.0006944645781206468,2.3407278308706827,1,1
3.0,12,2,2,0.0008304845024221036,2.764194064969704,1,1
3.0,12,2,3,0.000776373768086401,2.2679208801940947,1,1
3.0,12,2,4,0.0008304819643319037,2.74874193751062,1,1
3.0,12,2,5,0.0008859874644324648,2.1876854109312194,1,1
3.0,12,2,6,0.0007674477876114653,2.325867976618073,1,1
3.0,12,2,7,0.000812063637044697,2.04567746510851,1,1
3.0,12,2,8,0.0007236256568704536,2.2697466405828997,1,1
3.0,12,2,9,0.0008304693441189621,2.801360759682393,1,1
3.0,13,0,0,0.0006012998037165143,3.207228127764223,1,1
3.0,13,0,1,0.0007364947121498686,2.6215048806145487,1,1
3.0,13,0,2,0.00033106380291283093,1.8573809243857202,1,1
3.0,13,0,3,0.0009707808868448584,1.8155057025595362,1,1
3.0,13,0,4,0.0006013016994967577,3.1609442997812756,1,1
3.0,13,0,5,0.0007290901382931448,2.40182451214527,1,1
3.0,13,0,6,0.0003310637984057159,2.3623865939299487,1,1
3.0,13,0,7,0.0006831652647673016,2.6698856856824014,1,1
3.0,13,0,8,0.0006831676219227904,2.6268615441458802,1,1
3.0,13,0,9,0.001220816603485966,1.6361591979133505,1,1
3.0,13,1,0,0.0007382300236093295,2.375433422064823,1,1
3.0,13,1,1,0.0007382295182249281,2.5482666731548567,1,1
3.0,13,1,2,0.000899609335194946,2.143546888885307,1,1
3.0,13,1,3,0.0007270560337442625,2.3679032688842074,1,1
3.0,13,1,4,0.0008996093351674221,2.0525874589876723,1,1
3.0,13,1,5,0.00028423502556840756,2.0325241280832667,1,1
3.0,13,1,6,0.00032700362326368955,1.9228582471171243,1,1
3.0,13,1,7,0.0008996093348637102,2.1182906576877802,1,1
3.0,13,1,8,0.0008996093349376889,2.0412221387004523,1,1
3.0,13,1,9,0.0003270036383895723,1.9774696105988223,1,1
3.0,13,2,0,0.00036458656960286674,4.1915004081212075,1,1
3.0,13,2,1,0.0015459800302172178,2.560006987603819,1,1
3.0,13,2,2,0.001545980031917277,1.2793354672252506,1,1
3.0,13,2,3,0.00045869942492830854,3.6371653740460315,1,1
3.0,13,2,4,0.0028572019187950225,1.2850963877284638,1,1
3.0,13,2,5,0.0015459800294157341,2.5654176938806557,1,1
3.0,13,2,6,0.0015459800313279107,1.1173281029657098,1,1
3.0,13,2,7,0.0004586994740026798,4.578523148277532,1,1
3.0,13,2,8,0.00046162841132070797,3.6977565179536374,1,1
3.0,13,2,9,0.0006644601852541466,3.716076157798086,1,1
3.0,14,0,0,0.0012283752780215228,2.2283636370466238,1,1
3.0,14,0,1,0.0006006852371590451,3.1413802637614086,1,1
3.0,14,0,2,0.0003093006690531334,1.9431778948363478,1,1
3.0,14,0,3,0.0007288343612562756,2.9075524159653483,1,1
3.0,14,0,4,0.0008356767607558084,2.688093020741335,1,1
3.0,14,0,5,0.0013587269524806293,1.2959142867055697,1,1
3.0,14,0,6,0.0013189093548332342,1.3021849067578912,1,1
3.0,14,0,7,0.00018519510039658965,3.0477054820195124,1,1
3.0,14,0,8,0.001358726953918463,1.3015749093376539,1,1
3.0,14,0,9,0.0007288426866072163,2.939468950282418,1,1
3.0,14,1,0,0.0013401088742167704,1.2210897734810167,1,1
3.0,14,1,1,0.0008071663276703275,2.2841717830615225,1,1
3.0,14,1,2,0.0008071663295822323,2.2347555661767493,1,1
3.0,14,1,3,0.0009829173947630088,1.5698301484718884,1,1
3.0,14,1,4,0.0010231224423050084,1.690148025982861,1,1
3.0,14,1,5,0.0007228391586632351,2.5052094737524437,1,1
3.0,14,1,6,0.00026374300957415,1.8791443950687647,1,1
3.0,14,1,7,0.00034104034177126035,2.3947928059962362,1,1
3.0,14,1,8,0.000312868958854449,1.8872406543010003,1,1
3.0,14,1,9,0.0003128689736664625,1.8604811763129854,1,1
3.0,14,2,0,0.0009722693584117383,1.6539230803636138,1,1
3.0,14,2,1,0.000836727144392765,1.9250938859338251,1,1
3.0,14,2,2,0.0003546844134965802,1.9250744860726157,1,1
3.0,14,2,3,0.0003546843886014518,1.7878421574974335,1,1
3.0,14,2,4,0.0009824254027071735,1.454174188905748,1,1
3.0,14,2,5,0.0009722694891356612,1.6744449559785657,1,1
3.0,14,2,6,0.0008367271444034276,1.8355342634558642,1,1
3.0,14,2,7,0.000354321727705903,1.7755533437472073,1,1
3.0,14,2,8,0.0005156395604725033,2.928339608638907,1,1
3.0,14,2,9,0.0006634748443134322,2.5354305609478085,1,1
3.0,15,0,0,0.0008131714491181984,2.361483649815078,1,1
3.0,15,0,1,0.0017944894691447177,1.9709291968241485,1,1
3.0,15,0,2,0.0008131713766415503,2.276146415267707,1,1
3.0,15,0,3,0.0008131713373127836,2.0279188109624426,1,1
3.0,15,0,4,0.001794573868409338,2.1203454904592896,1,1
3.0,15,0,5,0.001794574123024805,1.1545706260749662,1,1
3.0,15,0,6,0.0008131713777496648,2.074451818578696,1,1
3.0,15,0,7,0.0011837138380102516,1.6612850920389979,1,1
3.0,15,0,8,0.0008131713776528781,2.164832934055451,1,1
3.0,15,0,9,0.0008131712984345049,2.3613127015640383,1,1
3.0,15,1,0,0.0003331534951542904,2.4929773991188546,1,1
3.0,15,1,1,0.0010012488673257095,1.706195709599288,1,1
3.0,15,1,2,0.0011856028879830118,1.3571000967146747,1,1
3.0,15,1,3,0.0009008272092537998,1.7390920335173352,1,1
3.0,15,1,4,0.0012791455164496118,1.8043915561193367,1,1
3.0,15,1,5,0.000178299032205498,3.5603338026219835,1,1
3.0,15,1,6,0.0004658657117615723,3.2828436948545217,1,1
3.0,15,1,7,0.000252201546547584,2.8512463873828295,1,1
3.0,15,1,8,0.0009008272088445251,1.738502692364323,1,1
3.0,15,1,9,0.00033315367049326035,2.0619901919883423,1,1
3.0,15,2,0,0.0016975411953144709,1.0600519992446584,1,1
3.0,15,2,1,0.0018562870347774028,0.9926553252022664,1,1
3.0,15,2,2,0.0018563512113038542,0.9637503915816059,1,1
3.0,15,2,3,0.0002751919289468618,1.8232235500506504,1,1
3.0,15,2,4,0.0018562858450338626,1.0061349590227477,1,1
3.0,15,2,5,0.0010425241123842958,1.778101595542065,1,1
3.0,15,2,6,0.0010425241866472822,1.6531116316004533,1,1
3.0,15,2,7,0.001779220108529916,0.8374790156254012,1,1
3.0,15,2,8,0.0006272381042083607,2.6732707658348613,1,1
3.0,15,2,9,0.0018563506237797302,0.900947816609096,1,1
3.0,16,0,0,0.0012672064982483858,1.5597668788140067,1,1
3.0,16,0,1,0.00038134701414003277,4.123572443319192,1,1
3.0,16,0,2,0.0003848424351060475,3.8299893232437037,1,1
3.0,16,0,3,0.0007595368459440926,2.1404080331049298,1,1
3.0,16,0,4,0.0003850140901296763,4.119522739493428,1,1
3.0,16,0,5,0.0007595368383236172,2.1446582557534284,1,1
3.0,16,0,6,0.00026732848928481964,3.2042759004435326,1,1
3.0,16,0,7,0.0002673284911037932,3.2618654367008038,1,1
3.0,16,0,8,0.0003176706643851985,4.532627722477258,1,1
3.0,16,0,9,0.0002673284913205892,3.529216429990372,1,1
3.0,16,1,0,0.0027474429762767475,1.112682235519141,1,1
3.0,16,1,1,0.00031225747625268885,4.926246284511591,1,1
3.0,16,1,2,0.0002749656899920356,4.684593046495915,1,1
3.0,16,1,3,0.0003122697312214367,4.895169015925491,1,1
3.0,16,1,4,0.0011426142809167336,3.8715968628451676,1,1
3.0,16,1,5,0.00032045922022462927,5.5343550367850325,1,1
3.0,16,1,6,0.0011426142791804532,4.024380675439543,1,1
3.0,16,1,7,0.00274744297646476,1.0899337649543852,1,1
3.0,16,1,8,0.0003206114070004185,5.434690463490444,1,1
3.0,16,1,9,0.003966176603988428,0.4639791333489097,1,1
3.0,16,2,0,0.0012100830014986936,1.4573296304506578,1,1
3.0,16,2,1,0.0007493688655935897,2.2869338662312964,1,1
3.0,16,2,2,0.0011793507471517927,1.4160426607844043,1,1
3.0,16,2,3,0.0012409986029363936,1.5567604675359914,1,1
3.0,16,2,4,0.000325097408166258,5.076856262098474,1,1
3.0,16,2,5,0.0010465866666529802,1.5248381887273232,1,1
3.0,16,2,6,0.0012100831175864955,1.4104436547534116,1,1
3.0,16,2,7,0.0004024046217404146,4.508677174252366,1,1
3.0,16,2,8,0.00046718170417208305,4.3429905358052725,1,1
3.0,16,2,9,0.0012686377136876168,1.4330594900358897,1,1
3.0,17,0,0,0.0013776550999770895,1.4665907695650666,1,1
3.0,17,0,1,0.004093564012249084,0.38976891603099567,1,1
3.0,17,0,2,0.0006314368282968048,2.7152155216484415,1,1
3.0,17,0,3,0.0013776556280333829,1.5641210316069014,1,1
3.0,17,0,4,0.0010688397835552678,1.879803900092163,1,1
3.0,17,0,5,0.0013776547612219584,1.6425512310918204,1,1
3.0,17,0,6,0.000536668626597083,3.0955359079202447,1,1
3.0,17,0,7,0.004093564012930159,0.6905481346219701,1,1
3.0,17,0,8,0.0009817366327064148,1.6724957492417842,1,1
3.0,17,0,9,0.0013145547044302055,1.7081944641028874,1,1
3.0,17,1,0,0.00032689380230714783,1.7390325355758918,1,1
3.0,17,1,1,0.00017634320584232404,2.499675694909273,1,1
3.0,17,1,2,0.0018268386558293623,0.9555384676060825,1,1
3.0,17,1,3,0.0022835732334617388,0.953207382585072,1,1
3.0,17,1,4,0.0008146526971139461,2.4088241688915715,1,1
3.0,17,1,5,0.0008965431251970822,2.0365886817408767,1,1
3.0,17,1,6,0.0008146526969666236,2.122090378576936,1,1
3.0,17,1,7,0.0022835740288658576,0.66227646906719,1,1
3.0,17,1,8,0.0011928800166331004,2.1905007589532746,1,1
3.0,17,1,9,0.000543479789271307,2.8847418350170284,1,1
3.0,17,2,0,0.0013627700731949177,1.2733109764987063,1,1
3.0,17,2,1,0.0005400146659848784,2.708841649842976,1,1
3.0,17,2,2,0.0004043675397508495,3.574294080522623,1,1
3.0,17,2,3,0.00040439547432357347,3.5543664751932713,1,1
3.0,17,2,4,0.0003475081308944106,1.8417418246904245,1,1
3.0,17,2,5,0.0009824791568199568,1.6606001569228905,1,1
3.0,17,2,6,0.001266003225376542,1.2878677651320174,1,1
3.0,17,2,7,0.0005080706746779818,3.2499933463315562,1,1
3.0,17,2,8,0.0006943768669081955,2.699577536454022,1,1
3.0,17,2,9,0.0012660033762276666,1.3334810768341694,1,1
3.0,18,0,0,0.0017464174690267403,1.051098483414887,1,1
3.0,18,0,1,0.0015018370266406253,1.3669167333451018,1,1
3.0,18,0,2,0.0002715524351302139,3.5674064460657227,1,1
3.0,18,0,3,0.002056908167134236,0.9570988717562163,1,1
3.0,18,0,4,0.001501837164199543,2.1766215199617416,1,1
3.0,18,0,5,0.0007750959353982737,1.9504847703916073,1,1
3.0,18,0,6,0.0007751132518957422,2.0868306238627574,1,1
3.0,18,0,7,0.001091259505741754,2.0955977110645287,1,1
3.0,18,0,8,0.0017886236242447237,1.4427018358109185,1,1
3.0,18,0,9,0.00029626843414552316,2.297563122829086,1,1
3.0,18,1,0,0.0005545136358264329,2.766177998290818,1,1
3.0,18,1,1,0.0003289462503420068,2.762577188808693,1,1
3.0,18,1,2,0.0006356578307024095,2.555626794097238,1,1
3.0,18,1,3,0.0006356588391900655,2.4931570017694447,1,1
3.0,18,1,4,0.00032894625693356415,2.170272019875521,1,1
3.0,18,1,5,0.0009874412193738747,2.040229125720863,1,1
3.0,18,1,6,0.0011200524551807601,1.4498853504753555,1,1
3.0,18,1,7,0.0011200509593375602,1.5070903325002425,1,1
3.0,18,1,8,0.0006356660093670358,2.913474638011907,1,1
3.0,18,1,9,0.0009874418005415713,2.009843112223191,1,1
3.0,18,2,0,0.0025651761541786457,1.0937820707894654,1,1
3.0,18,2,1,0.0005070801064596902,4.657034023951025,1,1
3.0,18,2,2,0.0005070503627131407,4.922108966613254,1,1
3.0,18,2,3,0.0006117972963560197,4.426837699390331,1,1
3.0,18,2,4,0.000796854794428191,2.3626729423556267,1,1
3.0,18,2,5,0.002565175868102119,1.7129151458492338,1,1
3.0,18,2,6,0.0006868199073795859,2.7299865421221767,1,1
3.0,18,2,7,0.0007968577826569104,4.202930001799406,1,1
3.0,18,2,8,0.0005070502448875547,4.963434381615704,1,1
3.0,18,2,9,0.002565175882230778,1.3530257583198197,1,1
3.0,19,0,0,0.0006845999398612703,2.975107917220167,1,1
3.0,19,0,1,0.00034169916000366326,1.6585188889773659,1,1
3.0,19,0,2,0.0002775650950829504,2.147595168634357,1,1
3.0,19,0,3,0.0006845954464790184,3.101806899713988,1,1
3.0,19,0,4,0.00032279517756175427,1.9405848821294025,1,1
3.0,19,0,5,0.0006846013780434689,3.0216862457160834,1,1
3.0,19,0,6,0.0003416991599651382,1.625063468336644,1,1
3.0,19,0,7,0.0009571342935611295,1.9548464625198376,1,1
3.0,19,0,8,0.0005732606019177962,1.3320451183738917,1,1
3.0,19,0,9,0.0009570499088520005,1.9335125117704997,1,1
3.0,19,1,0,0.0007743726841328555,2.095079855716792,1,1
3.0,19,1,1,0.0006389990031686345,2.7407784570982705,1,1
3.0,19,1,2,0.0011680757126469063,1.8746801375734818,1,1
3.0,19,1,3,0.00024863834062944113,1.8482449197465316,1,1
3.0,19,1,4,0.00077436766759271,2.1231321833677943,1,1
3.0,19,1,5,0.0006389990733730619,2.8969675322357715,1,1
3.0,19,1,6,0.0006389941397040921,2.807873595618273,1,1
3.0,19,1,7,0.0006389940796033349,2.780046477557301,1,1
3.0,19,1,8,0.0006389940715099267,2.847446723809521,1,1
3.0,19,1,9,0.0007743722659300721,2.688493954525113,1,1
3.0,19,2,0,0.0010735394222366364,1.8900765367931842,1,1
3.0,19,2,1,0.0008377952665209267,1.850654449325112,1,1
3.0,19,2,2,0.0008654078586437131,2.2095013138479875,1,1
3.0,19,2,3,0.0005873641882968978,2.989659377895975,1,1
3.0,19,2,4,0.0008654078653043621,2.205073382351553,1,1
3.0,19,2,5,0.0007715941816850223,2.446049875572191,1,1
3.0,19,2,6,0.000787073083528668,2.292273667514111,1,1
3.0,19,2,7,0.0007870741821983772,2.28355522745442,1,1
3.0,19,2,8,0.0007715960199368815,2.3520738385779,1,1
3.0,19,2,9,0.0010735392322143147,1.923002814846324,1,1
3.0,20,0,0,0.00029311921111779154,2.109771187111097,1,1
3.0,20,0,1,0.000632860738827201,2.5810270744352564,1,1
3.0,20,0,2,0.0005407370152736382,2.75610213430919,1,1
3.0,20,0,3,0.0002931192110914778,1.8642660816689205,1,1
3.0,20,0,4,0.0006328607393065012,2.7941154201855833,1,1
3.0,20,0,5,0.0005129196439359832,2.56301692601787,1,1
3.0,20,0,6,0.00103404998641818,1.6712604665490234,1,1
3.0,20,0,7,0.0007447619067976818,1.7529115187845632,1,1
3.0,20,0,8,0.0005992955198707138,2.334068512438684,1,1
3.0,20,0,9,0.0010340499875316936,1.6703375057048844,1,1
3.0,20,1,0,0.0003403143295944425,2.1780091588460846,1,1
3.0,20,1,1,0.0004730324159080759,3.6513993396658493,1,1
3.0,20,1,2,0.001318452477435986,1.3771539661245602,1,1
3.0,20,1,3,0.0005851726196504658,3.608096212788572,1,1
3.0,20,1,4,0.001394799845918667,1.152898552674492,1,1
3.0,20,1,5,0.0013184524814831616,2.041880399482083,1,1
3.0,20,1,6,0.0016837212201155616,1.1619958177826621,1,1
3.0,20,1,7,0.0013184524839374857,1.379542898606546,1,1
3.0,20,1,8,0.0005851726196666007,3.6707011033793826,1,1
3.0,20,1,9,0.0013947997950228682,1.0954696591347182,1,1
3.0,20,2,0,0.029678048016779816,0.20057253773263883,1,1
3.0,20,2,1,0.003381528158984914,1.2696727984812033,1,1
3.0,20,2,2,0.02967804755565351,0.49534416608751075,1,1
3.0,20,2,3,0.02967804757277472,0.15942511091486194,1,1
3.0,20,2,4,0.00037917025834220035,4.36319873642571,1,1
3.0,20,2,5,0.0012543733811340334,1.6895067853209,1,1
3.0,20,2,6,0.0012543733897356524,2.468641428271105,1,1
3.0,20,2,7,0.029678060998414368,0.31763218086702666,1,1
3.0,20,2,8,0.00683220612187302,0.2688605735277799,1,1
3.0,20,2,9,0.0030310422862889277,1.267500263264355,1,1
3.0,21,0,0,0.000647927292433202,3.0913280739542617,1,1
3.0,21,0,1,0.0008761925471920224,2.418789812292926,1,1
3.0,21,0,2,0.0003308146710627693,1.8824662174481084,1,1
3.0,21,0,3,0.00017362521324336075,3.2192366496636136,1,1
3.0,21,0,4,0.0006479271724591894,3.1462739942886557,1,1
3.0,21,0,5,0.0005584668230556288,3.0912125091143348,1,1
3.0,21,0,6,0.0008761925503707224,2.1282243053996757,1,1
3.0,21,0,7,0.00021647270826030633,3.5749995145502664,1,1
3.0,21,0,8,0.00027445375268174665,1.7675416131846649,1,1
3.0,21,0,9,0.0006479292964385506,2.4633325753841744,1,1
3.0,21,1,0,0.0013413992174305008,1.9038186190793338,1,1
3.0,21,1,1,0.001552160446897691,1.1626073781387887,1,1
3.0,21,1,2,0.0013293535308878822,2.3751833614778857,1,1
3.0,21,1,3,0.001329353786814701,1.7107038449208836,1,1
3.0,21,1,4,0.001552159213380313,1.511399799126766,1,1
3.0,21,1,5,0.0006726706540777352,2.3937818138215734,1,1
3.0,21,1,6,0.001329353784807966,1.9749805145786443,1,1
3.0,21,1,7,0.001552159220526813,1.3617090999984276,1,1
3.0,21,1,8,0.001329353529460343,1.433967547682451,1,1
3.0,21,1,9,0.0005808814392428761,3.519547324675564,1,1
3.0,21,2,0,0.002074819389705297,1.6427204485553237,1,1
3.0,21,2,1,0.00047586326325072995,4.838327991477154,1,1
3.0,21,2,2,0.0006488681000044953,4.216578662597064,1,1
3.0,21,2,3,0.0006311491666585313,2.5395057299883925,1,1
3.0,21,2,4,0.02367866159175026,0.4978418819020089,1,1
3.0,21,2,5,0.00207481957255021,2.3825716809355724,1,1
3.0,21,2,6,0.0006488596418695051,2.6833800955647935,1,1
3.0,21,2,7,0.0020748193874045987,2.2361186196867897,1,1
3.0,21,2,8,0.023678661591756255,0.5885611541040207,1,1
3.0,21,2,9,0.0030979427009355212,0.9325356853639168,1,1
3.0,22,0,0,0.006488832401323941,0.694281930785364,1,1
3.0,22,0,1,0.00017526650598635344,3.282865979970263,1,1
3.0,22,0,2,0.0009649274442033846,2.418791282853373,1,1
3.0,22,0,3,0.00017526672357038098,3.1964846646591987,1,1
3.0,22,0,4,0.006488832401184393,0.6510913351115919,1,1
3.0,22,0,5,0.0005956882970706267,3.220066080646502,1,1
3.0,22,0,6,0.00017526656254530871,3.0699409433228473,1,1
3.0,22,0,7,0.0028470978071519675,1.1182738494439197,1,1
3.0,22,0,8,0.0005984754970746607,1.7483624505192346,1,1
3.0,22,0,9,0.001081499132438623,2.199274526107355,1,1
3.0,22,1,0,0.0014145404989311557,1.8633539371312222,1,1
3.0,22,1,1,0.0014849831693040418,1.4926054047840551,1,1
3.0,22,1,2,0.0014849831748626095,1.252384866256132,1,1
3.0,22,1,3,0.0002316633865510688,2.965695889958451,1,1
3.0,22,1,4,0.00023166203782930476,2.9114868755477117,1,1
3.0,22,1,5,0.0007853123715322513,2.3765022148833848,1,1
3.0,22,1,6,0.000581893684068429,2.7631859325328074,1,1
3.0,22,1,7,0.0003045980791916982,2.2769067578946913,1,1
3.0,22,1,8,0.0014145388166453797,1.466529187731105,1,1
3.0,22,1,9,0.0014597651934441438,1.2765857243590923,1,1
3.0,22,2,0,0.0013360802448022428,1.9884788577421386,1,1
3.0,22,2,1,0.0007813954688527975,2.3966651160828056,1,1
3.0,22,2,2,0.0007723314659294133,2.097478627364265,1,1
3.0,22,2,3,0.0011360292818586725,2.0093355210256987,1,1
3.0,22,2,4,0.0007723250926071456,2.543530941610161,1,1
3.0,22,2,5,0.0002961462601587187,2.3682657622887864,1,1
3.0,22,2,6,0.0007813949749460759,2.398397002392547,1,1
3.0,22,2,7,0.0007723314643071526,2.4566162797585993,1,1
3.0,22,2,8,0.0007813826832496936,2.368210925592728,1,1
3.0,22,2,9,0.0013262397438412938,1.4229371126763388,1,1
3.0,23,0,0,0.0010953493195309404,1.8692833362222514,1,1
3.0,23,0,1,0.0006623963511251506,2.5271626922617214,1,1
3.0,23,0,2,0.0001939421683822604,2.698919655448596,1,1
3.0,23,0,3,0.000632188226290036,3.0413940522255456,1,1
3.0,23,0,4,0.0005579791287525967,3.140701881297531,1,1
3.0,23,0,5,0.0006324346913527193,3.1144759615541853,1,1
3.0,23,0,6,0.0008794747661519573,1.8811370329786863,1,1
3.0,23,0,7,0.0010953499763127156,1.756881497811208,1,1
3.0,23,0,8,0.0006623963655948192,3.020344760049585,1,1
3.0,23,0,9,0.0004291997430054611,1.665224067527951,1,1
3.0,23,1,0,0.00033475626048547186,2.627068564044671,1,1
3.0,23,1,1,0.0005324807133573087,3.3171579469191137,1,1
3.0,23,1,2,0.00033475623213770887,2.6065357590495823,1,1
3.0,23,1,3,0.0013314947830750364,1.5214235447284183,1,1
3.0,23,1,4,0.00133150017909074,1.4776161602489684,1,1
3.0,23,1,5,0.000532481967795707,3.13805527252857,1,1
3.0,23,1,6,0.0009541964923535553,2.6054133064244662,1,1
3.0,23,1,7,0.0005829629898414383,3.4313693289189846,1,1
3.0,23,1,8,0.0016572574993202198,1.1092379907068557,1,1
3.0,23,1,9,0.0006921219711945545,2.5982090709030703,1,1
3.0,23,2,0,0.001207373878113368,1.730410459830018,1,1
3.0,23,2,1,0.0003537481395433952,3.678440050752442,1,1
3.0,23,2,2,0.00043836182694317394,3.869977050677914,1,1
3.0,23,2,3,0.0004940577397773675,3.486655546359057,1,1
3.0,23,2,4,0.00029053439659395235,2.7452358407643445,1,1
3.0,23,2,5,0.00029053439661238584,2.704786141338489,1,1
3.0,23,2,6,0.0004940501268118734,3.482807305446798,1,1
3.0,23,2,7,0.000501983800068407,3.7907926567393773,1,1
3.0,23,2,8,0.0009067398786781574,1.7802726907051185,1,1
3.0,23,2,9,0.000785335239645436,2.1148633776446704,1,1
3.0,24,0,0,0.0010454480734612645,1.8173615240099183,1,1
3.0,24,0,1,0.0008732294727137536,2.132104295988667,1,1
3.0,24,0,2,0.0011029683029585512,2.1029136768207666,1,1
3.0,24,0,3,0.0010007970160381342,1.6818737506633825,1,1
3.0,24,0,4,0.0008732293959676748,2.159751005143267,1,1
3.0,24,0,5,0.0005495874283564604,2.4766557018587725,1,1
3.0,24,0,6,0.0010007968065752794,1.7413531641239413,1,1
3.0,24,0,7,0.00117907483768192,1.6979752316117074,1,1
3.0,24,0,8,0.0008184169189326649,2.2567550503963796,1,1
3.0,24,0,9,0.00030696045167535256,2.0830938326432893,1,1
3.0,24,1,0,0.0006132907041130956,2.763806255941314,1,1
3.0,24,1,1,0.0007108802516143413,2.375632374968642,1,1
3.0,24,1,2,0.000613286693033508,2.773069664410392,1,1
3.0,24,1,3,0.0007899364951858567,2.3183695292741633,1,1
3.0,24,1,4,0.001211472006082986,1.86479508936872,1,1
3.0,24,1,5,0.0007899373500562903,2.237745464572141,1,1
3.0,24,1,6,0.0012570981821812897,1.4626326210281195,1,1
3.0,24,1,7,0.0004053953530071785,1.3792517989213922,1,1
3.0,24,1,8,0.0012351385736874571,2.092307840332435,1,1
3.0,24,1,9,0.0012114716688572313,1.7985957855668229,1,1
3.0,24,2,0,0.0002863152175948167,3.2038237655227793,1,1
3.0,24,2,1,0.00035864445619278475,2.269894523393332,1,1
3.0,24,2,2,0.0004612797523057642,3.9521629360541635,1,1
3.0,24,2,3,0.00047954136752957177,3.277085509407398,1,1
3.0,24,2,4,0.00046128036882966007,3.9533399262796296,1,1
3.0,24,2,5,0.001541066193735095,1.4509177276858707,1,1
3.0,24,2,6,0.0015816744537115166,1.3479164877145722,1,1
3.0,24,2,7,0.00042392902425402714,3.955045055753298,1,1
3.0,24,2,8,0.0004612817098805134,3.9612880563190678,1,1
3.0,24,2,9,0.0006176964771082461,2.331663644860217,1,1
3.0,25,0,0,0.001064275728458582,2.134842373785204,1,1
3.0,25,0,1,0.0004886733010010407,3.5015647765482285,1,1
3.0,25,0,2,0.0004886731748320949,3.4835428162516036,1,1
3.0,25,0,3,0.0008052415238243331,2.1799873059545507,1,1
3.0,25,0,4,0.001976367867331295,1.084548146634341,1,1
3.0,25,0,5,0.0005400478185859348,2.7879450690414207,1,1
3.0,25,0,6,0.0007396374909516901,2.7290100200475247,1,1
3.0,25,0,7,0.0020007881645851323,1.6652644415118742,1,1
3.0,25,0,8,0.0019763687644361893,1.0187511944793097,1,1
3.0,25,0,9,0.000541883655998809,2.552621464469218,1,1
3.0,25,1,0,0.0002629714160337763,2.65364566255454,1,1
3.0,25,1,1,0.000389941695280627,3.38542065224063,1,1
3.0,25,1,2,0.001837719125789955,1.405831729817853,1,1
3.0,25,1,3,0.0018557786406906054,1.269241347712676,1,1
3.0,25,1,4,0.0005167258598698025,3.6779552735052228,1,1
3.0,25,1,5,0.00026297142275452347,2.559511445025275,1,1
3.0,25,1,6,0.0018557786362995387,1.1647438367893714,1,1
3.0,25,1,7,0.0002629714199795589,2.4387913377137314,1,1
3.0,25,1,8,0.0018557786367171649,1.2607085334867107,1,1
3.0,25,1,9,0.000981182908450013,1.7971211841936563,1,1
3.0,25,2,0,0.0012406091200622723,1.3641496631346561,1,1
3.0,25,2,1,0.0006535763128564678,2.5397717148155916,1,1
3.0,25,2,2,0.0012005020591979436,1.3678457117851492,1,1
3.0,25,2,3,0.0006604161968999051,2.4400664658289344,1,1
3.0,25,2,4,0.0012005061230285022,1.2682486922585567,1,1
3.0,25,2,5,0.0012406091194369893,2.0778551779675127,1,1
3.0,25,2,6,0.0012005061677376227,1.6418766220133003,1,1
3.0,25,2,7,0.0006786956715621448,2.6024460604740276,1,1
3.0,25,2,8,0.0012406090761623422,2.0831478484210297,1,1
3.0,25,2,9,0.0007924647429387263,1.6199593858421277,1,1
3.0,26,0,0,0.0011523066406520185,1.6379549472278778,1,1
3.0,26,0,1,0.0005682147888683547,3.4210993945775288,1,1
3.0,26,0,2,0.00017378729614653222,3.8326570614137307,1,1
3.0,26,0,3,0.0011523066407470002,1.6893383239062514,1,1
3.0,26,0,4,0.0002882401858128982,3.244781340390927,1,1
3.0,26,0,5,0.0005682158919452536,4.113682148623103,1,1
3.0,26,0,6,0.0010438460441390635,2.382304958471844,1,1
3.0,26,0,7,0.0011523066406909778,1.7536873086195104,1,1
3.0,26,0,8,0.00028824018542962515,2.9237992020250445,1,1
3.0,26,0,9,0.0010438460440071573,2.4117120142840927,1,1
3.0,26,1,0,0.0006263658972801914,3.069695563822319,1,1
3.0,26,1,1,0.0005817721531782681,2.693978931144004,1,1
3.0,26,1,2,0.0011874780890374918,1.8054442586849226,1,1
3.0,26,1,3,0.0004218828276178613,4.14845600335396,1,1
3.0,26,1,4,0.000421884470910965,4.291373325469082,1,1
3.0,26,1,5,0.000972531401758349,1.7267015280516027,1,1
3.0,26,1,6,0.001187478089072469,1.6811584074322568,1,1
3.0,26,1,7,0.000581771898881752,3.381686750931228,1,1
3.0,26,1,8,0.0009519617127268956,2.027058773424732,1,1
3.0,26,1,9,0.0005817721460329047,3.048148550378533,1,1
3.0,26,2,0,0.0009512414767390502,1.7629354282859313,1,1
3.0,26,2,1,0.0009512414766793361,1.7287431854590745,1,1
3.0,26,2,2,0.0007177231259190743,3.743603473425141,1,1
3.0,26,2,3,0.0003117902863700942,1.9893797774579205,1,1
3.0,26,2,4,0.0003117902863434011,2.6336583403987297,1,1
3.0,26,2,5,0.0004286189390126214,4.700965279564653,1,1
3.0,26,2,6,0.00042861895454198465,4.557099838329906,1,1
3.0,26,2,7,0.0009512414767385243,1.6545214866301203,1,1
3.0,26,2,8,0.0010943290809181348,1.5623833625130092,1,1
3.0,26,2,9,0.0009512414763871922,1.74421409594641,1,1
3.0,27,0,0,0.0004983203794539709,2.8184639667100546,1,1
3.0,27,0,1,0.0008236944905528663,2.1978405636744385,1,1
3.0,27,0,2,0.0007581547088781099,2.2709985865003217,1,1
3.0,27,0,3,0.0007679560101344062,2.5596730582103233,1,1
3.0,27,0,4,0.000286444088605745,2.0862134756216086,1,1
3.0,27,0,5,0.000823694011919386,2.1778006556997798,1,1
3.0,27,0,6,0.00034603390456202526,2.4514584136529494,1,1
3.0,27,0,7,0.0007547791196220331,2.259849186593249,1,1
3.0,27,0,8,0.0007679683261992249,2.85171589766257,1,1
3.0,27,0,9,0.00032979762402375655,1.8718835352562202,1,1
3.0,27,1,0,0.0004957659804038459,3.117350958447113,1,1
3.0,27,1,1,0.0014419061675632432,1.506655440319619,1,1
3.0,27,1,2,0.0011279479878176502,1.6811521703723118,1,1
3.0,27,1,3,0.00046242714347034694,4.863443559798476,1,1
3.0,27,1,4,0.0004957758778193981,4.171157956578265,1,1
3.0,27,1,5,0.000721589031531468,2.343781091820284,1,1
3.0,27,1,6,0.0004957693184779862,4.226283807772844,1,1
3.0,27,1,7,0.0014419056444515087,1.9074578280581602,1,1
3.0,27,1,8,0.0011279479879448457,1.6033960742408242,1,1
3.0,27,1,9,0.001441911643907729,2.29290086517481,1,1
3.0,27,2,0,0.0008298904468309464,2.657222592548451,1,1
3.0,27,2,1,0.0004509541851368475,4.23370246213016,1,1
3.0,27,2,2,0.001735652528985242,1.3655339841876473,1,1
3.0,27,2,3,0.0006811384048659143,3.1897953495265168,1,1
3.0,27,2,4,0.0019479630004999382,1.3422708724834558,1,1
3.0,27,2,5,0.0017157229346665783,0.9683123954157302,1,1
3.0,27,2,6,0.0011149720833892565,1.6576359404207996,1,1
3.0,27,2,7,0.0004509492211396821,3.7834359021517376,1,1
3.0,27,2,8,0.000450954282253044,3.90507854554445,1,1
3.0,27,2,9,0.0006100228288902859,3.83524750476928,1,1
3.0,28,0,0,0.0007652205457734244,2.217785772638599,1,1
3.0,28,0,1,0.0008012940867805255,2.0644561244139292,1,1
3.0,28,0,2,0.00033564752774212957,2.1033537068049646,1,1
3.0,28,0,3,0.0009364157776306676,2.1551261725885063,1,1
3.0,28,0,4,0.0003356475277509136,2.1027309853922276,1,1
3.0,28,0,5,0.0007651945312582414,2.3567745740874138,1,1
3.0,28,0,6,0.0007651834818210588,2.3111722610168948,1,1
3.0,28,0,7,0.0007233451283274793,2.1412594446268187,1,1
3.0,28,0,8,0.000765194235628208,2.350325956251637,1,1
3.0,28,0,9,0.0009364157882062178,1.9166069535301973,1,1
3.0,28,1,0,0.0012565398549733973,1.4639297335300026,1,1
3.0,28,1,1,0.0011582740131788171,1.4806021105187246,1,1
3.0,28,1,2,0.0011582740182946006,1.9736190157831413,1,1
3.0,28,1,3,0.0007417459463756305,3.1798611713806735,1,1
3.0,28,1,4,0.0007771516686620447,2.2270246121226034,1,1
3.0,28,1,5,0.0011582740138057254,1.538386313279545,1,1
3.0,28,1,6,0.001264346673501668,1.3617829390097334,1,1
3.0,28,1,7,0.0012782627812440118,1.4680741231107153,1,1
3.0,28,1,8,0.000741739864692635,2.4196088571739818,1,1
3.0,28,1,9,0.0005267649424538369,2.786146137380709,1,1
3.0,28,2,0,0.0008713155837226542,1.9548240670163297,1,1
3.0,28,2,1,0.0003272415704504314,2.0034522386252296,1,1
3.0,28,2,2,0.0009656727360596114,1.6579784240799096,1,1
3.0,28,2,3,0.0008485540473095131,2.2353371922131657,1,1
3.0,28,2,4,0.0008485435441153486,2.418190627207139,1,1
3.0,28,2,5,0.0008485435441361275,2.30268412772786,1,1
3.0,28,2,6,0.0005565881019586772,2.138468237282342,1,1
3.0,28,2,7,0.0006788285738342168,2.4054559801645357,1,1
3.0,28,2,8,0.0009153352448292612,2.1521663908338917,1,1
3.0,28,2,9,0.0009656727283690188,1.9597136700234965,1,1
3.0,29,0,0,0.0006668063447858208,2.379073525180183,1,1
3.0,29,0,1,0.0006668063899918457,2.905286861832739,1,1
3.0,29,0,2,0.0007714561246859351,2.656561839371793,1,1
3.0,29,0,3,0.0010652704364475928,1.664786610399449,1,1
3.0,29,0,4,0.0007135216019193757,2.3744525296242482,1,1
3.0,29,0,5,0.0011424718771785485,1.6676800798709233,1,1
3.0,29,0,6,0.0010502079806180347,1.7451110638426908,1,1
3.0,29,0,7,0.0010502080449832402,1.6931186440597132,1,1
3.0,29,0,8,0.0011424718749806387,1.766748090706087,1,1
3.0,29,0,9,0.0001969436662444995,3.0942698250543854,1,1
3.0,29,1,0,0.00021932598781043906,3.211415086761754,1,1
3.0,29,1,1,0.0015212171764612489,1.401209132768327,1,1
3.0,29,1,2,0.0011768269513053927,1.390773504818796,1,1
3.0,29,1,3,0.0005140451362068478,3.274426472349328,1,1
3.0,29,1,4,0.0008530216526888003,2.2131000960858587,1,1
3.0,29,1,5,0.00032716567047102416,1.9482573134393837,1,1
3.0,29,1,6,0.0001715074841360303,3.196723373748711,1,1
3.0,29,1,7,0.00017150788712381378,3.2297569527564303,1,1
3.0,29,1,8,0.000853021643371542,2.442121317352992,1,1
3.0,29,1,9,0.00017150748275709612,3.228503659857407,1,1
3.0,29,2,0,0.0001606179495334433,3.4827250635584277,1,1
3.0,29,2,1,0.00032243426668543683,2.0194798476519935,1,1
3.0,29,2,2,0.0008383397479109747,2.656650610228025,1,1
3.0,29,2,3,0.0003224342667637406,2.00741548939038,1,1
3.0,29,2,4,0.0011681305888726595,1.389958235839634,1,1
3.0,29,2,5,0.0001606177187249614,3.482128061684224,1,1
3.0,29,2,6,0.0008383397494198795,2.335633799660482,1,1
3.0,29,2,7,0.0014605219042009435,1.2463630331086235,1,1
3.0,29,2,8,0.0008383397490777501,2.644462587181788,1,1
3.0,29,2,9,0.0014605219040570861,1.4175077798235536,1,1
3.0,30,0,0,0.007023638143486642,0.30404060374344183,1,1
3.0,30,0,1,0.0006704948765004794,2.7411063980784562,1,1
3.0,30,0,2,0.0008413841907611912,2.7148049573053843,1,1
3.0,30,0,3,0.0002735605287646117,2.8956616287831705,1,1
3.0,30,0,4,0.0025128045302246407,2.714664422673946,1,1
3.0,30,0,5,0.0006704944709450795,2.7892647709094933,1,1
3.0,30,0,6,0.00027356048516541316,3.063563853378435,1,1
3.0,30,0,7,0.0030918790090271957,1.2023533291971513,1,1
3.0,30,0,8,0.00022445969458549734,2.870679277100551,1,1
3.0,30,0,9,0.00022445974813685763,2.8698567256387784,1,1
3.0,30,1,0,0.0012669654465291959,1.6245333225690797,1,1
3.0,30,1,1,0.0012675943454160518,1.4714406730598817,1,1
3.0,30,1,2,0.0012669656489927472,1.741052979417102,1,1
3.0,30,1,3,0.0002322864372064949,3.0966631657356922,1,1
3.0,30,1,4,0.0012900508783350976,1.7384304100336856,1,1
3.0,30,1,5,0.0010374121296015055,1.731969590535918,1,1
3.0,30,1,6,0.00023228640968460065,3.0985339041439444,1,1
3.0,30,1,7,0.0010374117162015378,1.6890786127709625,1,1
3.0,30,1,8,0.0010270018309205243,1.474137421960267,1,1
3.0,30,1,9,0.0002322862889614126,2.972315462212272,1,1
3.0,30,2,0,0.0005670303969407046,3.1741741860472446,1,1
3.0,30,2,1,0.000578331595767738,3.152649012023137,1,1
3.0,30,2,2,0.00024109698310152507,3.169865254825519,1,1
3.0,30,2,3,0.000664712460100477,3.4509592404053184,1,1
3.0,30,2,4,0.0011907085744753691,1.7937518284179523,1,1
3.0,30,2,5,0.0019557739517542766,1.1802024749668425,1,1
3.0,30,2,6,0.00066471218726355,3.1662178791076045,1,1
3.0,30,2,7,0.0005783323784046665,3.1264630997202993,1,1
3.0,30,2,8,0.0019557803553343443,1.2685878549235994,1,1
3.0,30,2,9,0.001955780081881239,1.1238996743415823,1,1
3.0,31,0,0,0.0007241695491792187,2.9082210835293543,1,1
3.0,31,0,1,0.0005489517823520652,2.9496303922969846,1,1
3.0,31,0,2,0.0011494253177654898,1.6338651311619836,1,1
3.0,31,0,3,0.000488120630039991,2.9752647773230914,1,1
3.0,31,0,4,0.0005489516654493313,2.9388207651475224,1,1
3.0,31,0,5,0.0006304433471935552,2.7042516156252394,1,1
3.0,31,0,6,0.0007241699777985993,2.7401382697529764,1,1
3.0,31,0,7,0.00022728764953621703,3.0675919701865197,1,1
3.0,31,0,8,0.001262653981861095,1.4370402526747001,1,1
3.0,31,0,9,0.0012332826710933864,1.6734329398748347,1,1
3.0,31,1,0,0.0011112192068271935,1.9091075683378447,1,1
3.0,31,1,1,0.0007321346068012448,2.2360404744896534,1,1
3.0,31,1,2,0.001306542925861347,2.0766267396491638,1,1
3.0,31,1,3,0.0009439598295815367,1.9549973281465491,1,1
3.0,31,1,4,0.0007935118695058444,2.1220057665856067,1,1
3.0,31,1,5,0.000832165413984405,2.2187950154260774,1,1
3.0,31,1,6,0.0008321667821887464,2.212314969139185,1,1
3.0,31,1,7,0.0008321667821881519,2.267798081461939,1,1
3.0,31,1,8,0.0007321348635688537,2.2400200856669743,1,1
3.0,31,1,9,0.001306542925861347,1.7209010716976603,1,1
3.0,31,2,0,0.0004620918938631922,3.3812979252228614,1,1
3.0,31,2,1,0.0008821010531614633,2.6565537810820787,1,1
3.0,31,2,2,0.0008890732627721687,0.9080380543638285,1,1
3.0,31,2,3,0.0008890732629511946,1.1026335096416708,1,1
3.0,31,2,4,0.0008890732629511946,0.826528881846968,1,1
3.0,31,2,5,0.0022381717069925194,1.3303877112071494,1,1
3.0,31,2,6,0.0004357220426403854,3.5585909929391613,1,1
3.0,31,2,7,0.002238171754815675,1.2987726778073934,1,1
3.0,31,2,8,0.0008821001901469527,2.5518536271899577,1,1
3.0,31,2,9,0.001133520354593685,1.5663629169761975,1,1
3.0,32,0,0,0.0008046656682198387,2.198241572333317,1,1
3.0,32,0,1,0.0008046674781254158,2.193088459293347,1,1
3.0,32,0,2,0.0010761920405268103,1.623107920056726,1,1
3.0,32,0,3,0.0007186253893454385,2.653848229592333,1,1
3.0,32,0,4,0.0003164974977139926,2.4896492712570377,1,1
3.0,32,0,5,0.0009701080796250017,1.6162672909534455,1,1
3.0,32,0,6,0.0007186252388039376,2.3335729279690973,1,1
3.0,32,0,7,0.0004048514866812245,1.7185498284896665,1,1
3.0,32,0,8,0.0005736626692283105,3.0023221349942357,1,1
3.0,32,0,9,0.0003883124072174536,2.1440751955442585,1,1
3.0,32,1,0,0.0003097702857067863,1.9799352799955234,1,1
3.0,32,1,1,0.0005137543910261112,3.4236687507295533,1,1
3.0,32,1,2,0.00030977029098307743,1.9833119938727786,1,1
3.0,32,1,3,0.0012405402565485518,1.6483100734431262,1,1
3.0,32,1,4,0.0005137543396358524,3.4443250213108403,1,1
3.0,32,1,5,0.0012405402883712377,1.4466229715626253,1,1
3.0,32,1,6,0.0008344557302850564,2.7570218192619724,1,1
3.0,32,1,7,0.001220235393805958,1.4008593690189888,1,1
3.0,32,1,8,0.0012405402553079797,1.5566855005923526,1,1
3.0,32,1,9,0.000513754341187612,3.1370795811002257,1,1
3.0,32,2,0,0.0010541622784816524,2.5269181017583295,1,1
3.0,32,2,1,0.0009189086719806013,1.8753144073291639,1,1
3.0,32,2,2,0.0010541622272592763,2.904971388819669,1,1
3.0,32,2,3,0.004706940468411628,0.39312869515149934,1,1
3.0,32,2,4,0.0010594500711029557,1.4876795589162508,1,1
3.0,32,2,5,0.00031753035634412375,2.4832171124869826,1,1
3.0,32,2,6,0.0010541621427519663,2.5120296769671833,1,1
3.0,32,2,7,0.0010594499578431556,1.6909317507715567,1,1
3.0,32,2,8,0.0009189086768566525,1.9009479204284019,1,1
3.0,32,2,9,0.004706920045649977,0.5003417921712677,1,1
3.0,33,0,0,0.00044838846038739024,3.502358495459712,1,1
3.0,33,0,1,0.00044838853855392376,3.5070427060309726,1,1
3.0,33,0,2,0.0004483885397311824,3.5029516447691345,1,1
3.0,33,0,3,0.0007217772028520608,3.290246043010879,1,1
3.0,33,0,4,0.0006361980439536914,2.896214574618765,1,1
3.0,33,0,5,0.0007217772112567368,3.145945648372566,1,1
3.0,33,0,6,0.00044830976649175573,3.4970200702199303,1,1
3.0,33,0,7,0.0007217803396935771,3.074747898330937,1,1
3.0,33,0,8,0.004342884713328311,1.5747868021343019,1,1
3.0,33,0,9,0.004342884730021487,1.1212797259740992,1,1
3.0,33,1,0,0.0002938705346025108,2.4795326975417997,1,1
3.0,33,1,1,0.001468575010461781,1.3030102299972564,1,1
3.0,33,1,2,0.00041804715359157983,3.8084408445131834,1,1
3.0,33,1,3,0.00029387053230127674,1.9516438002987284,1,1
3.0,33,1,4,0.000418047148788989,3.796593275857972,1,1
3.0,33,1,5,0.001076442738235117,1.406991697538292,1,1
3.0,33,1,6,0.0004180471535538413,3.823141688980115,1,1
3.0,33,1,7,0.0014685758429299773,1.2484478712138247,1,1
3.0,33,1,8,0.000293870532321691,3.1581074924010277,1,1
3.0,33,1,9,0.0006273188991314705,2.3078055843904126,1,1
3.0,33,2,0,0.0009255344385829724,1.7237450556273723,1,1
3.0,33,2,1,0.00036068722903699076,1.8771546139194628,1,1
3.0,33,2,2,0.0008305586171207338,1.9425365255758755,1,1
3.0,33,2,3,0.0009255345430598831,1.7604047333975879,1,1
3.0,33,2,4,0.0003606872292437701,1.7017204591998891,1,1
3.0,33,2,5,0.0010256531711624632,2.798387396540197,1,1
3.0,33,2,6,0.00023351669620476218,2.8632753810427,1,1
3.0,33,2,7,0.000360687215111177,1.92791498284507,1,1
3.0,33,2,8,0.0009721138720011197,1.6317248825055448,1,1
3.0,33,2,9,0.0006086489905230707,2.85904376062084,1,1
3.0,34,0,0,0.0007873485968409047,2.2018471898877836,1,1
3.0,34,0,1,0.0009977176673270486,2.2058010774897685,1,1
3.0,34,0,2,0.0006758230947829747,2.332663686099638,1,1
3.0,34,0,3,0.001034717469390597,1.8323707982440298,1,1
3.0,34,0,4,0.0007362918562900494,2.2050532424837312,1,1
3.0,34,0,5,0.0009522296921009774,2.1615883496960717,1,1
3.0,34,0,6,0.0007530980533929545,2.399952670935689,1,1
3.0,34,0,7,0.00029540257366331287,2.1557173895584136,1,1
3.0,34,0,8,0.000666394078075989,2.417214138125136,1,1
3.0,34,0,9,0.0002884501776036652,1.9333455259845267,1,1
3.0,34,1,0,0.0002485412668084981,2.6179357785098114,1,1
3.0,34,1,1,0.0011237079432048838,1.5625905128606208,1,1
3.0,34,1,2,0.0007361470603323012,2.2660493232506846,1,1
3.0,34,1,3,0.0003103521311328978,2.1380116669128855,1,1
3.0,34,1,4,0.0002485412677252319,2.563895203432756,1,1
3.0,34,1,5,0.0006513593222377993,2.5347189452747396,1,1
3.0,34,1,6,0.00025104716681280615,2.2888757941346403,1,1
3.0,34,1,7,0.0003103521399314056,2.51255372027367,1,1
3.0,34,1,8,0.00025651819472292584,2.0415094274152774,1,1
3.0,34,1,9,0.0006767224455057329,2.3418619844807096,1,1
3.0,34,2,0,0.0002840787752109906,2.419742463350097,1,1
3.0,34,2,1,0.0006524158516914105,2.7839614397388166,1,1
3.0,34,2,2,0.0003331274566649289,1.739320022542086,1,1
3.0,34,2,3,0.0010697015518643118,1.7685718154458618,1,1
3.0,34,2,4,0.00068024318216107,2.5104988284915595,1,1
3.0,34,2,5,0.000680250681363682,2.5023962040321406,1,1
3.0,34,2,6,0.0003593510572888616,1.8234520223456716,1,1
3.0,34,2,7,0.0007589952398909832,2.4867415582314343,1,1
3.0,34,2,8,0.00038640991623070886,1.9473650909722633,1,1
3.0,34,2,9,0.0010697015525710674,1.6721055996405634,1,1
3.0,35,0,0,0.0006681168196244421,2.4164682851904,1,1
3.0,35,0,1,0.0010555685596591359,2.0454241332609433,1,1
3.0,35,0,2,0.0006870591241165988,2.874439057112759,1,1
3.0,35,0,3,0.0006681169227669472,2.6530488336325035,1,1
3.0,35,0,4,0.0009639846226114476,2.5046816874365962,1,1
3.0,35,0,5,0.0010665283010721476,1.7804961125714396,1,1
3.0,35,0,6,0.0006681172386916262,2.6961437521377825,1,1
3.0,35,0,7,0.0010555685625941078,1.7539916308031607,1,1
3.0,35,0,8,0.0010665283718078288,1.7057627634185775,1,1
3.0,35,0,9,0.0009862360281859296,1.7375373352904007,1,1
3.0,35,1,0,0.001294395762770521,1.5861693893601037,1,1
3.0,35,1,1,0.0010175036896798828,2.733984926990698,1,1
3.0,35,1,2,0.0012943953836204857,1.545490923735736,1,1
3.0,35,1,3,0.0007652831460330311,2.2587459979196707,1,1
3.0,35,1,4,0.0010942621243252677,1.600840188786404,1,1
3.0,35,1,5,0.0005625654726864068,2.9227769500433602,1,1
3.0,35,1,6,0.0005625602624793791,3.223172809420009,1,1
3.0,35,1,7,0.0005646257429440788,2.9224893409747836,1,1
3.0,35,1,8,0.0012943947865499139,1.5985631154369677,1,1
3.0,35,1,9,0.0014707915949703368,1.247931137109687,1,1
3.0,35,2,0,0.0006147122099535455,2.840836888767236,1,1
3.0,35,2,1,0.0012346495769309529,1.5932960037644435,1,1
3.0,35,2,2,0.0006147123074779745,2.7062032625679544,1,1
3.0,35,2,3,0.000614713628256308,2.724774539526933,1,1
3.0,35,2,4,0.0011097376165771545,2.1636642306720697,1,1
3.0,35,2,5,0.0007335629563195914,2.476770450698221,1,1
3.0,35,2,6,0.0012346495738025146,1.6077717563687057,1,1
3.0,35,2,7,0.0011542286931564144,1.7765018199910405,1,1
3.0,35,2,8,0.0012346495747848454,1.7111026235169087,1,1
3.0,35,2,9,0.0006833633925354694,2.9258466496309183,1,1
3.0,36,0,0,0.00024083697539487934,2.7909727425060877,1,1
3.0,36,0,1,0.0006725232100397832,2.3682925413255247,1,1
3.0,36,0,2,0.0008394532369395546,2.426057625753511,1,1
3.0,36,0,3,0.0007955642977317655,2.0478057025426133,1,1
3.0,36,0,4,0.000839434689689366,2.436814450771091,1,1
3.0,36,0,5,0.0005957337093098657,2.6470427798514313,1,1
3.0,36,0,6,0.0006465237464110489,2.311393374410758,1,1
3.0,36,0,7,0.0005421057707175549,2.13517102336323,1,1
3.0,36,0,8,0.0012348302787147153,1.4754958822770745,1,1
3.0,36,0,9,0.0005049609715165111,3.0261948409894837,1,1
3.0,36,1,0,0.0006039976655682137,2.7030580728431475,1,1
3.0,36,1,1,0.00030876527240845914,1.908064784017471,1,1
3.0,36,1,2,0.0003080354842945025,2.102004310544736,1,1
3.0,36,1,3,0.0007384141668065349,2.0563113778722104,1,1
3.0,36,1,4,0.0009808253199760696,2.041459064683462,1,1
3.0,36,1,5,0.0009807888362242233,1.873891496448138,1,1
3.0,36,1,6,0.0009004419496905925,1.9452783728882532,1,1
3.0,36,1,7,0.0008949780975347568,1.983129894386541,1,1
3.0,36,1,8,0.0009807914703206248,1.8968598181356007,1,1
3.0,36,1,9,0.00030803548274484916,2.00658585009888,1,1
3.0,36,2,0,0.0007435322578024824,2.409847870978692,1,1
3.0,36,2,1,0.000776015413808587,2.3520970748970336,1,1
3.0,36,2,2,0.0006923295576828427,2.4549525975898394,1,1
3.0,36,2,3,0.0005879809530406847,2.422362680504541,1,1
3.0,36,2,4,0.000587980957669227,2.419575054883327,1,1
3.0,36,2,5,0.0011244913349583766,1.6636576279267674,1,1
3.0,36,2,6,0.0007760206954019983,2.323822276068593,1,1
3.0,36,2,7,0.0006872443677909906,2.362688849965246,1,1
3.0,36,2,8,0.0007435322747281856,2.281772404784995,1,1
3.0,36,2,9,0.0007435229074681236,2.2851953743838904,1,1
3.0,37,0,0,0.0011266733870088858,2.231083992212345,1,1
3.0,37,0,1,0.00045284963306630116,2.937624791418411,1,1
3.0,37,0,2,0.0008287044650231428,2.9855668238804913,1,1
3.0,37,0,3,0.0008287065602365957,2.7281164439158996,1,1
3.0,37,0,4,0.000797295640928117,2.7638667700859503,1,1
3.0,37,0,5,0.0008287045225994966,2.849520246698981,1,1
3.0,37,0,6,0.0008542393153529132,2.4592615707017713,1,1
3.0,37,0,7,0.001500640392283207,1.1944499599192733,1,1
3.0,37,0,8,0.0008287414518341595,2.987825897691778,1,1
3.0,37,0,9,0.00027556136242166957,2.1390782392976795,1,1
3.0,37,1,0,0.0011425803865839955,1.4339969512481683,1,1
3.0,37,1,1,0.0008219661838791298,3.1617056244830994,1,1
3.0,37,1,2,0.00023814060592008046,3.1761215114517434,1,1
3.0,37,1,3,0.0008219442977595931,2.063539965026964,1,1
3.0,37,1,4,0.0018923695125903238,1.0185116803788596,1,1
3.0,37,1,5,0.000238140611514759,2.9870015965601557,1,1
3.0,37,1,6,0.0016424511434131649,1.1282111713672487,1,1
3.0,37,1,7,0.0008219442892910201,2.2993904743798113,1,1
3.0,37,1,8,0.0018923695115177445,1.2213429616643634,1,1
3.0,37,1,9,0.0002381406754733515,3.023018580615253,1,1
3.0,37,2,0,0.0017758244134512453,1.5340324918659376,1,1
3.0,37,2,1,0.0005907859223211226,3.0531624924544887,1,1
3.0,37,2,2,0.0017758387970094058,1.453160482606495,1,1
3.0,37,2,3,0.0017758241252738092,1.1653757902465354,1,1
3.0,37,2,4,0.0005907828455444711,2.608094425307706,1,1
3.0,37,2,5,0.0013046720024509468,1.381808410176945,1,1
3.0,37,2,6,0.0005907858364100533,2.620397055500605,1,1
3.0,37,2,7,0.0005907834517500053,2.533830171777172,1,1
3.0,37,2,8,0.0017758388065521908,1.0604738672889449,1,1
3.0,37,2,9,0.0017758244121440319,1.4743081382212102,1,1
3.0,38,0,0,0.0017014382610725397,1.029037608712643,1,1
3.0,38,0,1,0.0004303432613744877,3.6164336264501524,1,1
3.0,38,0,2,0.0001173403244553582,4.405432402900749,1,1
3.0,38,0,3,0.001701438290296104,1.137705965332207,1,1
3.0,38,0,4,0.0005651581262236776,3.4693899552480687,1,1
3.0,38,0,5,0.0005651581401341056,2.869667280909798,1,1
3.0,38,0,6,0.00011734031538973119,4.393702775309373,1,1
3.0,38,0,7,0.00045953809397153336,3.6847188893752802,1,1
3.0,38,0,8,0.0004595372336725288,3.554569169782536,1,1
3.0,38,0,9,0.0017014036326940733,1.5182959571830172,1,1
3.0,38,1,0,0.0003394994257947029,1.9406673666499754,1,1
3.0,38,1,1,0.0006440578750958752,2.941248089932619,1,1
3.0,38,1,2,0.0009164914080387445,1.895825947536779,1,1
3.0,38,1,3,0.0006261317843966548,2.4701157504508404,1,1
3.0,38,1,4,0.0009164912810093075,1.9001383914683418,1,1
3.0,38,1,5,0.0003394994241497825,1.8644484358515383,1,1
3.0,38,1,6,0.0006261317681470146,2.4971851465997568,1,1
3.0,38,1,7,0.0006908335450845798,2.4458203487270738,1,1
3.0,38,1,8,0.0009164913503531238,2.068097263645713,1,1
3.0,38,1,9,0.0006440588674715636,2.7960062487676502,1,1
3.0,38,2,0,0.0008143169623498155,2.7479409915547484,1,1
3.0,38,2,1,0.0003113363816037001,1.883607199789366,1,1
3.0,38,2,2,0.0003428001445612589,2.205875389825684,1,1
3.0,38,2,3,0.0006167519160490118,2.811187795178052,1,1
3.0,38,2,4,0.0010809343556759242,2.480763940843154,1,1
3.0,38,2,5,0.0008143170864149897,2.8780273154568237,1,1
3.0,38,2,6,0.0010809326163999104,2.3513003775987156,1,1
3.0,38,2,7,0.0006167520471006545,2.7942098916965437,1,1
3.0,38,2,8,0.0008103606127108936,2.1232758930711713,1,1
3.0,38,2,9,0.0008103597313420104,2.0331852937886916,1,1
3.0,39,0,0,0.000809380113103139,2.080692925922356,1,1
3.0,39,0,1,0.0008093800572071516,2.2559765613313827,1,1
3.0,39,0,2,0.0004594099148449446,3.1687029589426223,1,1
3.0,39,0,3,0.0018382960550911863,0.9362276634047562,1,1
3.0,39,0,4,0.0009782242405196968,2.945671535875451,1,1
3.0,39,0,5,0.0008093800469457385,2.5493929306333203,1,1
3.0,39,0,6,0.0009782249170461176,2.5257753510827525,1,1
3.0,39,0,7,0.0009782242448494606,2.9107210901776717,1,1
3.0,39,0,8,0.00019357227035334595,3.32003511218013,1,1
3.0,39,0,9,0.0008093800832405456,2.660955510595897,1,1
3.0,39,1,0,0.0005507991314862298,3.2443528477405503,1,1
3.0,39,1,1,0.0004628167505953593,3.3117535312030046,1,1
3.0,39,1,2,0.0006853100464742823,2.8643952935324957,1,1
3.0,39,1,3,0.001199770051392123,1.8671456103910231,1,1
3.0,39,1,4,0.00046281949326053913,3.0874988464099946,1,1
3.0,39,1,5,0.0011997670688845604,2.0112466551284425,1,1
3.0,39,1,6,0.0016321016091484578,1.1885847633681943,1,1
3.0,39,1,7,0.0016321015977081093,1.4607059456645577,1,1
3.0,39,1,8,0.0016465525909584002,1.5521053140661334,1,1
3.0,39,1,9,0.0008361804649705927,2.066680684625786,1,1
3.0,39,2,0,0.00034379426578832334,2.32994577803767,1,1
3.0,39,2,1,0.00034379427903317295,2.3157761355176674,1,1
3.0,39,2,2,0.0014883562957124685,1.2531593583835428,1,1
3.0,39,2,3,0.0006980180629588748,4.028266285045384,1,1
3.0,39,2,4,0.001548125355384885,1.3540062253337264,1,1
3.0,39,2,5,0.0013797487568413748,1.7982568944089374,1,1
3.0,39,2,6,0.0013797491237400375,1.8068220131660409,1,1
3.0,39,2,7,0.0006136242358810855,2.762369177096245,1,1
3.0,39,2,8,0.00034379422312952925,2.311130949991439,1,1
3.0,39,2,9,0.0015481253496796138,1.1570678091258466,1,1
3.0,40,0,0,0.00045500329570903706,4.881116889131368,1,1
3.0,40,0,1,0.011165615570228762,0.5047608617673163,1,1
3.0,40,0,2,0.0023039603717342236,1.4892497212970506,1,1
3.0,40,0,3,0.012339181070172598,0.15436751326454853,1,1
3.0,40,0,4,0.0004086778331981911,5.066663912292158,1,1
3.0,40,0,5,0.011165615575022323,0.42706579572844344,1,1
3.0,40,0,6,0.0002952033625844672,4.670781293401637,1,1
3.0,40,0,7,0.0014477037889799932,0.6538196497553699,1,1
3.0,40,0,8,0.0005384708609023804,3.313018055312441,1,1
3.0,40,0,9,0.011165615574619151,0.3410920722803945,1,1
3.0,40,1,0,0.00115609984169163,1.593381211043667,1,1
3.0,40,1,1,0.0006674321081393788,2.5568490461622706,1,1
3.0,40,1,2,0.0009871215724626984,1.8067882047409791,1,1
3.0,40,1,3,0.001195913082340954,1.5926192375718555,1,1
3.0,40,1,4,0.0010556622824268755,1.6664112660016277,1,1
3.0,40,1,5,0.000715906510524381,2.655356821294532,1,1
3.0,40,1,6,0.0006082810710135498,2.67204571773366,1,1
3.0,40,1,7,0.000987121754793244,1.7791019785980415,1,1
3.0,40,1,8,0.0006674316329870347,2.3699710552784032,1,1
3.0,40,1,9,0.0010556622827924916,1.7137820765436393,1,1
3.0,40,2,0,0.00029642719163514605,2.4651292960506663,1,1
3.0,40,2,1,0.00021824175427884477,2.8856643029951923,1,1
3.0,40,2,2,0.0006781588596585994,2.684202538293179,1,1
3.0,40,2,3,0.00029642719235361566,2.1338470629110824,1,1
3.0,40,2,4,0.000678158721480349,2.8197530468244194,1,1
3.0,40,2,5,0.001090792678803886,1.7722852744620505,1,1
3.0,40,2,6,0.0013351669240902245,1.4957310211612147,1,1
3.0,40,2,7,0.00029642719263594635,2.6262502182362213,1,1
3.0,40,2,8,0.0006417556675841511,2.488742983127251,1,1
3.0,40,2,9,0.0010563025854725444,1.6472834917004853,1,1
3.0,41,0,0,0.00043456891230646847,3.5472442417008976,1,1
3.0,41,0,1,0.0006197370060921288,2.7429393956964936,1,1
3.0,41,0,2,0.0015986272388122864,1.154240060567783,1,1
3.0,41,0,3,0.001268023792685477,1.8521834718380563,1,1
3.0,41,0,4,0.0007854789950835783,3.998381222547324,1,1
3.0,41,0,5,0.0003452397171126777,2.7503086008767816,1,1
3.0,41,0,6,0.0003452397169755204,2.7245706528147013,1,1
3.0,41,0,7,0.0015226857119624891,1.2122736100160745,1,1
3.0,41,0,8,0.0005415552583653075,4.098644366543225,1,1
3.0,41,0,9,0.0012680237929692092,1.4861555043389176,1,1
3.0,41,1,0,0.0003665169161739213,1.7807682472126989,1,1
3.0,41,1,1,0.0008933382577814178,2.238385774673443,1,1
3.0,41,1,2,0.0011544318563216373,1.5086192711827107,1,1
3.0,41,1,3,0.0002698772870540401,2.2101566652683964,1,1
3.0,41,1,4,0.0011842388231111183,1.5020618671223482,1,1
3.0,41,1,5,0.0011544318544319655,1.4583931872748344,1,1
3.0,41,1,6,0.0008933386427144983,1.9798850032669573,1,1
3.0,41,1,7,0.0003027205287812417,1.8812607516995858,1,1
3.0,41,1,8,0.00026987728083749634,2.607865577750854,1,1
3.0,41,1,9,0.0008999593175070284,1.799655392502893,1,1
3.0,41,2,0,0.00021281674509847313,3.0830464730463714,1,1
3.0,41,2,1,0.0002128167451245155,2.994622636988681,1,1
3.0,41,2,2,0.0004433622167296858,2.5946828870595815,1,1
3.0,41,2,3,0.001344751137075069,1.955139971177657,1,1
3.0,41,2,4,0.001110228165544305,2.0224826788391326,1,1
3.0,41,2,5,0.00015005101730835855,2.94654120470868,1,1
3.0,41,2,6,0.0007702825119603033,2.971595952261935,1,1
3.0,41,2,7,0.00065362445802888,2.7788981338430307,1,1
3.0,41,2,8,0.0007702924004515538,2.9761683358456947,1,1
3.0,41,2,9,0.00021281674521179326,3.097220548979746,1,1
3.0,42,0,0,0.0010250960172071865,1.792513888280143,1,1
3.0,42,0,1,0.0010740495037239014,2.1354128472555916,1,1
3.0,42,0,2,0.0004454811183704278,3.4933716559377,1,1
3.0,42,0,3,0.0019641350349917904,0.9691608440241034,1,1
3.0,42,0,4,0.001025096044648541,2.1312617872927158,1,1
3.0,42,0,5,0.0005407194742210116,3.4784580270126813,1,1
3.0,42,0,6,0.0013974785420638042,1.583729512959199,1,1
3.0,42,0,7,0.0005407150178371898,2.717723934024561,1,1
3.0,42,0,8,0.00017148993201005977,3.1859430709623964,1,1
3.0,42,0,9,0.0004983940691309155,2.6279985593949253,1,1
3.0,42,1,0,0.0011423318662189487,1.801839763892251,1,1
3.0,42,1,1,0.0004406112710089604,3.3106481545121804,1,1
3.0,42,1,2,0.001576436025970618,1.5787444789015725,1,1
3.0,42,1,3,0.0008747799304936181,2.5819971213159523,1,1
3.0,42,1,4,0.0004789513599919408,3.1341934293513245,1,1
3.0,42,1,5,0.0007991918769252685,3.383005868536268,1,1
3.0,42,1,6,0.001576435861301418,1.4835907694606218,1,1
3.0,42,1,7,0.0006781365910191054,2.6708569203095083,1,1
3.0,42,1,8,0.0006781361529921565,3.2891125444877796,1,1
3.0,42,1,9,0.0008747700365219635,2.547749806010367,1,1
3.0,42,2,0,0.00022465961622851593,2.2622710033856004,1,1
3.0,42,2,1,0.0013595832170111648,2.0018506252124375,1,1
3.0,42,2,2,0.0006211421346086489,3.09015050172437,1,1
3.0,42,2,3,0.0013595832170538468,2.0548193623728457,1,1
3.0,42,2,4,0.002262476071422653,0.7744847552823542,1,1
3.0,42,2,5,0.0013212339755030108,1.2191377983992242,1,1
3.0,42,2,6,0.0006211420064357692,4.052237843994317,1,1
3.0,42,2,7,0.00056781236852768,3.0018301279543955,1,1
3.0,42,2,8,0.001199594672898864,2.2088977382926704,1,1
3.0,42,2,9,0.0005678128638440859,2.9243690559026567,1,1
3.0,43,0,0,0.00024026569180453353,3.4961091132539535,1,1
3.0,43,0,1,0.000640632007074764,2.5530983985380153,1,1
3.0,43,0,2,0.0007648514428873729,2.2450705148099908,1,1
3.0,43,0,3,0.0007648566033220516,3.164504673957264,1,1
3.0,43,0,4,0.0006364286914031564,2.8652405809179156,1,1
3.0,43,0,5,0.00024026593027178322,3.375973500206391,1,1
3.0,43,0,6,0.00024026585878410118,3.564213059876996,1,1
3.0,43,0,7,0.0009364345833426284,1.813473961976512,1,1
3.0,43,0,8,0.0012762264832856468,1.6323056341509756,1,1
3.0,43,0,9,0.00033580958770649616,2.0983020372848724,1,1
3.0,43,1,0,0.0006933368684928844,1.1940460795195107,1,1
3.0,43,1,1,0.06727907957495437,0.5468340658705715,1,1
3.0,43,1,2,0.0005824645942538072,3.1129015653754863,1,1
3.0,43,1,3,0.001344433182153089,2.2874603974970364,1,1
3.0,43,1,4,0.0005597129610764995,2.9721089228292352,1,1
3.0,43,1,5,0.0030403393219683673,1.1644429003388752,1,1
3.0,43,1,6,0.0005597129615409919,3.01696477694368,1,1
3.0,43,1,7,0.0013444242079522768,2.3558358244689708,1,1
3.0,43,1,8,0.000903940432277744,3.013802149250519,1,1
3.0,43,1,9,0.0030403407770350148,1.3732092541298928,1,1
3.0,43,2,0,0.004462431403721081,1.1921735815000527,1,1
3.0,43,2,1,0.004462431441862947,4.139433284885601,1,1
3.0,43,2,2,0.004462431411557737,1.7471996784449895,1,1
3.0,43,2,3,0.0003688530607070402,4.327189329700851,1,1
3.0,43,2,4,0.00036885299660581456,4.36757627922176,1,1
3.0,43,2,5,0.00036885305364228174,4.142232026028881,1,1
3.0,43,2,6,0.001112643408554938,4.412254967694827,1,1
3.0,43,2,7,0.00030848368103043075,4.138518248744712,1,1
3.0,43,2,8,0.0003687971949575474,4.427902269815818,1,1
3.0,43,2,9,0.0013824276064812488,0.5976445587152299,1,1
3.0,44,0,0,0.000167026928312186,3.2153171351996095,1,1
3.0,44,0,1,0.0007859632684459961,1.9027078519215856,1,1
3.0,44,0,2,0.00032504286907193285,1.6879981212497188,1,1
3.0,44,0,3,0.0003469754798788584,1.9956175279302242,1,1
3.0,44,0,4,0.0003250428690654519,1.687813789480424,1,1
3.0,44,0,5,0.000594644919282274,2.699937712099575,1,1
3.0,44,0,6,0.0001670266258963203,3.216863918842171,1,1
3.0,44,0,7,0.0006048738045374558,2.5942983932500265,1,1
3.0,44,0,8,0.0005999933154608888,1.8002599431786916,1,1
3.0,44,0,9,0.00035882575927509306,1.9346171101507998,1,1
3.0,44,1,0,0.0004843774327170236,1.5365545930527198,1,1
3.0,44,1,1,0.0004390509044901754,3.60843502810321,1,1
3.0,44,1,2,0.0004924175974007388,3.028675524830094,1,1
3.0,44,1,3,0.000275736406207066,2.302189180991899,1,1
3.0,44,1,4,0.0011854174403940136,1.3125850001863135,1,1
3.0,44,1,5,0.0011854174421903592,1.3348301545974568,1,1
3.0,44,1,6,0.00027573640392017644,3.0796770411342584,1,1
3.0,44,1,7,0.0004843774380814459,1.2494027647551138,1,1
3.0,44,1,8,0.001381513687653645,1.2672784404038235,1,1
3.0,44,1,9,0.0011854174393961191,1.3505484513943151,1,1
3.0,44,2,0,0.000923643723493553,2.336452428702309,1,1
3.0,44,2,1,0.0007897539232164958,2.63252815552506,1,1
3.0,44,2,2,0.0005007296209897371,3.324101549886079,1,1
3.0,44,2,3,0.0004049386527373469,3.5178650860262555,1,1
3.0,44,2,4,0.0009236437236007421,2.2252607648919476,1,1
3.0,44,2,5,0.0005007308977493731,3.588287158215416,1,1
3.0,44,2,6,0.0009236437591380305,1.9833652995142903,1,1
3.0,44,2,7,0.00044640191140492784,3.3968466811616893,1,1
3.0,44,2,8,0.0009236437716605931,1.9569983337787251,1,1
3.0,44,2,9,0.0015787639590758248,1.2927914042151665,1,1
3.0,45,0,0,0.0006333308394383152,3.1429338957359714,1,1
3.0,45,0,1,0.00045224741777572875,3.5207612554328085,1,1
3.0,45,0,2,0.0013119410443195667,1.3971442669306708,1,1
3.0,45,0,3,0.001440874261218262,1.312486231994681,1,1
3.0,45,0,4,0.0014029917661321947,1.5824302165945907,1,1
3.0,45,0,5,0.000274289080720238,3.1056041127154494,1,1
3.0,45,0,6,0.0002742890808720928,3.0884170254160472,1,1
3.0,45,0,7,0.0013119410156746472,1.2521648347462235,1,1
3.0,45,0,8,0.00045224658767566026,3.468245030113691,1,1
3.0,45,0,9,0.0007530013854178609,3.095329724916328,1,1
3.0,45,1,0,0.0006299536204739435,2.1730477546291245,1,1
3.0,45,1,1,0.0012550209711965777,1.4900826446227984,1,1
3.0,45,1,2,0.0007955026501369812,2.872218917314933,1,1
3.0,45,1,3,0.0012550216380219986,1.4488218425958428,1,1
3.0,45,1,4,0.0006299485965095834,2.789388032505636,1,1
3.0,45,1,5,0.0008274888625876089,2.175011079735913,1,1
3.0,45,1,6,0.0012550210544508525,1.458566143884653,1,1
3.0,45,1,7,0.0012141960342912832,1.6779680458230324,1,1
3.0,45,1,8,0.0007954999534349064,2.849978737483102,1,1
3.0,45,1,9,0.0008274888804749237,2.055300609416835,1,1
3.0,45,2,0,0.00037022524998341116,2.0098742582079825,1,1
3.0,45,2,1,0.0007139019629112992,2.8244788369033427,1,1
3.0,45,2,2,0.0008228828590496737,2.101581637611866,1,1
3.0,45,2,3,0.0007717145682763653,2.6116019085455124,1,1
3.0,45,2,4,0.0008228827701078085,1.8488889890259181,1,1
3.0,45,2,5,0.001081302297242393,1.6628637979611196,1,1
3.0,45,2,6,0.0007717145676530086,2.8318685380218125,1,1
3.0,45,2,7,0.0007988783074165025,2.92853895037457,1,1
3.0,45,2,8,0.0007139018326975382,2.798541202374612,1,1
3.0,45,2,9,0.0010813024175729167,1.7976667520266512,1,1
3.0,46,0,0,0.0008761745383109905,2.3069940757435154,1,1
3.0,46,0,1,0.0008761595880326272,2.605671078024014,1,1
3.0,46,0,2,0.0008761722466872488,3.1935806818680015,1,1
3.0,46,0,3,0.0004796228680562243,2.359648473142526,1,1
3.0,46,0,4,0.0004796230666743041,3.023752014084395,1,1
3.0,46,0,5,0.0008761708958361368,2.8303551570630847,1,1
3.0,46,0,6,0.0006475606767496994,2.5889728745587965,1,1
3.0,46,0,7,0.0009575896381706961,1.9882995340797072,1,1
3.0,46,0,8,0.0005625872521931044,3.024100634430496,1,1
3.0,46,0,9,0.0005625871138620786,3.470404188915852,1,1
3.0,46,1,0,0.000965214919400255,2.107807558075023,1,1
3.0,46,1,1,0.0009474820591233065,4.0082042445878665,1,1
3.0,46,1,2,0.00043849415685862255,3.532009841456037,1,1
3.0,46,1,3,0.000704459625607929,2.9674696802589597,1,1
3.0,46,1,4,0.0009474820199182731,4.078315887966479,1,1
3.0,46,1,5,0.0009474820361952597,3.2765533068085397,1,1
3.0,46,1,6,0.0009652149189174542,1.6873020642306336,1,1
3.0,46,1,7,0.001963059899728453,1.2722218904556197,1,1
3.0,46,1,8,0.001963057992920269,1.123245918838888,1,1
3.0,46,1,9,0.001903551418766062,1.7215729080603905,1,1
3.0,46,2,0,0.0011159499155595984,2.0003455106060435,1,1
3.0,46,2,1,0.000527502641103877,3.7669426163814412,1,1
3.0,46,2,2,0.0001760282121328772,3.3243868986673024,1,1
3.0,46,2,3,0.0006484909612816719,2.810741487968867,1,1
3.0,46,2,4,0.0005275027320070617,3.8074655525246444,1,1
3.0,46,2,5,0.0007191200666334825,3.2220676882825026,1,1
3.0,46,2,6,0.0010910129981174942,1.8370657650679518,1,1
3.0,46,2,7,0.0007191260356092937,2.372104877246568,1,1
3.0,46,2,8,0.0007191260364819785,3.1324870248205574,1,1
3.0,46,2,9,0.00015446942644173337,3.4255239281134706,1,1
3.0,47,0,0,0.0004099041229802199,2.6112976990799286,1,1
3.0,47,0,1,0.0007092146247000962,2.7930636837045766,1,1
3.0,47,0,2,0.00040990414210022297,3.0896928279284,1,1
3.0,47,0,3,0.0007092145313407435,2.7829952795881536,1,1
3.0,47,0,4,0.0008656731501868469,2.5794771215074945,1,1
3.0,47,0,5,0.0011653724553434205,1.6113716506319629,1,1
3.0,47,0,6,0.0007092144272863382,2.1559287619288385,1,1
3.0,47,0,7,0.0004308934770631688,3.6134230685086153,1,1
3.0,47,0,8,0.0007092144379733704,2.2831870740304065,1,1
3.0,47,0,9,0.0005562555941621437,2.8495725552245976,1,1
3.0,47,1,0,0.0006134291591076202,2.785996125079246,1,1
3.0,47,1,1,0.0007255469556247541,2.465635042424025,1,1
3.0,47,1,2,0.00017645089913712945,3.2042796229947,1,1
3.0,47,1,3,0.0007507369462418576,2.404482746431149,1,1
3.0,47,1,4,0.0009392159227129377,1.8139006074530495,1,1
3.0,47,1,5,0.0007507371022780808,2.623234271923723,1,1
3.0,47,1,6,0.00048634123229957866,3.1891209784740178,1,1
3.0,47,1,7,0.0006064609866611614,2.7908702877968197,1,1
3.0,47,1,8,0.00037853757755989154,1.7475444377751752,1,1
3.0,47,1,9,0.0009392159720110383,1.7845416347933625,1,1
3.0,47,2,0,0.0010643967459460196,1.7723170744942582,1,1
3.0,47,2,1,0.001064396723542389,1.6554730313831318,1,1
3.0,47,2,2,0.001064396723773495,1.8285633407628274,1,1
3.0,47,2,3,0.0005022849589918241,3.888315051971178,1,1
3.0,47,2,4,0.0010643965583743598,1.6155642498154543,1,1
3.0,47,2,5,0.0005611007770451868,3.0949401344558196,1,1
3.0,47,2,6,0.0006456550133197538,3.272001689845715,1,1
3.0,47,2,7,0.0010018434799979206,1.5725241550079416,1,1
3.0,47,2,8,0.000535017235477674,3.6104264982051633,1,1
3.0,47,2,9,0.0005618543352345482,3.17491837261053,1,1
3.0,48,0,0,0.0012887414389705272,1.3751970514230099,1,1
3.0,48,0,1,0.0005208631659190609,3.0426931201431815,1,1
3.0,48,0,2,0.0007010110185864774,2.1484710361093047,1,1
3.0,48,0,3,0.0005208631662419406,3.2358056926596683,1,1
3.0,48,0,4,0.0010622147146718834,1.8270147858865844,1,1
3.0,48,0,5,0.0010622111152474357,2.6568634093783454,1,1
3.0,48,0,6,0.0005208632511216973,3.2275413386125535,1,1
3.0,48,0,7,0.0005208631655009899,3.060000757331404,1,1
3.0,48,0,8,0.0010622147079338497,1.8451918403728254,1,1
3.0,48,0,9,0.0004022355871186075,3.4594878585364564,1,1
3.0,48,1,0,0.0006306527055715409,2.4990636275192144,1,1
3.0,48,1,1,0.0005726589189331023,2.9483756177623928,1,1
3.0,48,1,2,0.0010249747888132301,2.011438966434326,1,1
3.0,48,1,3,0.001024974788734525,1.942860136562753,1,1
3.0,48,1,4,0.0006392542235638525,2.8590838932609324,1,1
3.0,48,1,5,0.0010249747888249796,2.013238622908389,1,1
3.0,48,1,6,0.001024974788734525,1.7257664714961536,1,1
3.0,48,1,7,0.0006392542229135581,3.0240547142796435,1,1
3.0,48,1,8,0.000869453407376045,2.0937974403579016,1,1
3.0,48,1,9,0.0002980115252273339,1.8615663997986804,1,1
3.0,48,2,0,0.0006151049983570649,2.7931655881570894,1,1
3.0,48,2,1,0.00022210492960517356,2.65302750919167,1,1
3.0,48,2,2,0.0006813118085984753,2.5991897865878464,1,1
3.0,48,2,3,0.0005234422605241867,2.9141933291459257,1,1
3.0,48,2,4,0.0005234398100459396,2.9226135523611916,1,1
3.0,48,2,5,0.0005293913603778267,3.143532165076114,1,1
3.0,48,2,6,0.0005234410389326477,2.74795051633641,1,1
3.0,48,2,7,0.0006146167723628798,2.999622235399046,1,1
3.0,48,2,8,0.0006717137081997576,2.5093455810008023,1,1
3.0,48,2,9,0.0007425562105444045,2.4441694128263602,1,1
3.0,49,0,0,0.0009458217410908988,1.966079899763765,1,1
3.0,49,0,1,0.0008301434872982153,1.9636231437496703,1,1
3.0,49,0,2,0.0007686645159771896,2.640951152551687,1,1
3.0,49,0,3,0.0008301410557655175,2.078686211468093,1,1
3.0,49,0,4,0.0007304401058866322,2.2663805647869455,1,1
3.0,49,0,5,0.0003570097441536961,1.9223325059660217,1,1
3.0,49,0,6,0.0007304383873637236,2.3483007645001623,1,1
3.0,49,0,7,0.0002546868353304647,2.2096744100203383,1,1
3.0,49,0,8,0.0003570097441536961,1.9666624866728548,1,1
3.0,49,0,9,0.00025468689736196794,2.2097753144794914,1,1
3.0,49,1,0,0.0011388200708842239,1.7742929281831041,1,1
3.0,49,1,1,0.0011775749672555777,1.9877148213448679,1,1
3.0,49,1,2,0.0007962503606959589,2.3608814281750763,1,1
3.0,49,1,3,0.0003437255690307763,2.0648437436721565,1,1
3.0,49,1,4,0.0007702733066040828,2.283163509382398,1,1
3.0,49,1,5,0.0002474183381005727,2.08756566838204,1,1
3.0,49,1,6,0.0006363636778959759,2.558299598234769,1,1
3.0,49,1,7,0.00025556836601064515,1.8660800936710427,1,1
3.0,49,1,8,0.0007702733161351476,2.2848653002297437,1,1
3.0,49,1,9,0.0006363636718044841,2.5921156747241896,1,1
3.0,49,2,0,0.001162734822169976,2.3507556639697516,1,1
3.0,49,2,1,0.0011627345554106583,2.5146981255880925,1,1
3.0,49,2,2,0.0019116127308783945,1.1545727756346487,1,1
3.0,49,2,3,0.000553069699214877,2.2675372956001816,1,1
3.0,49,2,4,0.0006726784860672979,2.9566146414250856,1,1
3.0,49,2,5,0.0011627346784924735,2.5998086282479083,1,1
3.0,49,2,6,0.0006726702352974158,2.9677573625681677,1,1
3.0,49,2,7,0.001162734674624925,2.5013251240320087,1,1
3.0,49,2,8,0.0006997671524140589,2.616453452397734,1,1
3.0,49,2,9,0.0011324487638348993,1.7228028116104626,1,1
5.0,0,0,0,0.0008547237515483831,2.2380094428365322,1,1
5.0,0,0,1,0.0004650817875141508,1.4903653976146711,1,1
5.0,0,0,2,0.0008547237886462266,2.229010564155066,1,1
5.0,0,0,3,0.0008793636715055805,2.165959237794634,1,1
5.0,0,0,4,0.0007733683946411815,2.1691301608092077,1,1
5.0,0,0,5,0.0013758116913509272,1.9771971416215537,1,1
5.0,0,0,6,0.0011015226787634098,1.9852736975163365,1,1
5.0,0,0,7,0.002321628733075564,1.2864986110573877,1,1
5.0,0,0,8,0.0007331275632964461,2.379319414991837,1,1
5.0,0,0,9,0.002321628735352898,1.676009403294689,1,1
5.0,0,1,0,0.0009579058364071135,1.998006308761909,1,1
5.0,0,1,1,0.0003309454828275865,1.5385325966178693,1,1
5.0,0,1,2,0.0003275440900326117,2.4363334258081957,1,1
5.0,0,1,3,0.0005571071896942848,2.41674837505576,1,1
5.0,0,1,4,0.00032754411634227775,2.6564302028097244,1,1
5.0,0,1,5,0.0009579059015431381,1.997708155495462,1,1
5.0,0,1,6,0.001781666657658829,1.0485822805545215,1,1
5.0,0,1,7,0.0013969694985465366,1.7789684628659583,1,1
5.0,0,1,8,0.0017816665992283177,1.3666204375377715,1,1
5.0,0,1,9,0.000827901278557143,2.184614291002279,1,1
5.0,0,2,0,0.002206545040113435,1.2531352736461265,1,1
5.0,0,2,1,0.0007288696100402924,2.4826065954645644,1,1
5.0,0,2,2,0.0009511952988579279,2.528902021081316,1,1
5.0,0,2,3,0.001481872062534093,1.6383051051871271,1,1
5.0,0,2,4,0.0012352705818776941,0.8735447820490893,1,1
5.0,0,2,5,0.0006204402465752509,2.8199155319397256,1,1
5.0,0,2,6,0.0010589039748158532,1.8682564996114794,1,1
5.0,0,2,7,0.000728869661399447,2.481510327408683,1,1
5.0,0,2,8,0.0010589029691712394,2.4771700143416795,1,1
5.0,0,2,9,0.001097633397778559,1.6421426353432185,1,1
5.0,1,0,0,0.00059791453370977,2.8604362435516726,1,1
5.0,1,0,1,0.0010400885690463359,1.7083241728576548,1,1
5.0,1,0,2,0.000870177004761541,2.4513781604149503,1,1
5.0,1,0,3,0.0006730083640102412,2.8828676823995463,1,1
5.0,1,0,4,0.0011801837144574442,2.2669344950569905,1,1
5.0,1,0,5,0.0006101661109186785,2.8862449890841724,1,1
5.0,1,0,6,0.0007739902003212884,2.6129531290182957,1,1
5.0,1,0,7,0.0008701931118521324,2.215932399825459,1,1
5.0,1,0,8,0.0010400885668653591,1.7471644055928688,1,1
5.0,1,0,9,0.0008020034922109292,2.291454248566176,1,1
5.0,1,1,0,0.0007885557474283235,2.230730942077429,1,1
5.0,1,1,1,0.0003049562619294362,2.2124257944979684,1,1
5.0,1,1,2,0.0011084449924725593,1.7729158264907956,1,1
5.0,1,1,3,0.000304956250080753,2.801151424224219,1,1
5.0,1,1,4,0.0008082337411798764,2.656595359715842,1,1
5.0,1,1,5,0.0008082337244765535,2.2814449085919875,1,1
5.0,1,1,6,0.0006544327970499217,3.2372620190305157,1,1
5.0,1,1,7,0.0010322193208143085,1.8437884948557155,1,1
5.0,1,1,8,0.0007885405532690775,2.238377688771743,1,1
5.0,1,1,9,0.0008557106805145699,2.2466860585121826,1,1
5.0,1,2,0,0.0006319304610520999,2.715376762234321,1,1
5.0,1,2,1,0.0007785592083839945,2.18923127525311,1,1
5.0,1,2,2,0.0002548363423671412,2.571594642375158,1,1
5.0,1,2,3,0.0007785631826670548,2.2421034159156235,1,1
5.0,1,2,4,0.0007785591970406681,2.2929922543224874,1,1
5.0,1,2,5,0.0003543820995310351,2.079943194658304,1,1
5.0,1,2,6,0.001152265559204052,1.596307282785521,1,1
5.0,1,2,7,0.00035438205377185663,2.1395470330949724,1,1
5.0,1,2,8,0.0007785642568465238,2.285820188096032,1,1
5.0,1,2,9,0.000778564262223276,2.103026469245984,1,1
5.0,2,0,0,0.0005740664233397177,2.849631108913677,1,1
5.0,2,0,1,0.0001782507711764371,2.6291339446808166,1,1
5.0,2,0,2,0.0005747110474706481,3.005958070108777,1,1
5.0,2,0,3,0.0010458323609257836,2.333607881000645,1,1
5.0,2,0,4,0.0005747112242873061,2.9631311124560025,1,1
5.0,2,0,5,0.0013939700343037211,1.5242329084019992,1,1
5.0,2,0,6,0.0005047731421776241,0.9885423549478616,1,1
5.0,2,0,7,0.000352456754671749,1.9879466320049346,1,1
5.0,2,0,8,0.0005747110257439458,2.971757338748169,1,1
5.0,2,0,9,0.0005747112213173141,3.0180561390357736,1,1
5.0,2,1,0,0.0025208659817139356,2.010748775250767,1,1
5.0,2,1,1,0.002520865658512672,2.327942154507707,1,1
5.0,2,1,2,0.000535510933840153,2.941174032293737,1,1
5.0,2,1,3,0.0007965433509835901,1.7604445971199527,1,1
5.0,2,1,4,0.0005093352363205408,3.0781534426816184,1,1
5.0,2,1,5,0.0014676992151611357,1.8878693767831314,1,1
5.0,2,1,6,0.000573814836457656,3.119150013462162,1,1
5.0,2,1,7,0.001467699215172691,1.652159128767116,1,1
5.0,2,1,8,0.000995725746896028,2.550493329637267,1,1
5.0,2,1,9,0.0009957266596830549,2.1893152813059658,1,1
5.0,2,2,0,0.000596635521372579,1.2255875630401936,1,1
5.0,2,2,1,0.0004589966342480503,3.9067863435978603,1,1
5.0,2,2,2,0.003247949479679229,0.5730672772609761,1,1
5.0,2,2,3,0.0005966355213592833,1.1909604855506042,1,1
5.0,2,2,4,0.0004589966865168945,4.4728669929961775,1,1
5.0,2,2,5,0.0005966355213843006,1.2084188979669321,1,1
5.0,2,2,6,0.00045899666598536216,4.32523019594081,1,1
5.0,2,2,7,0.00140746919493314,1.9586985867664413,1,1
5.0,2,2,8,0.00037479550723007736,2.3683625218139706,1,1
5.0,2,2,9,0.003623866844883575,0.5646022035262795,1,1
5.0,3,0,0,0.000899536369076786,1.99319997135481,1,1
5.0,3,0,1,0.0012285736930589997,1.5812149051857283,1,1
5.0,3,0,2,0.0008261908172542808,2.1860560242599525,1,1
5.0,3,0,3,0.0014776375169440537,1.3687415851928455,1,1
5.0,3,0,4,0.001228573692979361,1.2198870389498695,1,1
5.0,3,0,5,0.0006748700406391886,2.476728712808089,1,1
5.0,3,0,6,0.0014052799875804117,1.1576034709920646,1,1
5.0,3,0,7,0.0002110622228330636,4.535898732072379,1,1
5.0,3,0,8,0.0008995358911125231,2.2003901852392715,1,1
5.0,3,0,9,0.0002265602590997731,4.6833991172565055,1,1
5.0,3,1,0,0.0005090401847838498,3.666120169499839,1,1
5.0,3,1,1,0.0008141083500223957,1.3714593711236485,1,1
5.0,3,1,2,0.0014414191634114573,1.851253073862739,1,1
5.0,3,1,3,0.0014414190433343628,1.6328440872016927,1,1
5.0,3,1,4,0.0008141083652697742,0.9636094923845947,1,1
5.0,3,1,5,0.00047239803868767135,5.222284305972899,1,1
5.0,3,1,6,6.810193008965673e-05,4.806093003373172,1,1
5.0,3,1,7,0.0006789619962831791,2.299216363665324,1,1
5.0,3,1,8,0.0005369596633753542,3.188359675069715,1,1
5.0,3,1,9,0.0008141083499297367,1.96507167059717,1,1
5.0,3,2,0,0.0006483155064722244,2.8888422602338037,1,1
5.0,3,2,1,0.0008258251125329159,3.1274855600884903,1,1
5.0,3,2,2,0.0009065883753695385,2.8119839884195574,1,1
5.0,3,2,3,0.0006044327810482493,2.1196851735304976,1,1
5.0,3,2,4,0.00024026014318779567,2.9136042969718208,1,1
5.0,3,2,5,0.0007071565735011429,2.64293933177157,1,1
5.0,3,2,6,0.0006483158000602409,2.9217117329863704,1,1
5.0,3,2,7,0.0005773516026295645,2.7721455751888557,1,1
5.0,3,2,8,0.0007071564651299541,2.796766882739939,1,1
5.0,3,2,9,0.00024026039540140932,3.026092343439715,1,1
5.0,4,0,0,0.00048762755403783544,3.4998209456483513,1,1
5.0,4,0,1,0.001617901713332783,2.0413373977580482,1,1
5.0,4,0,2,0.0005672844916593466,3.174303982093072,1,1
5.0,4,0,3,0.0019425895953467912,0.863636786346756,1,1
5.0,4,0,4,0.00020446540950108091,3.7900164705479513,1,1
5.0,4,0,5,0.0004876989574954154,3.705769660583175,1,1
5.0,4,0,6,0.0007287600618712365,1.0383186229644636,1,1
5.0,4,0,7,0.00048762755077780046,3.8589504962707815,1,1
5.0,4,0,8,0.0018240853500948256,0.9884523192607131,1,1
5.0,4,0,9,0.00182408470454806,0.9921614278082103,1,1
5.0,4,1,0,0.00027436383615029843,3.026523379746278,1,1
5.0,4,1,1,0.0036218175906868374,0.7958484562345818,1,1
5.0,4,1,2,0.005744913648558032,0.5106679995964042,1,1
5.0,4,1,3,0.0002743637987522932,3.0413699906671217,1,1
5.0,4,1,4,0.00057524252808024,4.2275421826100334,1,1
5.0,4,1,5,0.00046909031348459123,4.162965488333883,1,1
5.0,4,1,6,0.17298002534132573,0.3557818635512877,1,1
5.0,4,1,7,0.0004690903354774231,3.9962079064368563,1,1
5.0,4,1,8,0.00027436400808929934,2.6829391311997144,1,1
5.0,4,1,9,0.0005786865977256308,4.032422997064079,1,1
5.0,4,2,0,0.0008965626589535545,1.8776848495793321,1,1
5.0,4,2,1,0.00038386859125191965,1.6538737848360203,1,1
5.0,4,2,2,0.000821310996099833,2.49806448379618,1,1
5.0,4,2,3,0.0008965626734623393,1.1308250587118602,1,1
5.0,4,2,4,0.0008213109916355508,2.418012448509606,1,1
5.0,4,2,5,0.0006667913953024073,2.4597242907194885,1,1
5.0,4,2,6,0.0008965626628821485,1.129782868933458,1,1
5.0,4,2,7,0.0008976777134865762,1.9316965007058686,1,1
5.0,4,2,8,0.0008976775296577709,1.906769555176277,1,1
5.0,4,2,9,0.0008213109839626074,2.2090431728745394,1,1
5.0,5,0,0,0.0007110061694803164,2.3299909011820272,1,1
5.0,5,0,1,0.0007110018622367556,2.316148727537709,1,1
5.0,5,0,2,0.000945843057642899,1.8374667245172949,1,1
5.0,5,0,3,0.0007110061909134744,2.4304011775453414,1,1
5.0,5,0,4,0.0005537508531584463,3.071257490722432,1,1
5.0,5,0,5,0.0003013539290670908,2.1015421203394697,1,1
5.0,5,0,6,0.0009458423891397364,1.8345033820334593,1,1
5.0,5,0,7,0.0008907226046760821,2.4756279470597944,1,1
5.0,5,0,8,0.0007779785583153189,2.3902557763341616,1,1
5.0,5,0,9,0.000935278966191813,1.9912842889506546,1,1
5.0,5,1,0,0.0006303269052458217,2.753364668250509,1,1
5.0,5,1,1,0.0010584009039982971,2.258156363602755,1,1
5.0,5,1,2,0.0010584009102531913,1.7707635682721534,1,1
5.0,5,1,3,0.0004963691805529122,2.4077778168587654,1,1
5.0,5,1,4,0.00029573331265936526,2.2099563495572174,1,1
5.0,5,1,5,0.0006503264865852653,2.739962853416185,1,1
5.0,5,1,6,0.0004963691776011306,2.6691929987420955,1,1
5.0,5,1,7,0.0005494669753053734,3.3626656606276963,1,1
5.0,5,1,8,0.0004963691816206131,2.4801993890172116,1,1
5.0,5,1,9,0.0005462476528515105,3.314757333195248,1,1
5.0,5,2,0,0.0003002243423565478,6.488217179102097,1,1
5.0,5,2,1,0.00032108223025570625,5.104835061696825,1,1
5.0,5,2,2,0.014387456764705705,0.24681270103376987,1,1
5.0,5,2,3,0.00030022488240927773,5.549371290116014,1,1
5.0,5,2,4,0.001218718722072791,3.85357542986525,1,1
5.0,5,2,5,0.00032066133033784055,6.723003929556979,1,1
5.0,5,2,6,0.0003210869028424603,5.09326335383462,1,1
5.0,5,2,7,0.0003210864775866506,4.9714182232948945,1,1
5.0,5,2,8,0.0004737047819283722,1.20687399383577,1,1
5.0,5,2,9,0.0012187186692879332,3.1254602065433534,1,1
5.0,6,0,0,0.0002924741580119072,4.76459381094441,1,1
5.0,6,0,1,0.007058039766391443,1.6761606862156393,1,1
5.0,6,0,2,0.002098852130932211,0.9678060269097646,1,1
5.0,6,0,3,0.00029247415633782103,4.856335609853072,1,1
5.0,6,0,4,0.00035747163882569194,2.6843363277077925,1,1
5.0,6,0,5,0.00044313307031532064,4.641949014332149,1,1
5.0,6,0,6,0.000575538788111964,4.782224262874051,1,1
5.0,6,0,7,0.002098852132116258,1.3882711058050456,1,1
5.0,6,0,8,0.0004431328235578961,3.9538602320933722,1,1
5.0,6,0,9,0.0005755421300524933,4.8150016890648235,1,1
5.0,6,1,0,0.005162969013743487,0.5859125018126413,1,1
5.0,6,1,1,0.0021508774361080722,1.658392971077877,1,1
5.0,6,1,2,0.0051034857058472475,0.30333117652784014,1,1
5.0,6,1,3,0.0011210642327226959,1.9260745040649392,1,1
5.0,6,1,4,0.0006372738628191859,4.575656494303577,1,1
5.0,6,1,5,0.0003394950490467856,4.8853735568269645,1,1
5.0,6,1,6,0.002150877435661739,1.5098850718334915,1,1
5.0,6,1,7,0.005162969013730192,1.0576290443982277,1,1
5.0,6,1,8,0.00011758779696806363,4.882564856053029,1,1
5.0,6,1,9,0.0004899596132945591,2.410832371172415,1,1
5.0,6,2,0,0.902757444417529,0.009041103261866728,1,1
5.0,6,2,1,0.0003396907407542989,4.789126030728648,1,1
5.0,6,2,2,0.0005070034897914206,3.4484464312429206,1,1
5.0,6,2,3,0.9027574444176256,0.009057401666810292,1,1
5.0,6,2,4,0.6276619586033012,7.66539490893729e-06,1,1
5.0,6,2,5,0.9027574444176956,4.054762363852175e-06,1,1
5.0,6,2,6,0.00033795813483496423,4.909317221756722,1,1
5.0,6,2,7,0.0007429256795363089,0.6388322929061558,1,1
5.0,6,2,8,0.0002664183063952081,5.134232815568273,1,1
5.0,6,2,9,0.0007429256795852846,1.1758955139475293,1,1
5.0,7,0,0,0.0006103057204855168,3.1937414966780366,1,1
5.0,7,0,1,0.0017007067688873372,1.4125724995769966,1,1
5.0,7,0,2,0.0017007121707117907,1.3635157924014778,1,1
5.0,7,0,3,0.0006103057312805816,2.347142985746797,1,1
5.0,7,0,4,0.001704666366640971,0.9722569847873046,1,1
5.0,7,0,5,0.00041774626592907366,3.7563690384699595,1,1
5.0,7,0,6,0.0017007067749406509,1.0154263562923749,1,1
5.0,7,0,7,0.0009488822902054374,1.6695777298036285,1,1
5.0,7,0,8,0.0017007067777868542,1.1247009212833745,1,1
5.0,7,0,9,0.0017007067675474767,0.9816943005833667,1,1
5.0,7,1,0,0.00030535721568923825,3.5477447073408124,1,1
5.0,7,1,1,0.0007481974929691876,3.4398858800516083,1,1
5.0,7,1,2,0.0389083294334413,1.356568772444269,1,1
5.0,7,1,3,0.03890832966137749,0.7138328253487276,1,1
5.0,7,1,4,0.03890832943658115,0.7188374169714964,1,1
5.0,7,1,5,0.001022281523419078,3.041228050098859,1,1
5.0,7,1,6,0.00030535693762180876,3.2801734413854358,1,1
5.0,7,1,7,0.0010222817191745883,2.2963369400617197,1,1
5.0,7,1,8,0.0389083293439198,0.36430097539303197,1,1
5.0,7,1,9,0.0010222819008831588,2.2215662039412347,1,1
5.0,7,2,0,0.0007368295502211726,2.323198753318676,1,1
5.0,7,2,1,0.00027542359171819615,1.8748495446965527,1,1
5.0,7,2,2,0.00027542360362334565,1.9023189759838257,1,1
5.0,7,2,3,0.0007290995018753553,1.6476843372706593,1,1
5.0,7,2,4,0.0004439550283855973,2.908837540519477,1,1
5.0,7,2,5,0.000691672771220791,2.4976957247624383,1,1
5.0,7,2,6,0.00035396175221625816,2.316441738284947,1,1
5.0,7,2,7,0.0006916751496978119,2.366203703723837,1,1
5.0,7,2,8,0.0005983626689917116,2.8043392891480594,1,1
5.0,7,2,9,0.0006916726474247276,2.3942363184297406,1,1
5.0,8,0,0,0.0005436529195356572,4.894641593071032,1,1
5.0,8,0,1,0.0003045457960150602,5.107412094393185,1,1
5.0,8,0,2,0.0004257009959991333,4.921697449291582,1,1
5.0,8,0,3,0.0005436534100850682,5.993291526533817,1,1
5.0,8,0,4,0.002292486852061154,1.6738399943366165,1,1
5.0,8,0,5,0.2459463004467585,0.47884648674831837,1,1
5.0,8,0,6,0.00023470112942898367,6.457069689276638,1,1
5.0,8,0,7,0.0005436577914225396,5.985780764442799,1,1
5.0,8,0,8,0.00023470319255631042,6.052810783094421,1,1
5.0,8,0,9,0.002292486853350261,1.987814902364051,1,1
5.0,8,1,0,0.0004214128578313994,4.676230269426665,1,1
5.0,8,1,1,0.0022849947850160494,0.9010734379772708,1,1
5.0,8,1,2,0.00030812549163181915,4.906990382593991,1,1
5.0,8,1,3,0.002284994889719768,0.8315528761788741,1,1
5.0,8,1,4,0.0016601612494868986,2.5497311655363584,1,1
5.0,8,1,5,0.0005369915952741902,4.433201622368994,1,1
5.0,8,1,6,0.0003001595410849653,4.952243653649158,1,1
5.0,8,1,7,0.001660160026548662,2.5095451957381543,1,1
5.0,8,1,8,0.0022849947850933313,0.9026589704937247,1,1
5.0,8,1,9,0.001897193995057823,1.4105218058265998,1,1
5.0,8,2,0,0.0005487560553626969,3.74770713204075,1,1
5.0,8,2,1,0.0008460315382648604,1.979054811931684,1,1
5.0,8,2,2,0.0005487560164519418,3.375602870442514,1,1
5.0,8,2,3,0.0010855369972698305,1.2031668098374404,1,1
5.0,8,2,4,0.0010908545523081964,1.8676800380297807,1,1
5.0,8,2,5,0.0010908556748803237,1.5613912702115051,1,1
5.0,8,2,6,0.0011428378088177336,1.4153480477953895,1,1
5.0,8,2,7,0.0005487560099007168,3.405523672078487,1,1
5.0,8,2,8,0.0005487561504810294,2.9164047817284393,1,1
5.0,8,2,9,0.000846028519625264,1.9825367783250982,1,1
5.0,9,0,0,0.000754763368532704,3.140746836281668,1,1
5.0,9,0,1,0.000519258261095317,3.917802922400362,1,1
5.0,9,0,2,0.0008209470672815312,0.8161891803262251,1,1
5.0,9,0,3,0.001285406990286515,2.7149280511740215,1,1
5.0,9,0,4,0.0005192592151529157,3.57824764378307,1,1
5.0,9,0,5,0.000519259346292903,3.610989001885778,1,1
5.0,9,0,6,0.0009323159106413291,2.6790357084589744,1,1
5.0,9,0,7,0.00128540705654765,2.7348213419366068,1,1
5.0,9,0,8,0.0009323158591554069,2.542629440723293,1,1
5.0,9,0,9,0.0006148953217366195,2.808254561204627,1,1
5.0,9,1,0,0.002027834270807399,2.65073475101002,1,1
5.0,9,1,1,0.0005533895528754976,3.2583338352182856,1,1
5.0,9,1,2,0.0005533895523265175,3.2639900326184836,1,1
5.0,9,1,3,0.00032427686670402216,3.008495293748262,1,1
5.0,9,1,4,0.0010005334772647523,2.120683908330687,1,1
5.0,9,1,5,0.7741676826099139,0.0014179229529789105,1,1
5.0,9,1,6,0.7741676826111752,0.17244669242801644,1,1
5.0,9,1,7,0.002027872135254056,2.245009341417589,1,1
5.0,9,1,8,0.000553389552045876,3.255842048208006,1,1
5.0,9,1,9,0.0003242768661465225,2.815712975440649,1,1
5.0,9,2,0,0.0009046019878786376,2.0733901730329602,1,1
5.0,9,2,1,0.0012436202917509135,1.582359571026876,1,1
5.0,9,2,2,0.0007676166027622494,2.5255222745037798,1,1
5.0,9,2,3,0.0007676178482968487,2.2124448110749566,1,1
5.0,9,2,4,0.0009046024256866423,1.9265723895977205,1,1
5.0,9,2,5,0.0012436202917170095,1.7692936125624708,1,1
5.0,9,2,6,0.0007390583408674945,2.722325595675716,1,1
5.0,9,2,7,0.000715974943088901,3.140722196024541,1,1
5.0,9,2,8,0.0010729223854949142,1.8662145738488616,1,1
5.0,9,2,9,0.0007676168370132751,2.5289359501439086,1,1
5.0,10,0,0,0.0005650632220616396,2.555511945070006,1,1
5.0,10,0,1,0.0006730460043320734,2.808399761831016,1,1
5.0,10,0,2,0.0006730434582874875,2.806983255807454,1,1
5.0,10,0,3,0.001011347220224404,1.6507179935767087,1,1
5.0,10,0,4,0.0006730460954810854,2.7950110444822522,1,1
5.0,10,0,5,0.00028426184834198743,2.1695291137195256,1,1
5.0,10,0,6,0.0010113473166414092,1.646640307328095,1,1
5.0,10,0,7,0.00033868319306543793,2.3052575587815793,1,1
5.0,10,0,8,0.0009290506383871119,1.4644289469328904,1,1
5.0,10,0,9,0.0009290506805166015,1.9357160150384183,1,1
5.0,10,1,0,0.0015398553000273633,1.955909084224968,1,1
5.0,10,1,1,0.0015398547674343966,1.3966088414155764,1,1
5.0,10,1,2,0.0015398568218197891,1.2276583287725042,1,1
5.0,10,1,3,0.00034251243531114906,2.02629408794365,1,1
5.0,10,1,4,0.0012651269309974528,1.8246489463709377,1,1
5.0,10,1,5,0.0020383636095789364,1.3433947868971488,1,1
5.0,10,1,6,0.0012651188539812746,1.580677157523426,1,1
5.0,10,1,7,0.0004814579699238946,2.4749163021025598,1,1
5.0,10,1,8,0.0012651269565815554,1.773544871477794,1,1
5.0,10,1,9,0.0015712981397102363,1.2309132662364937,1,1
5.0,10,2,0,0.0007922367871152082,2.3653996933708785,1,1
5.0,10,2,1,0.00019692394608423122,3.827552334637435,1,1
5.0,10,2,2,0.0005954522017343185,3.040765548469314,1,1
5.0,10,2,3,0.00021606217096132674,2.7783870807477054,1,1
5.0,10,2,4,0.0005201567943843614,2.501534863476288,1,1
5.0,10,2,5,0.0012465209522640763,1.3194810566288864,1,1
5.0,10,2,6,0.0001969239362417424,3.385372638405621,1,1
5.0,10,2,7,0.0008019864787522795,2.0372134373825332,1,1
5.0,10,2,8,0.00019692393404343884,3.3691376951780545,1,1
5.0,10,2,9,0.001050895672420541,1.832648539824011,1,1
5.0,11,0,0,0.0011379623102598377,2.5485001952810884,1,1
5.0,11,0,1,0.0011379623090119811,1.8915312850495574,1,1
5.0,11,0,2,0.00045411331857842955,3.528970051282361,1,1
5.0,11,0,3,0.000682031476242463,2.3985825134737846,1,1
5.0,11,0,4,0.0019428107094165144,1.115560767110027,1,1
5.0,11,0,5,0.0004515392367337868,3.6494713168634134,1,1
5.0,11,0,6,0.0006820314737130903,2.798607126356922,1,1
5.0,11,0,7,0.0011379660135815795,1.8918815628153385,1,1
5.0,11,0,8,0.00045155717110542703,3.6520942316918577,1,1
5.0,11,0,9,0.00045153822502330026,3.6403810318187935,1,1
5.0,11,1,0,0.0007263956167397049,3.704112534113687,1,1
5.0,11,1,1,0.0011267638713421042,1.5992672538568262,1,1
5.0,11,1,2,0.0008002600944695109,2.097658553899182,1,1
5.0,11,1,3,0.0007263936744973514,2.9376456421091457,1,1
5.0,11,1,4,0.0002934641567594679,1.7679501207766493,1,1
5.0,11,1,5,0.000614003131168501,3.7688133255144503,1,1
5.0,11,1,6,0.00021730353033651677,3.1843785286190895,1,1
5.0,11,1,7,0.0012511354351595466,1.5874416385976857,1,1
5.0,11,1,8,0.0007263954401825797,2.9591921335499043,1,1
5.0,11,1,9,0.00044221575731201803,2.886370395190929,1,1
5.0,11,2,0,0.000634781249684005,2.80018882251551,1,1
5.0,11,2,1,0.0004796195894238725,2.800817727012955,1,1
5.0,11,2,2,0.0010146346672691273,1.629746999377308,1,1
5.0,11,2,3,0.0004936339690277186,2.7285325144784434,1,1
5.0,11,2,4,0.0004936339733966775,2.632506438286974,1,1
5.0,11,2,5,0.0010152297431229936,2.299319686462329,1,1
5.0,11,2,6,0.000630869539242246,2.6981258807605086,1,1
5.0,11,2,7,0.001322994725896892,1.4964856774540685,1,1
5.0,11,2,8,0.00040487517301305426,2.9145356461266347,1,1
5.0,11,2,9,0.0013229947221228765,1.3303690964829287,1,1
5.0,12,0,0,0.0016911129167885498,1.3008470513543702,1,1
5.0,12,0,1,0.0010651869659805096,1.9429536858795595,1,1
5.0,12,0,2,0.0005050825447245022,3.6294182135034374,1,1
5.0,12,0,3,0.0004281766243036718,3.549089750758226,1,1
5.0,12,0,4,0.0004902216305091316,3.143917556020311,1,1
5.0,12,0,5,0.0006892756683661631,2.8880108910956532,1,1
5.0,12,0,6,0.0010651872261944876,2.1923536800514296,1,1
5.0,12,0,7,0.0006892853569100836,2.7160103963292404,1,1
5.0,12,0,8,0.0011610024488832764,1.2951241532870073,1,1
5.0,12,0,9,0.0018340078511602952,1.2043562618285393,1,1
5.0,12,1,0,0.0009725662111888116,1.9195634020819925,1,1
5.0,12,1,1,0.000571056878503545,2.95128219651126,1,1
5.0,12,1,2,0.0005710599928673909,2.752707036640563,1,1
5.0,12,1,3,0.0007235422011022905,3.5632249631379223,1,1
5.0,12,1,4,0.00031557458588191904,1.8782940990309978,1,1
5.0,12,1,5,0.0009886059351077172,1.6673887487439514,1,1
5.0,12,1,6,0.0003376317506089436,2.1162581381318883,1,1
5.0,12,1,7,0.0009886060125154437,1.802552673612085,1,1
5.0,12,1,8,0.0003376317504195683,1.8994582397910325,1,1
5.0,12,1,9,0.0009725661743065304,2.203544061717933,1,1
5.0,12,2,0,0.0006671175384505601,2.684191637597642,1,1
5.0,12,2,1,0.0006140324148734859,2.63433996594698,1,1
5.0,12,2,2,0.0010258732514713549,2.483775476093242,1,1
5.0,12,2,3,0.0007594655990041582,2.42504964778088,1,1
5.0,12,2,4,0.0010258691978502943,2.468232796915469,1,1
5.0,12,2,5,0.001102872941738007,2.020573093769494,1,1
5.0,12,2,6,0.0006671176028252733,2.647463790149712,1,1
5.0,12,2,7,0.000786078125992086,2.1440158811606818,1,1
5.0,12,2,8,0.0002746652621456845,2.2328072313503746,1,1
5.0,12,2,9,0.0010258348013851529,2.5212538323143954,1,1
5.0,13,0,0,0.0005573958913673659,3.230929444438354,1,1
5.0,13,0,1,0.0006865869407271151,2.7524497477223053,1,1
5.0,13,0,2,0.0009305307272025398,1.8196989739234928,1,1
5.0,13,0,3,0.0009806543563826635,1.7991634422963407,1,1
5.0,13,0,4,0.0005574013234455398,3.199283495084943,1,1
5.0,13,0,5,0.000729152830913178,2.387845010677744,1,1
5.0,13,0,6,0.0009305307120088319,2.3479157308442935,1,1
5.0,13,0,7,0.0006496912222896785,2.800496336587242,1,1
5.0,13,0,8,0.0006496933245723255,2.753785142849191,1,1
5.0,13,0,9,0.0012240046467591533,1.6346278104587706,1,1
5.0,13,1,0,0.0007003083318076976,2.556783648247511,1,1
5.0,13,1,1,0.0007003079109116729,2.558066386817842,1,1
5.0,13,1,2,0.0007773422707782815,2.4607103037426596,1,1
5.0,13,1,3,0.0006505950077848263,2.693904381876987,1,1
5.0,13,1,4,0.0007773422707172686,2.3282117010029415,1,1
5.0,13,1,5,0.0002507481908536353,2.217582737318068,1,1
5.0,13,1,6,0.0010493577052948114,1.6678925680806116,1,1
5.0,13,1,7,0.0007773422717761734,2.430192464113086,1,1
5.0,13,1,8,0.0007773422716798726,2.263192426910346,1,1
5.0,13,1,9,0.0010493578578355195,1.7093598489527906,1,1
5.0,13,2,0,0.0002855766695290358,5.237600297560255,1,1
5.0,13,2,1,0.002264796264847829,3.1097171021297063,1,1
5.0,13,2,2,0.002264796333356253,1.6566376242590928,1,1
5.0,13,2,3,0.0003623729392872783,4.812923541012713,1,1
5.0,13,2,4,0.016516676866056353,0.9471671348078586,1,1
5.0,13,2,5,0.0022647962648797777,3.115323600348997,1,1
5.0,13,2,6,0.002264796264862189,1.106549192132393,1,1
5.0,13,2,7,0.0003623728685133311,5.823404794693608,1,1
5.0,13,2,8,0.00036704647564583597,4.479946553653109,1,1
5.0,13,2,9,0.0006463204963027063,4.753615994855238,1,1
5.0,14,0,0,0.0011777843334724758,2.341272085948284,1,1
5.0,14,0,1,0.000584317537786095,3.332689297850591,1,1
5.0,14,0,2,0.0002966614157743514,2.061119009095792,1,1
5.0,14,0,3,0.0007029572069603305,3.05971954408475,1,1
5.0,14,0,4,0.0007861707299955849,2.8210674372205724,1,1
5.0,14,0,5,0.0013388954162892573,1.3029868786999474,1,1
5.0,14,0,6,0.001369693405985522,1.302208991533364,1,1
5.0,14,0,7,0.00018412245911176504,3.209497443802682,1,1
5.0,14,0,8,0.0013388954182906928,1.3049175110382683,1,1
5.0,14,0,9,0.0007029648364483422,3.0956777324677387,1,1
5.0,14,1,0,0.0014307943102439275,1.3234911439026098,1,1
5.0,14,1,1,0.0007473793489292919,2.222625384736648,1,1
5.0,14,1,2,0.0007473793517449165,2.2060477365656066,1,1
5.0,14,1,3,0.0012091012042122612,1.281388453971838,1,1
5.0,14,1,4,0.00031543223062921157,1.9587667694823359,1,1
5.0,14,1,5,0.0007309159884651071,2.4784927183244037,1,1
5.0,14,1,6,0.00021861235410931977,2.1594918275271437,1,1
5.0,14,1,7,0.0009785339471396388,2.3690077757496995,1,1
5.0,14,1,8,0.0007548635636495613,2.169361949448653,1,1
5.0,14,1,9,0.0007548656284802869,2.1396369541413462,1,1
5.0,14,2,0,0.00034096709313699726,1.7864855945114388,1,1
5.0,14,2,1,0.0006959115658447267,2.284166602749117,1,1
5.0,14,2,2,0.000973989718251901,1.7382741419096566,1,1
5.0,14,2,3,0.0009739897761761967,1.7265498980301872,1,1
5.0,14,2,4,0.0007388558027565216,1.7458078833651482,1,1
5.0,14,2,5,0.0003409669894139528,1.7755259204316094,1,1
5.0,14,2,6,0.0006959115661351533,2.1950375480059714,1,1
5.0,14,2,7,0.0009739897069941407,1.9837454916184445,1,1
5.0,14,2,8,0.0005308791494518547,3.065742624723962,1,1
5.0,14,2,9,0.0006797892024040462,2.592160393343118,1,1
5.0,15,0,0,0.0008301063012103626,2.3286429712175325,1,1
5.0,15,0,1,0.0007187987985469101,2.0957490420781646,1,1
5.0,15,0,2,0.000830106230656691,2.244610366233949,1,1
5.0,15,0,3,0.000830106190167646,1.9925430203315968,1,1
5.0,15,0,4,0.0007187987869856145,2.280088012914619,1,1
5.0,15,0,5,0.0007187987935369563,1.0014542666070407,1,1
5.0,15,0,6,0.0008301062318235979,2.041227703765443,1,1
5.0,15,0,7,0.001172243204068197,1.6462713228056456,1,1
5.0,15,0,8,0.000830106231710066,2.133073738417681,1,1
5.0,15,0,9,0.0008301061490916702,2.3284843497096945,1,1
5.0,15,1,0,0.0006877251660670068,2.9514787755475247,1,1
5.0,15,1,1,0.0010053579696710018,1.8195543077161476,1,1
5.0,15,1,2,0.0013536751378219135,1.1921970478033745,1,1
5.0,15,1,3,0.0009617207710996932,1.7946954747775923,1,1
5.0,15,1,4,0.0014410285610089134,1.7342859841468259,1,1
5.0,15,1,5,0.00014782535667982408,4.2806523126246585,1,1
5.0,15,1,6,0.00038933981905458115,3.875478163786608,1,1
5.0,15,1,7,0.0002079086429704684,3.2593597758436106,1,1
5.0,15,1,8,0.0009617207705699579,1.7926386909325194,1,1
5.0,15,1,9,0.0006877373294963346,2.6217046379864923,1,1
5.0,15,2,0,0.002805118637960578,0.9561112685314156,1,1
5.0,15,2,1,0.004037498570971956,0.629016904166992,1,1
5.0,15,2,2,0.0040375533827433085,0.4265531917979175,1,1
5.0,15,2,3,0.000275206814517624,1.824442586212779,1,1
5.0,15,2,4,0.004037496950300527,0.6566257072388528,1,1
5.0,15,2,5,0.0012893616118986376,1.8887621421558727,1,1
5.0,15,2,6,0.001289361843975825,1.6979318853109697,1,1
5.0,15,2,7,0.0013049997687143034,0.43507561958695434,1,1
5.0,15,2,8,0.0005361689544339173,3.2590098906650025,1,1
5.0,15,2,9,0.00403755281506865,0.4902347200958939,1,1
5.0,16,0,0,0.0014731767916818107,1.4326985641574308,1,1
5.0,16,0,1,0.0003277893743984485,4.635247459538011,1,1
5.0,16,0,2,0.00033400857469275476,4.332230218020608,1,1
5.0,16,0,3,0.0007713894337079446,2.1446386436877387,1,1
5.0,16,0,4,0.0003340435134636175,4.631124653996387,1,1
5.0,16,0,5,0.0007713894208992735,1.9771615603626267,1,1
5.0,16,0,6,0.000259564262271985,3.65681887415914,1,1
5.0,16,0,7,0.0002595642637142081,3.71480957515608,1,1
5.0,16,0,8,0.00010010753729260034,5.123130487672671,1,1
5.0,16,0,9,0.000259564263927046,3.984812894952619,1,1
5.0,16,1,0,0.038204207140049934,0.5115150717475881,1,1
5.0,16,1,1,0.00024148457179954677,6.127563937591121,1,1
5.0,16,1,2,0.00021887532962427448,5.698330418279323,1,1
5.0,16,1,3,0.00024150988918415873,6.086238951946132,1,1
5.0,16,1,4,0.0018419566283432154,4.821773090639682,1,1
5.0,16,1,5,0.0002414834200200168,6.9168092452853225,1,1
5.0,16,1,6,0.0018419566283432154,5.006875918744523,1,1
5.0,16,1,7,0.038204206772837666,0.4894830890290807,1,1
5.0,16,1,8,0.00024148556556625162,6.819507731819481,1,1
5.0,16,1,9,0.2058595975263412,1.835601081268717e-06,1,1
5.0,16,2,0,0.0015123165552034768,1.459640102025023,1,1
5.0,16,2,1,0.0010575040709051742,1.9739923103500294,1,1
5.0,16,2,2,0.0015282295499638656,0.9879568823296283,1,1
5.0,16,2,3,0.0008539763184846899,0.9869026669702203,1,1
5.0,16,2,4,0.00010805302042210219,6.107073733641845,1,1
5.0,16,2,5,0.0020893828811299614,0.958087434587813,1,1
5.0,16,2,6,0.0015123165589497503,1.2412953783975071,1,1
5.0,16,2,7,0.00037985838870279755,5.346962111363551,1,1
5.0,16,2,8,0.00035852738680095355,5.501842924960359,1,1
5.0,16,2,9,0.0024037879677398124,0.9455955836064505,1,1
5.0,17,0,0,0.0018308803167729631,1.168333770075177,1,1
5.0,17,0,1,0.009821270826245652,0.19345806986568642,1,1
5.0,17,0,2,0.00019960701403328734,3.0672882338984406,1,1
5.0,17,0,3,0.001830880250375137,1.2663388845367032,1,1
5.0,17,0,4,0.0009860722310736068,2.1561011413602964,1,1
5.0,17,0,5,0.0018308797658471573,1.3453257379586374,1,1
5.0,17,0,6,0.00020473850314402684,3.2654826841386444,1,1
5.0,17,0,7,0.00982127058358371,0.48538403900484933,1,1
5.0,17,0,8,0.0012296332909210728,1.3767309309429596,1,1
5.0,17,0,9,0.0012747086296052334,1.9762570059153333,1,1
5.0,17,1,0,0.0011673239127061022,1.5875534614443667,1,1
5.0,17,1,1,0.00042428423142177875,2.69768881898476,1,1
5.0,17,1,2,0.05672517567228066,0.38993535792180556,1,1
5.0,17,1,3,0.394536013505689,0.26865553154729793,1,1
5.0,17,1,4,0.0006507979201179775,3.2496970777642487,1,1
5.0,17,1,5,0.0008146171322108406,2.4914162265935653,1,1
5.0,17,1,6,0.0006507979189069228,2.8142334462149026,1,1
5.0,17,1,7,0.39453601350922857,8.673211587022888e-06,1,1
5.0,17,1,8,0.10213875891090957,1.6658696532386188,1,1
5.0,17,1,9,0.0004297487033069215,3.7737858308612227,1,1
5.0,17,2,0,0.0012747375394279049,1.3277493971598209,1,1
5.0,17,2,1,0.0004797210790331214,3.0448941752738894,1,1
5.0,17,2,2,0.00035467306449671386,3.9897091274274112,1,1
5.0,17,2,3,0.00012869273430536623,3.975988071382428,1,1
5.0,17,2,4,0.0010581310585230095,1.7243061247283296,1,1
5.0,17,2,5,0.0008608964710604702,1.8575176011772654,1,1
5.0,17,2,6,0.0012180689683762623,1.3120184230068883,1,1
5.0,17,2,7,0.0004902180504012938,3.430635284955647,1,1
5.0,17,2,8,0.0005868631832728912,3.2324096625223633,1,1
5.0,17,2,9,0.0012180689675266997,1.2897868060989648,1,1
5.0,18,0,0,0.001901138897228682,0.9473021162221474,1,1
5.0,18,0,1,0.0017848240906471302,1.2854197502827063,1,1
5.0,18,0,2,0.0007914506073138139,3.734793584838926,1,1
5.0,18,0,3,0.002146738445302142,0.8886792383924255,1,1
5.0,18,0,4,0.001784824349223961,2.0962808984959653,1,1
5.0,18,0,5,0.0002947883446586787,1.8689823347833214,1,1
5.0,18,0,6,0.00029478840224101376,2.005706801611257,1,1
5.0,18,0,7,0.0009873896612411035,2.3057023652177806,1,1
5.0,18,0,8,0.0019360049251090131,1.5510204811956778,1,1
5.0,18,0,9,0.0002778474486341283,2.50878887430581,1,1
5.0,18,1,0,0.00048631637951285206,3.1480351346340663,1,1
5.0,18,1,1,0.0009843374733472315,2.5086384020115573,1,1
5.0,18,1,2,0.0005971327987794072,2.699346305424484,1,1
5.0,18,1,3,0.0005971337509783682,2.6367074082653565,1,1
5.0,18,1,4,0.0009843375001023973,1.9369665836521044,1,1
5.0,18,1,5,0.001047414793219869,1.8296683913990985,1,1
5.0,18,1,6,0.000946921445016166,1.7036237804064052,1,1
5.0,18,1,7,0.0009469212055411506,1.7733187723052486,1,1
5.0,18,1,8,0.0005971391440472828,3.0022024156207565,1,1
5.0,18,1,9,0.001047416062216663,1.8066326867228077,1,1
5.0,18,2,0,0.009704330954062677,0.6211932895317795,1,1
5.0,18,2,1,0.0005332779519244958,5.55346835251558,1,1
5.0,18,2,2,0.0005333468235288025,5.817871792235654,1,1
5.0,18,2,3,0.0005059048307037331,5.33898628486838,1,1
5.0,18,2,4,0.0003241304444790288,2.001628814120117,1,1
5.0,18,2,5,0.009704339611385542,1.2363218772962716,1,1
5.0,18,2,6,0.0005586982597377847,3.5393785956387265,1,1
5.0,18,2,7,0.00032413044408912013,5.059096821409195,1,1
5.0,18,2,8,0.0005333472049409724,5.858645507682686,1,1
5.0,18,2,9,0.009704339676921653,0.879378305765432,1,1
5.0,19,0,0,0.00026763106438685663,3.328073126016138,1,1
5.0,19,0,1,0.0003483875524498696,1.6380856579482388,1,1
5.0,19,0,2,0.0002739135116964421,2.2118273425250132,1,1
5.0,19,0,3,0.00026763106400013294,3.4872183056548787,1,1
5.0,19,0,4,0.0003880063479491553,1.9131411452381306,1,1
5.0,19,0,5,0.0007399200412908208,3.3910690914238546,1,1
5.0,19,0,6,0.0003483875524198055,1.5994159847107952,1,1
5.0,19,0,7,0.0003899238382121151,1.8927400766871254,1,1
5.0,19,0,8,0.0005935658189137895,1.2492672499468833,1,1
5.0,19,0,9,0.00038992486564059413,1.8714135801565046,1,1
5.0,19,1,0,0.0005886123320047864,2.67661919738466,1,1
5.0,19,1,1,0.0006861856787235334,2.821258131237667,1,1
5.0,19,1,2,0.001932309235625668,1.444843597592323,1,1
5.0,19,1,3,0.0005520295283724987,2.157605558649489,1,1
5.0,19,1,4,0.0005886101117388777,2.757869365646396,1,1
5.0,19,1,5,0.0006861857738527887,2.9891255173326075,1,1
5.0,19,1,6,0.0006861887823349863,2.898791615955757,1,1
5.0,19,1,7,0.0006861759259661241,2.8676909975194413,1,1
5.0,19,1,8,0.0006861759184801526,2.9395133633029182,1,1
5.0,19,1,9,0.0005886120401434008,3.514557828655265,1,1
5.0,19,2,0,0.00033545535324391976,2.1852189580525008,1,1
5.0,19,2,1,0.0007513760478559213,1.9604784380433586,1,1
5.0,19,2,2,0.000846784651605894,2.28149936049068,1,1
5.0,19,2,3,0.0005676440278122258,3.224308036825578,1,1
5.0,19,2,4,0.0008467846564509852,2.22619034211825,1,1
5.0,19,2,5,0.000806145215113856,2.4693407535022853,1,1
5.0,19,2,6,0.0008134117556896871,2.2413228720972,1,1
5.0,19,2,7,0.0008134132503664462,2.217526033128261,1,1
5.0,19,2,8,0.0008061469407598465,2.324193649122753,1,1
5.0,19,2,9,0.0003354553268027487,2.2179649820466594,1,1
5.0,20,0,0,0.0009844757008710668,1.9128385235202758,1,1
5.0,20,0,1,0.0005735700088355365,2.8234772640120456,1,1
5.0,20,0,2,0.0005044428417123503,2.8878703710171396,1,1
5.0,20,0,3,0.0009844757002148163,1.5111078534252373,1,1
5.0,20,0,4,0.0005735700090365313,2.9316617334044923,1,1
5.0,20,0,5,0.0005184750989263577,2.584251180072746,1,1
5.0,20,0,6,0.0011929843909266142,1.425960944402871,1,1
5.0,20,0,7,0.0003553624537823503,1.4660968510294337,1,1
5.0,20,0,8,0.000531040248172161,2.612236861939332,1,1
5.0,20,0,9,0.0011929843943077414,1.4261510905773616,1,1
5.0,20,1,0,0.0013956792241769662,2.0098225704206976,1,1
5.0,20,1,1,0.00043563384726332026,4.501020801355441,1,1
5.0,20,1,2,0.002359794730560872,0.9462160003188135,1,1
5.0,20,1,3,0.0004990773728516075,4.48281236689535,1,1
5.0,20,1,4,0.0030433325892588576,0.6347552366614617,1,1
5.0,20,1,5,0.002359794730964574,1.8454692364169838,1,1
5.0,20,1,6,0.0016712005969828213,1.3717059784218728,1,1
5.0,20,1,7,0.0023597947311664253,0.9499762295236185,1,1
5.0,20,1,8,0.0004990773728516075,4.544901218029296,1,1
5.0,20,1,9,0.0030433325527846754,0.5770786128925117,1,1
5.0,20,2,0,0.4341005513162014,2.1309407577406593e-06,1,1
5.0,20,2,1,0.0038547813695436147,1.0564281345234603,1,1
5.0,20,2,2,0.43410054291595396,0.0006234366377301382,1,1
5.0,20,2,3,0.4341005429239619,0.0012248901142428595,1,1
5.0,20,2,4,0.0003136331477803572,5.572172264160961,1,1
5.0,20,2,5,0.0027412162648339455,1.538568694702235,1,1
5.0,20,2,6,0.0027412162695934334,2.45263173416464,1,1
5.0,20,2,7,0.43410055128419245,2.852643368847522e-06,1,1
5.0,20,2,8,0.03308210298039647,0.022881030636151593,1,1
5.0,20,2,9,0.0014473232273758906,1.0541675826372232,1,1
5.0,21,0,0,0.0005610026553760383,3.3195327647407837,1,1
5.0,21,0,1,0.0003367071372778066,2.0249971963598012,1,1
5.0,21,0,2,0.0007998792540759845,2.127764853861808,1,1
5.0,21,0,3,0.0004419559049398908,3.4460175965691544,1,1
5.0,21,0,4,0.0005610042435554045,3.3742394919923715,1,1
5.0,21,0,5,0.0005775501466230474,2.942448854349158,1,1
5.0,21,0,6,0.0003367071372858333,2.338957372592846,1,1
5.0,21,0,7,0.0002121299163000632,3.7166127079941074,1,1
5.0,21,0,8,0.00023478626820332355,2.00664964000713,1,1
5.0,21,0,9,0.0005610063404896538,2.7528812510801455,1,1
5.0,21,1,0,0.001646347331426657,2.145260451606389,1,1
5.0,21,1,1,0.0018091664551556329,1.086266617178967,1,1
5.0,21,1,2,0.000724178598861975,2.12495672384042,1,1
5.0,21,1,3,0.000724178604825322,1.4632576328548441,1,1
5.0,21,1,4,0.001809164513019823,1.678032395283278,1,1
5.0,21,1,5,0.0007642089848870224,2.142199821115278,1,1
5.0,21,1,6,0.0007241786047986167,1.7268214617194628,1,1
5.0,21,1,7,0.0018091647370631634,1.4386727410648694,1,1
5.0,21,1,8,0.0007241785988352698,1.1744971130534059,1,1
5.0,21,1,9,0.0004818603404284931,4.290605851922518,1,1
5.0,21,2,0,0.010645226586786363,1.352104292136888,1,1
5.0,21,2,1,0.0004693505120448237,5.4806946058130555,1,1
5.0,21,2,2,0.000666519295436451,4.795171699796519,1,1
5.0,21,2,3,0.0007268279483693903,2.2453206981607505,1,1
5.0,21,2,4,0.4214816017234685,0.10534974700005921,1,1
5.0,21,2,5,0.01064522652805294,2.0901278197039233,1,1
5.0,21,2,6,0.0006665102680129054,2.9109193905986026,1,1
5.0,21,2,7,0.010645226589512486,1.9442140071112664,1,1
5.0,21,2,8,0.4214816017234685,0.1956689989016643,1,1
5.0,21,2,9,0.008207409975463657,0.9052824970208194,1,1
5.0,22,0,0,0.6476840074192352,0.47906633386932174,1,1
5.0,22,0,1,0.0003997985831826612,3.8712211683144546,1,1
5.0,22,0,2,0.0004904406479493138,2.6242303611180904,1,1
5.0,22,0,3,0.000399799652756139,3.535934987080674,1,1
5.0,22,0,4,0.6476840074192168,0.38264439770831354,1,1
5.0,22,0,5,0.0005884760036729025,3.567832340777745,1,1
5.0,22,0,6,0.00039974478505503254,3.660406502679239,1,1
5.0,22,0,7,0.1106519005230106,0.9213292574774548,1,1
5.0,22,0,8,0.10705456529349411,1.599033608990712,1,1
5.0,22,0,9,0.0010655458561388696,2.655397444895419,1,1
5.0,22,1,0,0.0015929262992621747,1.860764616831072,1,1
5.0,22,1,1,0.0018393467981059996,1.3271938280255773,1,1
5.0,22,1,2,0.0018393468283695066,1.0728564779117606,1,1
5.0,22,1,3,0.0006401185389097476,3.1693078536549533,1,1
5.0,22,1,4,0.0006401103916388398,3.1059822769191037,1,1
5.0,22,1,5,0.0007794293477855063,2.410743993844359,1,1
5.0,22,1,6,0.0001899018275925473,3.0077481005512343,1,1
5.0,22,1,7,0.0003152002417501162,2.2979170625504155,1,1
5.0,22,1,8,0.0015929220366958177,1.4541978964847995,1,1
5.0,22,1,9,0.0018272892392903555,1.0696972146216728,1,1
5.0,22,2,0,0.0012529614488688012,2.0255059711428385,1,1
5.0,22,2,1,0.0007948456435802164,2.366334157710159,1,1
5.0,22,2,2,0.0007227913719396502,2.219578141776822,1,1
5.0,22,2,3,0.0011098468282607888,2.0593647813914573,1,1
5.0,22,2,4,0.0007227858150244439,2.68815703424084,1,1
5.0,22,2,5,0.0008219137933587463,2.337755421072783,1,1
5.0,22,2,6,0.0007948451317030043,2.3680507749475486,1,1
5.0,22,2,7,0.0007227913704145843,2.5995737781083883,1,1
5.0,22,2,8,0.0007948313087838923,2.3237609525762486,1,1
5.0,22,2,9,0.001345654083723663,1.4266389903052221,1,1
5.0,23,0,0,0.001145878463817649,1.7745230841177468,1,1
5.0,23,0,1,0.0002108218564084963,2.8180767467253074,1,1
5.0,23,0,2,0.0005065429116512318,2.8189522072719253,1,1
5.0,23,0,3,0.0006133914977776505,3.324017312609567,1,1
5.0,23,0,4,0.0005373479888671186,3.257405501794276,1,1
5.0,23,0,5,0.0006133750653589052,3.397112992462293,1,1
5.0,23,0,6,0.0009779232002905028,1.7862968832276698,1,1
5.0,23,0,7,0.0011458796769963783,1.6659029920193276,1,1
5.0,23,0,8,0.00021082185626887455,3.303341424462215,1,1
5.0,23,0,9,0.0012170399770997647,1.5906738649182752,1,1
5.0,23,1,0,0.0008921799952589583,3.3180914306161795,1,1
5.0,23,1,1,0.0003756510249771051,4.334473874005141,1,1
5.0,23,1,2,0.0008921798994299077,3.2854977951491726,1,1
5.0,23,1,3,0.0010007534394054262,1.2109499374593407,1,1
5.0,23,1,4,0.0010007546276949054,1.166513268400748,1,1
5.0,23,1,5,0.0003756664330200404,4.19616250747324,1,1
5.0,23,1,6,0.0044410830973253615,2.5200087659279826,1,1
5.0,23,1,7,0.0005159967770061939,4.106480206722549,1,1
5.0,23,1,8,0.0059865093856058945,0.2938327672819281,1,1
5.0,23,1,9,0.0006979086907458088,2.5128657040041276,1,1
5.0,23,2,0,0.0014234617660879073,1.47366364506408,1,1
5.0,23,2,1,0.0002696285057107595,4.3758291654254835,1,1
5.0,23,2,2,0.00036962449920466755,4.527184767887649,1,1
5.0,23,2,3,0.0004122924252928511,4.115434914480237,1,1
5.0,23,2,4,0.0003042542098316529,3.185126191633282,1,1
5.0,23,2,5,0.0003042542098597204,3.110422472228032,1,1
5.0,23,2,6,0.00041229391316697513,4.112977189745804,1,1
5.0,23,2,7,0.00041231131524831785,4.429798332293951,1,1
5.0,23,2,8,0.0014234617660885246,1.5275041391808835,1,1
5.0,23,2,9,0.0006811515141188526,2.5166779263525374,1,1
5.0,24,0,0,0.0012854032041366014,2.1412989936490194,1,1
5.0,24,0,1,0.0006552570058244709,2.742870493606547,1,1
5.0,24,0,2,0.0016034564710084652,2.5068981719098824,1,1
5.0,24,0,3,0.0019943901331674983,0.9833563788253169,1,1
5.0,24,0,4,0.000655256660350046,2.786938195354598,1,1
5.0,24,0,5,0.0004511312229478659,2.8783384371855476,1,1
5.0,24,0,6,0.0019943901427386754,1.051416164887586,1,1
5.0,24,0,7,0.0018334998000153113,1.916303747187148,1,1
5.0,24,0,8,0.00022368401456137612,2.8146620611006496,1,1
5.0,24,0,9,0.000522261020585171,1.516906042505949,1,1
5.0,24,1,0,0.0006545972784347319,2.7452886118512927,1,1
5.0,24,1,1,0.0008755397882128262,1.9922068405194473,1,1
5.0,24,1,2,0.0006545892957095629,2.705729259865951,1,1
5.0,24,1,3,0.0007200550691409729,2.4310130509473433,1,1
5.0,24,1,4,0.0013248098163191092,1.6768212568582102,1,1
5.0,24,1,5,0.0007200557270911707,2.408395052401513,1,1
5.0,24,1,6,0.001134103226793333,1.632204493074908,1,1
5.0,24,1,7,0.0004065544737216018,1.3289025259284226,1,1
5.0,24,1,8,0.0011341028886943049,2.340080368242472,1,1
5.0,24,1,9,0.0013248094469340578,1.6105354855959324,1,1
5.0,24,2,0,0.00069757256350656,3.8568824947831217,1,1
5.0,24,2,1,0.00035408683170775744,2.295585560671951,1,1
5.0,24,2,2,0.0004050923907888461,4.628058529984983,1,1
5.0,24,2,3,0.00039286012696806955,3.9349310271445352,1,1
5.0,24,2,4,0.00040509247194725197,4.62924025831209,1,1
5.0,24,2,5,0.0016074102295151485,1.3099753327742754,1,1
5.0,24,2,6,0.0016419147243084777,1.386623414500791,1,1
5.0,24,2,7,0.00034169379429359835,4.631089550370552,1,1
5.0,24,2,8,0.00040509252771947496,4.637242572219441,1,1
5.0,24,2,9,0.0005698982780066028,2.3570486487781315,1,1
5.0,25,0,0,0.0012319023567274206,2.160699750088782,1,1
5.0,25,0,1,0.0001627585806024332,3.912379415539027,1,1
5.0,25,0,2,0.0001627587962530427,3.8778152301218234,1,1
5.0,25,0,3,0.0008105115032481851,2.492671203079392,1,1
5.0,25,0,4,0.0026858111156570865,0.8528998995363097,1,1
5.0,25,0,5,0.00018517180949335278,2.9113933162752064,1,1
5.0,25,0,6,0.0006669614398823191,2.993451324313017,1,1
5.0,25,0,7,0.0026933819894290126,1.6351419159662686,1,1
5.0,25,0,8,0.002685811428432745,0.7871336715753576,1,1
5.0,25,0,9,0.0005119320219448806,2.695857062088007,1,1
5.0,25,1,0,0.0006200236225250087,3.4788641797884177,1,1
5.0,25,1,1,0.00029540947656780736,4.303028708495666,1,1
5.0,25,1,2,0.0026535406134143486,1.3834038191668823,1,1
5.0,25,1,3,0.002653540583257805,0.9312290898549255,1,1
5.0,25,1,4,0.0003779281950932921,4.570295292199581,1,1
5.0,25,1,5,0.0006200252756145095,3.383964759826193,1,1
5.0,25,1,6,0.0026535406134396153,1.1416610686637845,1,1
5.0,25,1,7,0.0006200213823106807,3.2601095887475275,1,1
5.0,25,1,8,0.0026535405830096018,0.922716634578318,1,1
5.0,25,1,9,0.0012940864967294773,1.6769841795512406,1,1
5.0,25,2,0,0.0006387331037751316,1.0558720871136094,1,1
5.0,25,2,1,0.0006109611267640993,2.5418105779818405,1,1
5.0,25,2,2,0.0007301452956487338,0.8920437879592711,1,1
5.0,25,2,3,0.0005926507746838944,2.65890503276304,1,1
5.0,25,2,4,0.0007301454745040445,0.7551709176097612,1,1
5.0,25,2,5,0.0006387331043582239,1.7130852373571661,1,1
5.0,25,2,6,0.0007301454746866556,1.1228121654834995,1,1
5.0,25,2,7,0.0007960032293547405,2.3958023660489203,1,1
5.0,25,2,8,0.0006387331042649895,1.7183581864349238,1,1
5.0,25,2,9,0.0007494161573724557,1.627450107383712,1,1
5.0,26,0,0,0.0011032219146316603,1.6936889905344241,1,1
5.0,26,0,1,0.0005782995482491673,3.2646578669824446,1,1
5.0,26,0,2,0.000190119786490708,3.6013908715981544,1,1
5.0,26,0,3,0.0011032219146278714,1.8269553574580557,1,1
5.0,26,0,4,0.0008880662216417343,3.0026073801356525,1,1
5.0,26,0,5,0.0005782994765489876,3.8781519675864433,1,1
5.0,26,0,6,0.0009108898933982073,2.519846942783883,1,1
5.0,26,0,7,0.001103221914568597,1.8964120173000913,1,1
5.0,26,0,8,0.00088806621707815,2.681757732852025,1,1
5.0,26,0,9,0.0009108898896386607,2.5491707224777542,1,1
5.0,26,1,0,0.0006736728070340969,2.8681948325267252,1,1
5.0,26,1,1,0.0005416373202619315,2.804918373778503,1,1
5.0,26,1,2,0.0004006607655121526,1.7191780094432123,1,1
5.0,26,1,3,0.0004344969369329651,3.994068120137431,1,1
5.0,26,1,4,0.0004344995051941723,4.133513126080859,1,1
5.0,26,1,5,0.0007624045392214243,2.010426773081154,1,1
5.0,26,1,6,0.00040066076560666195,1.9647282808204265,1,1
5.0,26,1,7,0.0005416371875601878,3.2986742092068124,1,1
5.0,26,1,8,0.0007792796240966128,2.414464830946524,1,1
5.0,26,1,9,0.0005416373127679363,3.0474655133689788,1,1
5.0,26,2,0,0.0009025088174968028,1.847300971392536,1,1
5.0,26,2,1,0.0009025088173898549,1.8132352432405505,1,1
5.0,26,2,2,0.0002743706806870529,3.8189248457347524,1,1
5.0,26,2,3,0.0007106740932509994,2.499632007454097,1,1
5.0,26,2,4,0.0007106740923109227,3.2512528199659876,1,1
5.0,26,2,5,0.00036549484385289496,4.949198017524482,1,1
5.0,26,2,6,0.00036549553538827204,4.919860679667922,1,1
5.0,26,2,7,0.0009025088174345464,1.7396216847907036,1,1
5.0,26,2,8,0.0011981331857703332,1.4263202909298103,1,1
5.0,26,2,9,0.0009025088171976806,1.828666221205379,1,1
5.0,27,0,0,0.0004956628104659984,2.7781868022937095,1,1
5.0,27,0,1,0.000688426283759919,2.6465088951354185,1,1
5.0,27,0,2,0.0006690651072319951,2.5659595077751103,1,1
5.0,27,0,3,0.0004009859925315111,2.3944846483703173,1,1
5.0,27,0,4,0.000699111865794439,2.3759683570710126,1,1
5.0,27,0,5,0.0006884261285834905,2.6015133275652977,1,1
5.0,27,0,6,0.0016010904301012405,2.2148068106392835,1,1
5.0,27,0,7,0.000652141566158316,2.609410730052516,1,1
5.0,27,0,8,0.00040098608517189036,2.796006190473449,1,1
5.0,27,0,9,0.0004036764618490788,1.6665734841394997,1,1
5.0,27,1,0,0.0004249527440233035,3.5972309289522024,1,1
5.0,27,1,1,0.0027816784698567122,1.3520582889402353,1,1
5.0,27,1,2,0.0014214567484328584,1.6639557193597692,1,1
5.0,27,1,3,0.0004249551622094087,5.953595676980852,1,1
5.0,27,1,4,0.00042496651652900705,5.1646809233182,1,1
5.0,27,1,5,0.0008481557996097269,2.325294386259185,1,1
5.0,27,1,6,0.0004249566678055865,5.229675839583316,1,1
5.0,27,1,7,0.002781678351172581,1.751110289366347,1,1
5.0,27,1,8,0.001421456748772556,1.5834820962626859,1,1
5.0,27,1,9,0.0027816793450996654,2.143675405784678,1,1
5.0,27,2,0,0.0008050563218646713,3.322741073988447,1,1
5.0,27,2,1,0.00038278203646849605,5.032026666006748,1,1
5.0,27,2,2,0.00255644601492355,1.1723150635602904,1,1
5.0,27,2,3,0.0006217285323118166,3.9661852898261496,1,1
5.0,27,2,4,0.004938229524934028,1.176914311746585,1,1
5.0,27,2,5,0.0030534367899205587,0.6083123782099391,1,1
5.0,27,2,6,0.0015170197730169832,1.6365225459434667,1,1
5.0,27,2,7,0.00038277765198065734,4.067327457090005,1,1
5.0,27,2,8,0.0003827821054786424,4.144591896675518,1,1
5.0,27,2,9,0.0006417175610190436,4.050217780739168,1,1
5.0,28,0,0,0.0007171418647609596,2.3753661873459455,1,1
5.0,28,0,1,0.0009814610793556563,1.793609045236898,1,1
5.0,28,0,2,0.0007362181118175562,2.4596026231637262,1,1
5.0,28,0,3,0.0008425234974635538,2.183086211129046,1,1
5.0,28,0,4,0.0007362181133829768,2.45896260638289,1,1
5.0,28,0,5,0.0007171112458762548,2.423062731412666,1,1
5.0,28,0,6,0.0007171156069719818,2.411570167175248,1,1
5.0,28,0,7,0.0009412712809849617,1.7052170722457154,1,1
5.0,28,0,8,0.000717113047040049,2.4215500250059354,1,1
5.0,28,0,9,0.0008425235029096877,2.1822149492259317,1,1
5.0,28,1,0,0.0011728094306177291,1.598300991426313,1,1
5.0,28,1,1,0.001194443356017586,1.4364980951345645,1,1
5.0,28,1,2,0.0011944433621475729,1.9445445772457746,1,1
5.0,28,1,3,0.0006928483585479619,3.3254084695290107,1,1
5.0,28,1,4,0.0007271022295652225,2.3371408947716974,1,1
5.0,28,1,5,0.0011944433567731656,1.496495140100116,1,1
5.0,28,1,6,0.0012184896147501587,1.418129622268057,1,1
5.0,28,1,7,0.0014371669572456243,1.4109919707619238,1,1
5.0,28,1,8,0.0006928437345197983,2.526950325566713,1,1
5.0,28,1,9,0.00018885649090764434,2.8185062111371835,1,1
5.0,28,2,0,0.0009785254495156671,2.0677207381810674,1,1
5.0,28,2,1,0.0014659665979824823,1.8675588133258745,1,1
5.0,28,2,2,0.0029766478393085235,0.7343259581318117,1,1
5.0,28,2,3,0.0006666697093982517,2.9090500786469566,1,1
5.0,28,2,4,0.0006666672861445958,3.093171041426683,1,1
5.0,28,2,5,0.0006666672855567157,2.9794806053562795,1,1
5.0,28,2,6,0.0006009528840172818,2.1560716641872624,1,1
5.0,28,2,7,0.0005853015643333253,2.6334822455157463,1,1
5.0,28,2,8,0.0014659597494544967,2.027335893592521,1,1
5.0,28,2,9,0.002976654813662135,1.1548523120939926,1,1
5.0,29,0,0,0.0005486852553317463,2.7931084094824215,1,1
5.0,29,0,1,0.0005486852794612006,3.2505031948302343,1,1
5.0,29,0,2,0.0008074049636765282,2.465799948586599,1,1
5.0,29,0,3,0.0021685771723430522,1.1334846922405097,1,1
5.0,29,0,4,0.0009071123656095786,2.183312865952691,1,1
5.0,29,0,5,0.001604265641018253,1.1379705170332333,1,1
5.0,29,0,6,0.0003373113977139736,1.7969783793356362,1,1
5.0,29,0,7,0.00033731140924740763,1.8044215649962152,1,1
5.0,29,0,8,0.0016042656182059484,1.2366696099754777,1,1
5.0,29,0,9,0.00019694101513311304,3.321482214518113,1,1
5.0,29,1,0,0.0005419528656519126,3.549656980110083,1,1
5.0,29,1,1,0.0016322680036322708,1.2231950678674388,1,1
5.0,29,1,2,0.0009715960269079869,1.5575067172395018,1,1
5.0,29,1,3,0.0005064546993890635,3.422527150427578,1,1
5.0,29,1,4,0.00034645259304430395,2.0263025259934406,1,1
5.0,29,1,5,0.0010087359449517806,1.734521650816492,1,1
5.0,29,1,6,0.00015252143647486572,3.558918854249961,1,1
5.0,29,1,7,0.00015252158234040916,3.579869342720611,1,1
5.0,29,1,8,0.0003464525928822716,2.278954224073443,1,1
5.0,29,1,9,0.0001525214351842116,3.581165422031791,1,1
5.0,29,2,0,0.00014062006791413508,3.9527089045925674,1,1
5.0,29,2,1,0.00031790587269598416,2.0282831946789948,1,1
5.0,29,2,2,0.000834308432816913,2.674531828521487,1,1
5.0,29,2,3,0.0003179058727633457,2.0161358244292398,1,1
5.0,29,2,4,0.001071752307531333,1.5139813184479318,1,1
5.0,29,2,5,0.00014062001149060875,3.9494274048145463,1,1
5.0,29,2,6,0.0008343084343006805,2.3513747966716942,1,1
5.0,29,2,7,0.0013431893678798107,1.3408940316777285,1,1
5.0,29,2,8,0.0008343084339974498,2.66216454983318,1,1
5.0,29,2,9,0.0013431893677822845,1.5416122725572954,1,1
5.0,30,0,0,0.7548568977410618,0.0007949327758159732,1,1
5.0,30,0,1,0.0006982400839802046,2.5498394179793857,1,1
5.0,30,0,2,0.0006914490271549517,3.3753762949967423,1,1
5.0,30,0,3,0.0006965942132680155,3.184278701790016,1,1
5.0,30,0,4,0.5450947610227372,2.5233069387101694,1,1
5.0,30,0,5,0.0006982392833371022,2.597958805400673,1,1
5.0,30,0,6,0.0006965838105162876,3.359017623444669,1,1
5.0,30,0,7,0.3223893352128725,1.2564361089095268,1,1
5.0,30,0,8,0.0005678691865836803,3.022042035554463,1,1
5.0,30,0,9,0.0005678775102200805,3.0027676767327423,1,1
5.0,30,1,0,0.0013034344465459764,1.5378328703835713,1,1
5.0,30,1,1,0.0014288027953469206,1.3475636194190592,1,1
5.0,30,1,2,0.0013034347729078831,1.7725197099146532,1,1
5.0,30,1,3,0.0006097187180820753,3.47173773286303,1,1
5.0,30,1,4,0.0014681414652245395,1.5924947743484545,1,1
5.0,30,1,5,0.0010319600620080792,1.7695576560040651,1,1
5.0,30,1,6,0.0006097183948023928,3.473605918928905,1,1
5.0,30,1,7,0.0010319597064678044,1.7762805699491018,1,1
5.0,30,1,8,0.0011947913623047474,1.330878403290588,1,1
5.0,30,1,9,0.0006136388701895958,3.3393429556510896,1,1
5.0,30,2,0,0.0004127308170989433,4.177571974448371,1,1
5.0,30,2,1,0.00042295125130563225,4.139638563524265,1,1
5.0,30,2,2,0.0008370355489231786,3.9270616785606687,1,1
5.0,30,2,3,0.0008370544916535927,4.280164494599701,1,1
5.0,30,2,4,0.0013933470404202926,1.698435636429817,1,1
5.0,30,2,5,0.01056585052823172,0.2919124590012889,1,1
5.0,30,2,6,0.0008370544431010053,3.9217746421119317,1,1
5.0,30,2,7,0.0004229686948989886,4.111985590523723,1,1
5.0,30,2,8,0.01056585124029125,0.3780422979509845,1,1
5.0,30,2,9,0.010565862301646562,0.5942811861744645,1,1
5.0,31,0,0,0.00028230684318645985,2.989326199543261,1,1
5.0,31,0,1,0.000189968788375035,3.0336587043690226,1,1
5.0,31,0,2,0.0014327883102566768,1.4122343378513227,1,1
5.0,31,0,3,0.0004225317137507275,3.2059974654041534,1,1
5.0,31,0,4,0.00018996877625043732,3.1538357129820573,1,1
5.0,31,0,5,0.0004858721884658827,3.1766302019648314,1,1
5.0,31,0,6,0.00028230684568136957,2.8196098636121842,1,1
5.0,31,0,7,0.0001758778485681374,3.765939721976746,1,1
5.0,31,0,8,0.00036583803872391253,1.8017432311595476,1,1
5.0,31,0,9,0.001039964117350615,1.6301946235081324,1,1
5.0,31,1,0,0.001096732034931746,1.86943422930761,1,1
5.0,31,1,1,0.0006890510923696812,2.3707116330452664,1,1
5.0,31,1,2,0.0010965994607858836,2.2736816544965066,1,1
5.0,31,1,3,0.0003137423836075728,2.0358895461524207,1,1
5.0,31,1,4,0.0003159538279278568,1.9627976151208117,1,1
5.0,31,1,5,0.0008026802606159872,2.261283041277986,1,1
5.0,31,1,6,0.0008026817134017001,2.2603768412898733,1,1
5.0,31,1,7,0.0008026817134059534,2.278854178200957,1,1
5.0,31,1,8,0.000689051085431482,2.3746958370130176,1,1
5.0,31,1,9,0.0010965994607858836,1.9179954379232602,1,1
5.0,31,2,0,0.00036437745045117493,4.140645996976419,1,1
5.0,31,2,1,0.0002720908141320026,3.3060209323038485,1,1
5.0,31,2,2,0.0010275973819812998,1.0502940929388633,1,1
5.0,31,2,3,0.0010275973825785742,1.2455809815242171,1,1
5.0,31,2,4,0.0010275973825189975,0.6654669459782566,1,1
5.0,31,2,5,0.0027781540722175784,0.9693159116428762,1,1
5.0,31,2,6,0.00035174658001784295,4.205508635804441,1,1
5.0,31,2,7,0.002778154072123504,0.9369566620164791,1,1
5.0,31,2,8,0.00027209071147571467,3.20125006543898,1,1
5.0,31,2,9,0.0014593063558685838,1.227584408677692,1,1
5.0,32,0,0,0.0007450800824118598,2.422979723400137,1,1
5.0,32,0,1,0.000745075979473798,2.428284381113243,1,1
5.0,32,0,2,0.0008501704772341846,2.0497838803558146,1,1
5.0,32,0,3,0.0007974550886960691,2.472681848201641,1,1
5.0,32,0,4,0.0008924365072771244,2.3608951595777317,1,1
5.0,32,0,5,0.00033031948872150855,1.7956672879520075,1,1
5.0,32,0,6,0.0007974548843918126,2.1384461129479293,1,1
5.0,32,0,7,0.0003971103407885996,1.848541650737897,1,1
5.0,32,0,8,0.000606598804877659,2.8768698937472847,1,1
5.0,32,0,9,0.0008408659292521237,2.5428798020037915,1,1
5.0,32,1,0,0.00032198163031100716,1.9166188269513673,1,1
5.0,32,1,1,0.0004926419135659581,3.581586193481259,1,1
5.0,32,1,2,0.0003219816430091749,1.920018732605248,1,1
5.0,32,1,3,0.0013030186816164017,1.583164679361544,1,1
5.0,32,1,4,0.0004926418536024511,3.602089707859002,1,1
5.0,32,1,5,0.0013030187206631624,1.3788511016886766,1,1
5.0,32,1,6,0.0007651405059165673,2.8803537951185043,1,1
5.0,32,1,7,0.001297530460551047,1.3381585058017342,1,1
5.0,32,1,8,0.0013030186801288694,1.4885475229324434,1,1
5.0,32,1,9,0.000492641854405275,3.281021662011533,1,1
5.0,32,2,0,0.001209340043680975,2.576357486642249,1,1
5.0,32,2,1,0.0008426423335273098,2.1828580255988825,1,1
5.0,32,2,2,0.0012093400575726874,2.953321546817293,1,1
5.0,32,2,3,0.23595963715995477,0.3229604980561526,1,1
5.0,32,2,4,0.41709131203533417,1.250593012380807,1,1
5.0,32,2,5,0.0007567028200638811,3.0569342246511524,1,1
5.0,32,2,6,0.0012093399579541314,2.561500092765729,1,1
5.0,32,2,7,0.41709131203558436,1.4538952044014803,1,1
5.0,32,2,8,0.0008426425568405989,2.2464898758359766,1,1
5.0,32,2,9,0.2359596350642638,0.6292760352715169,1,1
5.0,33,0,0,0.0003997982231817989,3.933679456420021,1,1
5.0,33,0,1,0.00039979828502938517,3.8532355890623844,1,1
5.0,33,0,2,0.00039979828686314645,3.797281550052119,1,1
5.0,33,0,3,0.0007714720962374178,3.3384517095055153,1,1
5.0,33,0,4,0.0008894909966549869,2.9160830114200462,1,1
5.0,33,0,5,0.0007714721221787627,3.193121583551524,1,1
5.0,33,0,6,0.0003998024617806343,3.7514807559537817,1,1
5.0,33,0,7,0.0007714776861339913,3.1148554570429057,1,1
5.0,33,0,8,0.24558768238511997,1.5013083516402574,1,1
5.0,33,0,9,0.24558768238532744,1.047482688585585,1,1
5.0,33,1,0,0.0010814115141058456,2.5666504209311523,1,1
5.0,33,1,1,0.0024458978891804383,0.7483840658359014,1,1
5.0,33,1,2,0.00012499543380710296,4.4628557702383524,1,1
5.0,33,1,3,0.0010814114393882244,1.7849362784299605,1,1
5.0,33,1,4,0.0001249954317065232,4.4422622422100835,1,1
5.0,33,1,5,0.0022941378694617104,0.8431348678236226,1,1
5.0,33,1,6,0.00012499543360849875,4.490922249455161,1,1
5.0,33,1,7,0.0024458979168275716,0.6956500197648702,1,1
5.0,33,1,8,0.0010814114399129604,3.3178797848551502,1,1
5.0,33,1,9,0.0005210253300963224,2.898665451626848,1,1
5.0,33,2,0,0.0002948276214447986,1.9539670673024299,1,1
5.0,33,2,1,0.00032436549728210033,1.9144409477351774,1,1
5.0,33,2,2,0.0008148775738380117,1.9781905150603,1,1
5.0,33,2,3,0.0002948276208836822,1.9900994648708419,1,1
5.0,33,2,4,0.00032436549683206693,1.9096607045914469,1,1
5.0,33,2,5,0.0003373411221042681,2.886559519003319,1,1
5.0,33,2,6,0.0006796316684865951,2.7241001753391787,1,1
5.0,33,2,7,0.0003243654909172703,1.9637843114926525,1,1
5.0,33,2,8,0.0009772319042389522,1.6225265154681558,1,1
5.0,33,2,9,0.0005860760325487128,2.884107097087845,1,1
5.0,34,0,0,0.0003244782593912305,1.9996080281108406,1,1
5.0,34,0,1,0.0009478919174990576,2.5922674058459805,1,1
5.0,34,0,2,0.0005661970888184893,2.7719023167811567,1,1
5.0,34,0,3,0.0009799679705976446,2.0973174535338046,1,1
5.0,34,0,4,0.00032671191537890856,1.8639576722568159,1,1
5.0,34,0,5,0.0004380372328938818,1.8986138517195752,1,1
5.0,34,0,6,0.0006412603592198127,2.825416759799842,1,1
5.0,34,0,7,0.0011076820158536105,1.7705881048103118,1,1
5.0,34,0,8,0.0006040323128978985,2.680342560046051,1,1
5.0,34,0,9,0.0007349226064494033,2.0329297749554507,1,1
5.0,34,1,0,0.0008081268446260257,2.3341927417235473,1,1
5.0,34,1,1,0.0012212599540060204,1.4241321087022027,1,1
5.0,34,1,2,0.0003109376738986987,1.9891858372039704,1,1
5.0,34,1,3,0.0003847213716485089,1.8358928967295212,1,1
5.0,34,1,4,0.0008080856777841674,2.2786997621818625,1,1
5.0,34,1,5,0.0007361201228959109,2.3138952871566385,1,1
5.0,34,1,6,0.0005742031347907533,2.5845029790793896,1,1
5.0,34,1,7,0.0003847213647750975,2.220879762624014,1,1
5.0,34,1,8,0.000569542323934177,2.3464986691412846,1,1
5.0,34,1,9,0.0005785499045672563,2.70300476445176,1,1
5.0,34,2,0,0.0008776920693558814,2.21259922860494,1,1
5.0,34,2,1,0.000264466554765095,2.8376348589479528,1,1
5.0,34,2,2,0.0008466536777465585,1.9119301272455635,1,1
5.0,34,2,3,0.0010780431711957974,1.725019153939276,1,1
5.0,34,2,4,0.000745223306539359,2.398688405863515,1,1
5.0,34,2,5,0.0007452417637335638,2.3452943514159186,1,1
5.0,34,2,6,0.0009017977590518068,1.9997272054069986,1,1
5.0,34,2,7,0.0006917115877406584,2.5802450726779624,1,1
5.0,34,2,8,0.0010780431720915176,2.031129877594894,1,1
5.0,34,2,9,0.0010780431721340961,1.6594232341431785,1,1
5.0,35,0,0,0.0005908441480070701,2.6941398626993487,1,1
5.0,35,0,1,0.00034031588760612065,2.3432098148364213,1,1
5.0,35,0,2,0.0006193152061479731,3.1109772874086126,1,1
5.0,35,0,3,0.0005908410790281043,2.9140500870935546,1,1
5.0,35,0,4,0.0005319231464875357,2.4832952530881,1,1
5.0,35,0,5,0.00123660465877641,1.824017820046649,1,1
5.0,35,0,6,0.0005908444358793438,2.9499256222695935,1,1
5.0,35,0,7,0.00034031588807555233,1.9288293045014955,1,1
5.0,35,0,8,0.0012366048252213995,1.5094336924531315,1,1
5.0,35,0,9,0.0009019163031263656,1.8925993821495797,1,1
5.0,35,1,0,0.0021400833864181745,1.426890286932431,1,1
5.0,35,1,1,0.0019712477107683346,2.814063266584833,1,1
5.0,35,1,2,0.002140066949406234,1.3859809770789961,1,1
5.0,35,1,3,0.0006772295722541486,2.6257590945650304,1,1
5.0,35,1,4,0.0011749182845127578,1.6343727290778518,1,1
5.0,35,1,5,0.0004333740054563639,3.4620270187150104,1,1
5.0,35,1,6,0.00043332728242617815,3.861560405450652,1,1
5.0,35,1,7,0.00044245468769318533,3.591610353748395,1,1
5.0,35,1,8,0.002140067235971532,1.4393841072690203,1,1
5.0,35,1,9,0.0032593596790245656,0.588559793583057,1,1
5.0,35,2,0,0.0005728768847568003,3.0150147915368226,1,1
5.0,35,2,1,0.0012696070778981346,1.5250750801425639,1,1
5.0,35,2,2,0.0005728769695743922,2.962441116804931,1,1
5.0,35,2,3,0.00057287794162237,2.974109208782429,1,1
5.0,35,2,4,0.0012215019397273394,2.048106034092756,1,1
5.0,35,2,5,0.0006839261938429363,2.7021257886041856,1,1
5.0,35,2,6,0.0012696070699506332,1.5367180776777933,1,1
5.0,35,2,7,0.0005028098105294879,1.6541908028141015,1,1
5.0,35,2,8,0.0012696070754950471,1.7156262567935356,1,1
5.0,35,2,9,0.0002254923778354341,3.2603815250838886,1,1
5.0,36,0,0,0.00020048928479558586,3.147187696281432,1,1
5.0,36,0,1,0.0005905888746673722,2.632121100876712,1,1
5.0,36,0,2,0.0008766139577789277,2.4478221276556904,1,1
5.0,36,0,3,0.0008463168825630077,1.938511229378452,1,1
5.0,36,0,4,0.0008765864909835195,2.4585798293062204,1,1
5.0,36,0,5,0.0001775309039969497,3.0826594691640863,1,1
5.0,36,0,6,0.0006403425181365289,2.3331834927516346,1,1
5.0,36,0,7,0.0005241970743661548,2.1526116660958534,1,1
5.0,36,0,8,0.0013311894556099781,1.354419139783717,1,1
5.0,36,0,9,0.0001556619407396666,3.491816705590505,1,1
5.0,36,1,0,0.0005191704255936526,3.1403704705650024,1,1
5.0,36,1,1,0.000954708322887661,1.7076226427087629,1,1
5.0,36,1,2,0.00030879042419423646,2.290240014870181,1,1
5.0,36,1,3,0.0006496652153855449,2.2526877734017363,1,1
5.0,36,1,4,0.00040527461428059857,1.7867535973105901,1,1
5.0,36,1,5,0.0004052744357499963,1.6220225861374684,1,1
5.0,36,1,6,0.0008285602663552859,2.186864746295523,1,1
5.0,36,1,7,0.0008399673417058372,1.9618358203451913,1,1
5.0,36,1,8,0.00040527447629545946,1.6947129189483126,1,1
5.0,36,1,9,0.00030879050021510857,2.145779866181493,1,1
5.0,36,2,0,0.00023415411403163698,2.5386999394642116,1,1
5.0,36,2,1,0.0007642430477801521,2.4385954648189725,1,1
5.0,36,2,2,0.0006581838207467631,2.6409297908117857,1,1
5.0,36,2,3,0.0005442896183360889,2.5494846977577184,1,1
5.0,36,2,4,0.0005442896228987625,2.546623867364735,1,1
5.0,36,2,5,0.001267235038429433,1.5716295736268666,1,1
5.0,36,2,6,0.0007642465308610489,2.325340646234407,1,1
5.0,36,2,7,0.0006965761111139368,2.3398174957145392,1,1
5.0,36,2,8,0.00023415411230525026,2.590269164708308,1,1
5.0,36,2,9,0.00023415357702094586,2.553017669332262,1,1
5.0,37,0,0,0.0011449451255261215,2.432580067361607,1,1
5.0,37,0,1,0.0003897137393954974,3.268637673418136,1,1
5.0,37,0,2,0.0008093756755864826,3.2759424641125836,1,1
5.0,37,0,3,0.0008093777733548363,3.010604986094945,1,1
5.0,37,0,4,0.000654438710305081,3.093580354904659,1,1
5.0,37,0,5,0.0008093757155946706,3.1401124554505513,1,1
5.0,37,0,6,0.0009006392549321487,2.2144143714729827,1,1
5.0,37,0,7,0.0015055450975309495,1.067129900429407,1,1
5.0,37,0,8,0.0008093756710585506,3.278185444569058,1,1
5.0,37,0,9,0.0008937454355718777,1.851046348299617,1,1
5.0,37,1,0,0.001524068227844734,1.1176622441178987,1,1
5.0,37,1,1,0.0006757955416773297,3.769871826409895,1,1
5.0,37,1,2,0.00021057180918964086,3.7409633021177155,1,1
5.0,37,1,3,0.0006757910539417912,2.5576626145587436,1,1
5.0,37,1,4,0.0008180053238347505,0.8267349889781089,1,1
5.0,37,1,5,0.0002105717959178034,3.523457768228941,1,1
5.0,37,1,6,0.0007624473164463505,0.8222847593254078,1,1
5.0,37,1,7,0.0006757910442266131,2.8735576452508558,1,1
5.0,37,1,8,0.0008180053352239299,1.3334190319790729,1,1
5.0,37,1,9,0.000581736301915661,3.565227610085685,1,1
5.0,37,2,0,0.0009542734537028567,1.024142047320333,1,1
5.0,37,2,1,0.0005033730230117066,3.44058018163021,1,1
5.0,37,2,2,0.0009431033295011704,1.4555912800687374,1,1
5.0,37,2,3,0.0026123669938424372,0.7098092634379969,1,1
5.0,37,2,4,0.000503371141927462,3.00436897439029,1,1
5.0,37,2,5,0.0011551139167423514,1.3569598889921128,1,1
5.0,37,2,6,0.0005033729573171552,3.0177554603314323,1,1
5.0,37,2,7,0.0005033728317568677,2.9203623979551763,1,1
5.0,37,2,8,0.0009431033306645894,1.0054710515949206,1,1
5.0,37,2,9,0.0009431026690323225,1.4766800230424149,1,1
5.0,38,0,0,0.007595376972305802,0.3047166385405416,1,1
5.0,38,0,1,0.00032764105352966696,4.757906936316933,1,1
5.0,38,0,2,9.494389426134513e-05,5.333391301293954,1,1
5.0,38,0,3,0.007595376980969054,0.5962532157739143,1,1
5.0,38,0,4,0.0005004270370728188,4.516393521185176,1,1
5.0,38,0,5,0.0005004270399410872,3.855331296222008,1,1
5.0,38,0,6,9.49439423901102e-05,5.3447145277320525,1,1
5.0,38,0,7,0.0003658021963540242,4.437189314921146,1,1
5.0,38,0,8,0.0003658114215312707,4.305798953996035,1,1
5.0,38,0,9,0.007595369672082533,1.0164797180071083,1,1
5.0,38,1,0,0.0009930925455942407,1.8389700592253082,1,1
5.0,38,1,1,0.0006441604880654032,3.183199835005237,1,1
5.0,38,1,2,0.0009757035822215325,1.8062231676346745,1,1
5.0,38,1,3,0.000199098091646777,2.7765275196670314,1,1
5.0,38,1,4,0.0009756823497199321,1.814753592043828,1,1
5.0,38,1,5,0.000993092534352031,1.7711085616825057,1,1
5.0,38,1,6,0.00019909809500532404,2.8072622772022218,1,1
5.0,38,1,7,0.0006085910706507527,2.751138655094139,1,1
5.0,38,1,8,0.0009756824314065231,2.017163287602295,1,1
5.0,38,1,9,0.0006441831583375485,3.0377995585951476,1,1
5.0,38,2,0,0.0007886553122111034,3.075159495081613,1,1
5.0,38,2,1,0.00030182979796119776,1.918491985020293,1,1
5.0,38,2,2,0.0010465846468084977,2.108988555570396,1,1
5.0,38,2,3,0.0005521185283255102,3.1121105677105185,1,1
5.0,38,2,4,0.0012708039420127896,2.558130305199503,1,1
5.0,38,2,5,0.0007886526583497662,3.203798693485296,1,1
5.0,38,2,6,0.0012707975424642557,2.4288729978910184,1,1
5.0,38,2,7,0.000552118389443149,3.104375300457624,1,1
5.0,38,2,8,0.000846022519075479,2.0369977205275576,1,1
5.0,38,2,9,0.0008460217102367361,1.9581195694429387,1,1
5.0,39,0,0,0.0008957020337904244,2.2310332528806587,1,1
5.0,39,0,1,0.0008957019089013899,2.4412605760014774,1,1
5.0,39,0,2,0.00042590659040592005,3.375587044983528,1,1
5.0,39,0,3,0.000798673176783594,0.8258376994312872,1,1
5.0,39,0,4,0.0009750533182233486,3.3249151247327795,1,1
5.0,39,0,5,0.0008957018768907197,2.74855806903235,1,1
5.0,39,0,6,0.0009750540216929186,2.9038048224676603,1,1
5.0,39,0,7,0.0009750533239088135,3.2897133063891046,1,1
5.0,39,0,8,0.00017016151394719556,3.6915542785684567,1,1
5.0,39,0,9,0.0008957019557344317,2.860301631164208,1,1
5.0,39,1,0,0.00018039368470951477,3.3681299038046224,1,1
5.0,39,1,1,0.0004388961354293646,3.466916181956079,1,1
5.0,39,1,2,0.000619488141411282,3.01456741665507,1,1
5.0,39,1,3,0.0014127232995177002,1.5474311255581963,1,1
5.0,39,1,4,0.0004388984239974266,3.244271240720748,1,1
5.0,39,1,5,0.0014127163064365266,1.6912734530211038,1,1
5.0,39,1,6,0.0014541342700968268,1.3787165052002532,1,1
5.0,39,1,7,0.0014541342627020603,1.6609917454900525,1,1
5.0,39,1,8,0.001642685278128015,1.5041106203065715,1,1
5.0,39,1,9,0.0007521632053032296,2.3111451971703247,1,1
5.0,39,2,0,0.0011531707870797215,2.053371120021982,1,1
5.0,39,2,1,0.0011531703584021717,2.038966810569507,1,1
5.0,39,2,2,0.0022176997930418636,1.060598520328022,1,1
5.0,39,2,3,0.0007577996060046144,4.747357963897017,1,1
5.0,39,2,4,0.00166522989685579,1.505347162914402,1,1
5.0,39,2,5,0.0016254745855427783,1.5097467930682629,1,1
5.0,39,2,6,0.0016254744334110098,1.5187222835513485,1,1
5.0,39,2,7,0.0004940165571094283,3.509562922130225,1,1
5.0,39,2,8,0.0011531703268616064,2.034268747482959,1,1
5.0,39,2,9,0.0016652204226755552,1.1773387493043537,1,1
5.0,40,0,0,0.00037612894372466806,6.5127437237219326,1,1
5.0,40,0,1,0.6258208232641321,0.24113214023326712,1,1
5.0,40,0,2,0.009284471690665682,1.5023418164368343,1,1
5.0,40,0,3,0.6679021517412798,2.934231283973256e-06,1,1
5.0,40,0,4,0.0003691067752941923,6.697058587956625,1,1
5.0,40,0,5,0.6258208232644333,0.16349605610589135,1,1
5.0,40,0,6,0.00021145697290176385,6.2523137748702124,1,1
5.0,40,0,7,0.36539463905209074,0.15297537593767288,1,1
5.0,40,0,8,0.000458764516910165,4.151596765715751,1,1
5.0,40,0,9,0.6258208232645199,0.07747508257995418,1,1
5.0,40,1,0,0.0011012880643853531,1.6091120305449493,1,1
5.0,40,1,1,0.0006589830159053182,2.606380367424375,1,1
5.0,40,1,2,0.0003346586003951918,1.9133730323176514,1,1
5.0,40,1,3,0.0010842150285482082,1.7507470764246753,1,1
5.0,40,1,4,0.0010039153373295362,1.7183475894154292,1,1
5.0,40,1,5,0.0007042454218576554,2.6561197898610343,1,1
5.0,40,1,6,0.0006034101399480493,2.657500028991084,1,1
5.0,40,1,7,0.00033465864368067836,1.9261276551655941,1,1
5.0,40,1,8,0.0006589822431723374,2.3977124979957094,1,1
5.0,40,1,9,0.0010039153362311013,1.8192032663014528,1,1
5.0,40,2,0,0.00029401851947773893,2.4694673068885558,1,1
5.0,40,2,1,0.00021273735606357647,2.9127347690551124,1,1
5.0,40,2,2,0.0006469034114634034,2.844676571293999,1,1
5.0,40,2,3,0.00029401852017849414,2.142233312829588,1,1
5.0,40,2,4,0.0006469022342088681,2.852498181926206,1,1
5.0,40,2,5,0.001017324735527525,1.8176741942082175,1,1
5.0,40,2,6,0.0012079776412124833,1.5960176418668846,1,1
5.0,40,2,7,0.00029401852044611817,2.6305580591190783,1,1
5.0,40,2,8,0.0006025376847848777,2.643139527524626,1,1
5.0,40,2,9,0.00034887791007286314,1.79815656402818,1,1
5.0,41,0,0,0.00034844211621667216,4.513369078259516,1,1
5.0,41,0,1,0.0001945168675202249,3.157475985049576,1,1
5.0,41,0,2,0.00300706456542204,0.6137064720702382,1,1
5.0,41,0,3,0.0025461411008433597,1.8587749265773508,1,1
5.0,41,0,4,0.0006414973636839301,5.0360594039032796,1,1
5.0,41,0,5,0.0012507969607509393,3.019505518517409,1,1
5.0,41,0,6,0.0012507969584014665,2.993085630946331,1,1
5.0,41,0,7,0.0017638802448745848,1.0480826414754392,1,1
5.0,41,0,8,0.00019302669109781093,5.1356649210094645,1,1
5.0,41,0,9,0.0025461411009277423,1.2517648582239136,1,1
5.0,41,1,0,0.0011326713899703139,1.5737217084600943,1,1
5.0,41,1,1,0.0009783451332462318,2.367000526444519,1,1
5.0,41,1,2,0.0015681627349611825,1.2288875105520867,1,1
5.0,41,1,3,0.0006549670691585477,2.6191455304072937,1,1
5.0,41,1,4,0.0016303670897369798,1.1097053141939723,1,1
5.0,41,1,5,0.0015681627275337254,1.1353723607380144,1,1
5.0,41,1,6,0.0009783450308335077,2.1085061711950357,1,1
5.0,41,1,7,0.00031300198432011406,1.8697413838605417,1,1
5.0,41,1,8,0.0006549671787306159,3.064341676454875,1,1
5.0,41,1,9,0.0010540373846348028,1.5477851330510408,1,1
5.0,41,2,0,0.0005109793441196317,3.752065741216742,1,1
5.0,41,2,1,0.0005109793517569473,3.6293689642813,1,1
5.0,41,2,2,0.00046543452019786723,3.2840139366723817,1,1
5.0,41,2,3,0.0018355666205122267,1.882539745723832,1,1
5.0,41,2,4,0.0013404162342319195,1.9157267926129449,1,1
5.0,41,2,5,0.0002960305244818931,3.6867163040393045,1,1
5.0,41,2,6,0.0008169785515636069,3.726717972771166,1,1
5.0,41,2,7,0.0005975925811042048,3.2155247908573834,1,1
5.0,41,2,8,0.0008169781705023764,3.7312113769829063,1,1
5.0,41,2,9,0.0005109792978207549,3.770432755849065,1,1
5.0,42,0,0,0.0006146769530079445,1.5839969187983791,1,1
5.0,42,0,1,0.0011686376010591661,1.9269463423432134,1,1
5.0,42,0,2,0.0004180226323011494,3.6956513962846866,1,1
5.0,42,0,3,0.0050613007923257375,0.8185754576986624,1,1
5.0,42,0,4,0.00061467695201739,1.9227858061967382,1,1
5.0,42,0,5,0.0004813480870180555,3.6812470870079452,1,1
5.0,42,0,6,0.0013441979062700274,1.9118842061888657,1,1
5.0,42,0,7,0.0004813466961774695,3.0197849369037932,1,1
5.0,42,0,8,0.00017117209910826053,3.2000275851809312,1,1
5.0,42,0,9,0.0004156595049142409,2.941249596279991,1,1
5.0,42,1,0,0.0012391575786575256,1.658245042934096,1,1
5.0,42,1,1,0.0004315897056992944,3.293814159028895,1,1
5.0,42,1,2,0.001646571075498216,1.440596132391478,1,1
5.0,42,1,3,0.000767398608778343,2.9058630863000667,1,1
5.0,42,1,4,0.00017869730840936905,3.069054085937042,1,1
5.0,42,1,5,0.0007318881341787945,3.464353095110919,1,1
5.0,42,1,6,0.0016465708385545869,1.3455863276153648,1,1
5.0,42,1,7,0.0007318800635591333,2.588587659073455,1,1
5.0,42,1,8,0.0007318795336274593,3.2095821897280095,1,1
5.0,42,1,9,0.0007673932101943072,2.8713681274973895,1,1
5.0,42,2,0,0.0005526431804377176,2.380758522235921,1,1
5.0,42,2,1,0.0018547340216063459,1.9821213505403297,1,1
5.0,42,2,2,0.00018038512253321665,3.537173611572138,1,1
5.0,42,2,3,0.0018547340218669993,2.0351134697936755,1,1
5.0,42,2,4,0.00404916097672499,0.5180458615161412,1,1
5.0,42,2,5,0.001532665094285215,1.0702984256030195,1,1
5.0,42,2,6,0.00018038450422705078,4.6336069332004985,1,1
5.0,42,2,7,0.0004914088080885525,3.4454621395367964,1,1
5.0,42,2,8,0.0013267957445593152,2.3265470097483516,1,1
5.0,42,2,9,0.0004914090568573386,3.3571601899286874,1,1
5.0,43,0,0,0.00020682555149566326,3.7492787994740824,1,1
5.0,43,0,1,0.000629001201853709,2.56090627211389,1,1
5.0,43,0,2,0.0006776120848794337,2.6310094312108423,1,1
5.0,43,0,3,0.0006776114923468062,3.479753466189766,1,1
5.0,43,0,4,0.0006207386901927821,2.9791298252571656,1,1
5.0,43,0,5,0.00020682557407174874,3.656017531842143,1,1
5.0,43,0,6,0.00020682556414270648,3.806759538994002,1,1
5.0,43,0,7,0.0009642311270856153,1.7919549813610423,1,1
5.0,43,0,8,0.001224705023920341,1.7236980380795273,1,1
5.0,43,0,9,0.00033937879045871496,2.0851988189762394,1,1
5.0,43,1,0,0.3779634569167929,0.8176613202281947,1,1
5.0,43,1,1,1.0453274077892092,6.033815518065922e-06,1,1
5.0,43,1,2,0.0004957516719783053,3.655113663041227,1,1
5.0,43,1,3,0.0020289056559590806,2.0998369021866856,1,1
5.0,43,1,4,0.0005115404798798773,3.068874498228357,1,1
5.0,43,1,5,0.20315149790751333,1.146851691741185,1,1
5.0,43,1,6,0.0005115404804429541,3.2953367228895436,1,1
5.0,43,1,7,0.0020289058470866427,2.170260450303629,1,1
5.0,43,1,8,0.0003568341620458686,2.840525299613099,1,1
5.0,43,1,9,0.20315149788529152,1.3558251889664323,1,1
5.0,43,2,0,0.9709057444882121,1.9882618793962525,1,1
5.0,43,2,1,0.9709057444881306,4.989701305705333,1,1
5.0,43,2,2,0.9709057444881655,2.5991785403840835,1,1
5.0,43,2,3,9.97335987894493e-05,5.50433905590177,1,1
5.0,43,2,4,9.97335954159052e-05,5.544191949589566,1,1
5.0,43,2,5,8.529713076974869e-05,5.278980303132865,1,1
5.0,43,2,6,0.920720440472648,5.261919531141043,1,1
5.0,43,2,7,8.529713075906209e-05,5.2740639703490295,1,1
5.0,43,2,8,9.973359809669645e-05,5.563921190613823,1,1
5.0,43,2,9,0.09478834330660049,0.08749955229256541,1,1
5.0,44,0,0,0.00040174885088948144,3.616492025227949,1,1
5.0,44,0,1,0.00030331780105424724,1.8114151102139244,1,1
5.0,44,0,2,0.0009467374209714765,1.6568796168845243,1,1
5.0,44,0,3,0.0003674523397337135,1.888513164345005,1,1
5.0,44,0,4,0.0009467374209494706,1.656920487632216,1,1
5.0,44,0,5,0.0005021956956479266,3.11249916854755,1,1
5.0,44,0,6,0.0004017090055881568,3.6179569642863125,1,1
5.0,44,0,7,0.0005686252568954926,2.9281771794854228,1,1
5.0,44,0,8,0.00047007244820942886,2.2666039007477,1,1
5.0,44,0,9,0.0003147834619390024,2.3724242102076754,1,1
5.0,44,1,0,0.0015542122546081173,1.8275247837629989,1,1
5.0,44,1,1,0.0003504344366809611,4.309540667708824,1,1
5.0,44,1,2,0.00048062696691736817,3.3391072980242154,1,1
5.0,44,1,3,0.0008295445759327744,2.481674032789473,1,1
5.0,44,1,4,0.0016301625575685682,0.984454678840805,1,1
5.0,44,1,5,0.0016301625655587605,1.0068348428722476,1,1
5.0,44,1,6,0.0008295446171994754,3.272925179578487,1,1
5.0,44,1,7,0.0015542122546081173,1.085151635343717,1,1
5.0,44,1,8,0.0018854540116198639,1.1034698195833716,1,1
5.0,44,1,9,0.0016301625489649123,1.0227881013509224,1,1
5.0,44,2,0,0.0003083398683815028,2.6632025722519934,1,1
5.0,44,2,1,0.000977932661381361,2.7341224521586667,1,1
5.0,44,2,2,0.00042458348441675017,3.7786261627147724,1,1
5.0,44,2,3,0.000353397094392427,3.969177353079928,1,1
5.0,44,2,4,0.00030833986840466136,2.5517759794060777,1,1
5.0,44,2,5,0.0004245842383141775,4.038662322767901,1,1
5.0,44,2,6,0.00030833987296473346,2.278006459333032,1,1
5.0,44,2,7,0.0003926810477007015,3.8274630692091307,1,1
5.0,44,2,8,0.0003083398756254579,2.2447475195163205,1,1
5.0,44,2,9,0.0007735944720859255,0.9244769863807244,1,1
5.0,45,0,0,0.00018900084257909462,3.525285979417597,1,1
5.0,45,0,1,0.00014226788393472008,3.977336418461376,1,1
5.0,45,0,2,0.0012503150180961558,1.4141196082255962,1,1
5.0,45,0,3,0.0014643038153452324,1.3295909906134102,1,1
5.0,45,0,4,0.0015189150110525645,1.549117272314111,1,1
5.0,45,0,5,0.00025760285558060084,3.4874912823177664,1,1
5.0,45,0,6,0.00025760296489047525,3.4702265786769284,1,1
5.0,45,0,7,0.0012503149997927833,1.268979690188365,1,1
5.0,45,0,8,0.0001422681503790604,3.919367758472989,1,1
5.0,45,0,9,0.0007096251426924924,3.4141838381917524,1,1
5.0,45,1,0,0.0006343608531679671,2.099118773952476,1,1
5.0,45,1,1,0.0012551207737804932,1.596183149711277,1,1
5.0,45,1,2,0.0007024419868236595,2.954016305822797,1,1
5.0,45,1,3,0.001255121686545154,1.401780449625163,1,1
5.0,45,1,4,0.0006343570322586044,2.8710130700675216,1,1
5.0,45,1,5,0.000650757144664729,2.720245586696163,1,1
5.0,45,1,6,0.0012551208749535293,1.5403738953247486,1,1
5.0,45,1,7,0.0014220363967658602,1.4621742696250237,1,1
5.0,45,1,8,0.0007024408127035256,2.9318122925797536,1,1
5.0,45,1,9,0.000650757156332423,2.5757168463783287,1,1
5.0,45,2,0,0.00035069327448377074,2.1217216824954708,1,1
5.0,45,2,1,0.000626463767241005,3.0124092046862483,1,1
5.0,45,2,2,0.0007571715758812997,2.296752005325158,1,1
5.0,45,2,3,0.0006854050318150594,2.848781060937184,1,1
5.0,45,2,4,0.0007571715087846718,1.9937654454243663,1,1
5.0,45,2,5,0.0009975198936627838,1.7943676500798675,1,1
5.0,45,2,6,0.0006854050315792629,3.0198679197530462,1,1
5.0,45,2,7,0.0007330402598784481,3.156978564179829,1,1
5.0,45,2,8,0.0006264636625992776,2.9864281567185937,1,1
5.0,45,2,9,0.000997519957711884,1.9119060592178347,1,1
5.0,46,0,0,0.0014074040090484672,2.379559179799894,1,1
5.0,46,0,1,0.0014073991513812382,3.203272602332404,1,1
5.0,46,0,2,0.0014074026128798613,4.062181486500784,1,1
5.0,46,0,3,0.00031181907769766315,3.1930228998463477,1,1
5.0,46,0,4,0.0003118201013954238,3.952139012605268,1,1
5.0,46,0,5,0.0014074094841027226,3.62399822109069,1,1
5.0,46,0,6,0.0006769084974044437,2.642462605764648,1,1
5.0,46,0,7,0.0021062418293391967,0.8915471360590187,1,1
5.0,46,0,8,0.00039168733849060446,3.9717421505212736,1,1
5.0,46,0,9,0.0003916873140952259,4.445312323187835,1,1
5.0,46,1,0,0.0010114706410078542,2.2227074527221795,1,1
5.0,46,1,1,0.0010792827547080675,4.280770364170584,1,1
5.0,46,1,2,0.0003863698922318949,3.9199275344034383,1,1
5.0,46,1,3,0.0007041470746866856,3.231105391495368,1,1
5.0,46,1,4,0.001079282767699126,4.350241243590689,1,1
5.0,46,1,5,0.0010792829115065792,3.517580773339585,1,1
5.0,46,1,6,0.0010114706404955774,1.5971971994167802,1,1
5.0,46,1,7,0.0029864233387474452,0.9174870542439633,1,1
5.0,46,1,8,0.002986423251986721,0.7698303578556986,1,1
5.0,46,1,9,0.0009445038482239964,1.432576412950055,1,1
5.0,46,2,0,0.0013241212918183073,1.5879304311003268,1,1
5.0,46,2,1,0.0004378037408695377,4.378049412959945,1,1
5.0,46,2,2,0.0001919027621835421,3.0672688764002793,1,1
5.0,46,2,3,0.00029322360743786363,2.53583109675567,1,1
5.0,46,2,4,0.00043779926698207165,4.291178908070036,1,1
5.0,46,2,5,0.0005620048491673157,4.311788532352353,1,1
5.0,46,2,6,0.0012851839357265527,1.9205529010373912,1,1
5.0,46,2,7,0.0005620043105131885,2.800597241577357,1,1
5.0,46,2,8,0.000562004330324262,4.220997129775044,1,1
5.0,46,2,9,0.00026216368790997935,4.522906134318159,1,1
5.0,47,0,0,0.0003919611550575321,2.699202217180839,1,1
5.0,47,0,1,0.0006152106357865547,3.3406838866103126,1,1
5.0,47,0,2,0.00039196117127702714,3.1664812004157215,1,1
5.0,47,0,3,0.0006152105346271053,3.3304336278862445,1,1
5.0,47,0,4,0.0010447911576996344,2.537817185536665,1,1
5.0,47,0,5,0.001339580680972113,1.518042408217219,1,1
5.0,47,0,6,0.0006152104200837395,2.4720583021078038,1,1
5.0,47,0,7,0.0003549701435888116,4.213418658400019,1,1
5.0,47,0,8,0.0006152104306631859,2.7265720178406596,1,1
5.0,47,0,9,0.00045345955312426375,3.3999356277873747,1,1
5.0,47,1,0,0.0001897126524602043,3.230699066799289,1,1
5.0,47,1,1,0.0008354675664545693,2.2203340099765807,1,1
5.0,47,1,2,0.00042987008600887505,3.525112747750256,1,1
5.0,47,1,3,0.0006689487590034913,2.7786606563360476,1,1
5.0,47,1,4,0.0009914701248197081,1.8881933338825037,1,1
5.0,47,1,5,0.000668948945337357,2.999791187403789,1,1
5.0,47,1,6,0.00043050140824320564,3.5099119582891904,1,1
5.0,47,1,7,0.0005694468425597001,2.8163568889963355,1,1
5.0,47,1,8,0.0011454658717241412,1.5833887808911686,1,1
5.0,47,1,9,0.0009914701930153953,1.8247083086612252,1,1
5.0,47,2,0,0.0012018574125326322,1.5865721413880793,1,1
5.0,47,2,1,0.0012018573680258509,1.47187461040944,1,1
5.0,47,2,2,0.0012018573696200182,1.6428714741287778,1,1
5.0,47,2,3,0.00045523793838436787,4.289191982704041,1,1
5.0,47,2,4,0.0012018573441869246,1.477329762780805,1,1
5.0,47,2,5,0.0005545726856468329,3.3639172555453496,1,1
5.0,47,2,6,0.0005544999374662549,3.6839963716831847,1,1
5.0,47,2,7,0.0010539243694150185,1.4946417675892574,1,1
5.0,47,2,8,0.0004667353393341659,4.007224593296415,1,1
5.0,47,2,9,0.0005545787913613481,3.4442523045733626,1,1
5.0,48,0,0,0.004484613545513288,0.655448972596032,1,1
5.0,48,0,1,0.0004323360054525477,3.561880220838308,1,1
5.0,48,0,2,0.0006437344077789456,2.388954835665502,1,1
5.0,48,0,3,0.00043233600572800657,3.8610725275252467,1,1
5.0,48,0,4,0.0015752416956327099,1.2089651733689144,1,1
5.0,48,0,5,0.0015752086902848976,2.9298804237135947,1,1
5.0,48,0,6,0.0004323360861436643,3.8460967398647563,1,1
5.0,48,0,7,0.000432336005571586,3.599995152215546,1,1
5.0,48,0,8,0.0015752420109864398,1.6593055393079041,1,1
5.0,48,0,9,0.0003476417695766421,3.777927829007189,1,1
5.0,48,1,0,0.0006586109601663859,2.4076888645230623,1,1
5.0,48,1,1,0.00020682703438475094,2.899379548167798,1,1
5.0,48,1,2,0.0011223349285926353,1.9071516552797454,1,1
5.0,48,1,3,0.0011223349285428895,1.8358348184557367,1,1
5.0,48,1,4,0.0005816037944028885,3.257184304730148,1,1
5.0,48,1,5,0.001122334928814317,1.9117798225858331,1,1
5.0,48,1,6,0.0011223349285428895,1.578394234759923,1,1
5.0,48,1,7,0.0005816037917250418,3.43287906204788,1,1
5.0,48,1,8,0.0009587590301884762,2.0681746198088535,1,1
5.0,48,1,9,0.0008906805468461364,1.715788616744413,1,1
5.0,48,2,0,0.0005492791090759486,2.9637236299056133,1,1
5.0,48,2,1,0.000549272994815607,2.82439325037052,1,1
5.0,48,2,2,0.0005987206716029313,2.8908176577020295,1,1
5.0,48,2,3,0.0004988955461659502,3.082950335959265,1,1
5.0,48,2,4,0.0004988949567033802,3.0914380599411153,1,1
5.0,48,2,5,0.00047044236908087205,3.451258526864813,1,1
5.0,48,2,6,0.0004988957638530568,2.643622404148992,1,1
5.0,48,2,7,0.0005492794427786822,3.340375064738562,1,1
5.0,48,2,8,0.0005952505495713105,2.8078607960412,1,1
5.0,48,2,9,0.0007357549672827592,2.4117426681434004,1,1
5.0,49,0,0,0.0008915276031693185,2.058369542416125,1,1
5.0,49,0,1,0.000786936084451699,2.070823470412742,1,1
5.0,49,0,2,0.0002505774291499143,2.852238116332879,1,1
5.0,49,0,3,0.0007869338279343185,2.185219717151356,1,1
5.0,49,0,4,0.0006754777911789002,2.4774571792925766,1,1
5.0,49,0,5,0.0009022726959553865,2.1124019334631696,1,1
5.0,49,0,6,0.0006754763837955615,2.5635556505027965,1,1
5.0,49,0,7,0.00024539479205605303,2.321120845136594,1,1
5.0,49,0,8,0.0009022726956501613,2.157470204883491,1,1
5.0,49,0,9,0.000245394837305716,2.3212212043118754,1,1
5.0,49,1,0,0.001321719642190508,1.5406752917465711,1,1
5.0,49,1,1,0.0015114715076981677,1.754049355154641,1,1
5.0,49,1,2,0.0006895433854712537,2.7227002141247736,1,1
5.0,49,1,3,0.00033455429945970056,2.371137668214621,1,1
5.0,49,1,4,0.0006926439063135723,2.5960043565756026,1,1
5.0,49,1,5,0.00055837689932233,2.4318468320510465,1,1
5.0,49,1,6,0.0005449580926812193,2.966142429428517,1,1
5.0,49,1,7,0.0002499856918921403,1.857215142530373,1,1
5.0,49,1,8,0.0006926439127926084,2.5992104729964054,1,1
5.0,49,1,9,0.0005449580891367793,2.99984517607288,1,1
5.0,49,2,0,0.0017900496429413462,2.387122189638613,1,1
5.0,49,2,1,0.0017900495512712322,2.5511125066950124,1,1
5.0,49,2,2,0.0038715222865034985,0.7158310832448274,1,1
5.0,49,2,3,0.0004527539094701656,2.6068146941866748,1,1
5.0,49,2,4,0.0004831586552659172,3.6712120416824443,1,1
5.0,49,2,5,0.0017900495633657075,2.636275149933689,1,1
5.0,49,2,6,0.00017529107247052727,3.6819728681848427,1,1
5.0,49,2,7,0.0017900495629294619,2.5377342562384304,1,1
5.0,49,2,8,0.0006608767851566888,2.6529704428786958,1,1
5.0,49,2,9,0.0012086073903114644,1.7701205438007035,1,1
10.0,0,0,0,0.0006583838128770379,2.8252549394308804,1,1
10.0,0,0,1,0.0018181770967257537,1.1691194786273524,1,1
10.0,0,0,2,0.00065838383050991,2.837024718940022,1,1
10.0,0,0,3,0.0008281844713056619,2.5346967474187623,1,1
10.0,0,0,4,0.0006032196652394243,2.7362331148934214,1,1
10.0,0,0,5,0.0014386594180533824,2.3483340730568485,1,1
10.0,0,0,6,0.0013323202852978905,2.194939436467114,1,1
10.0,0,0,7,0.0049819823139062615,1.1603797814655812,1,1
10.0,0,0,8,0.0005941353933264803,2.918005674901109,1,1
10.0,0,0,9,0.004981982318539114,1.3404299859955047,1,1
10.0,0,1,0,0.0008269194085841459,2.2765319996394355,1,1
10.0,0,1,1,0.0002884248709230907,1.714632576699007,1,1
10.0,0,1,2,0.0007220672059121342,3.0954884425539055,1,1
10.0,0,1,3,0.00045356944376267886,2.8079014293294664,1,1
10.0,0,1,4,0.0007220811205464804,3.3183680470123047,1,1
10.0,0,1,5,0.0008269194676293921,2.2556490024427664,1,1
10.0,0,1,6,0.0020146280828803645,0.9036467753740642,1,1
10.0,0,1,7,0.0015372156926324418,1.9414175807658256,1,1
10.0,0,1,8,0.0020146280057782772,1.4013162237882606,1,1
10.0,0,1,9,0.0006241939785238953,2.751796912517568,1,1
10.0,0,2,0,0.011745775364756962,0.6807671719410049,1,1
10.0,0,2,1,0.0006903375736045742,3.074572569475527,1,1
10.0,0,2,2,0.00045993839965106437,3.835249542545465,1,1
10.0,0,2,3,0.000709889140171137,1.0531214642537756,1,1
10.0,0,2,4,0.1786486450268787,0.04014060903490976,1,1
10.0,0,2,5,0.0004038805780339648,4.1258911564562935,1,1
10.0,0,2,6,0.001351579711170815,2.188108170493677,1,1
10.0,0,2,7,0.0006903375453111368,3.151875355953527,1,1
10.0,0,2,8,0.0013515732697933528,2.940978751320703,1,1
10.0,0,2,9,0.0018313756267710312,1.4444326207203928,1,1
10.0,1,0,0,0.00044206249906995074,3.7749973626481195,1,1
10.0,1,0,1,0.0014122002551806155,1.4495368644131406,1,1
10.0,1,0,2,0.00035162017226894875,2.5316104750777173,1,1
10.0,1,0,3,0.0005156544913576499,3.55379222238583,1,1
10.0,1,0,4,0.0007514337569191688,2.503616853740806,1,1
10.0,1,0,5,0.0005100507572366023,3.477929441239138,1,1
10.0,1,0,6,0.0007657550717056928,2.5818290562004003,1,1
10.0,1,0,7,0.0003516203410771987,2.226575005758904,1,1
10.0,1,0,8,0.0014122002132522674,1.5126874552165024,1,1
10.0,1,0,9,0.0005525465306479772,3.133093516390951,1,1
10.0,1,1,0,0.0007274593881009558,2.4003313661465073,1,1
10.0,1,1,1,0.0007772009271523642,2.816520576196317,1,1
10.0,1,1,2,0.0008765852911243273,2.1899685621931875,1,1
10.0,1,1,3,0.0007188605962339971,3.462997465551569,1,1
10.0,1,1,4,0.0005679141046208234,2.8400087024448077,1,1
10.0,1,1,5,0.0007562753771504853,2.397160157786384,1,1
10.0,1,1,6,0.0005172149343967637,3.8951247098046835,1,1
10.0,1,1,7,0.0008510665477347822,2.2603198987225572,1,1
10.0,1,1,8,0.0007274502300323628,2.4079681843441656,1,1
10.0,1,1,9,0.0007898542113288062,2.4198962348635953,1,1
10.0,1,2,0,0.0004965362710724996,3.487989245177999,1,1
10.0,1,2,1,0.0007935621555234753,2.149756197380968,1,1
10.0,1,2,2,0.00024058604007736625,2.811919148077276,1,1
10.0,1,2,3,0.0007935617251955641,2.202488754643766,1,1
10.0,1,2,4,0.0007935564178565005,2.253071036587062,1,1
10.0,1,2,5,0.00037012821455868907,2.0242655719680513,1,1
10.0,1,2,6,0.0010402289715222219,1.7506688245886821,1,1
10.0,1,2,7,0.00037012812165080554,2.0944047102392265,1,1
10.0,1,2,8,0.0007935621480418867,2.2460017158080303,1,1
10.0,1,2,9,0.0007935621534675834,2.0637136018357376,1,1
10.0,2,0,0,0.00045230175845254833,4.071113705366679,1,1
10.0,2,0,1,0.00020624663359351475,4.530805381029007,1,1
10.0,2,0,2,0.0004087923756679886,5.031326975932098,1,1
10.0,2,0,3,0.0019129113497919608,2.1188508258074927,1,1
10.0,2,0,4,0.00040879500400375056,4.8176481798271205,1,1
10.0,2,0,5,0.0016990455619370795,1.880458893163343,1,1
10.0,2,0,6,0.00695914844474988,0.4849779360790199,1,1
10.0,2,0,7,0.0002016550142393094,2.9374535802447954,1,1
10.0,2,0,8,0.0004087950024100497,4.898025287338249,1,1
10.0,2,0,9,0.0004087950374894684,5.047207360132521,1,1
10.0,2,1,0,0.0028228433810382012,2.371455240017601,1,1
10.0,2,1,1,0.0028228433772651673,2.688438986472953,1,1
10.0,2,1,2,0.0004176210651265492,3.6455318363732085,1,1
10.0,2,1,3,0.0024586762169560854,2.1256930092311217,1,1
10.0,2,1,4,0.0004084980596654901,3.769517159349135,1,1
10.0,2,1,5,0.0012706182824445851,2.248631412426978,1,1
10.0,2,1,6,0.00045073335725635035,3.887625217469729,1,1
10.0,2,1,7,0.0012706182824445851,2.0130088152172756,1,1
10.0,2,1,8,0.0009119360452140566,3.108067498428605,1,1
10.0,2,1,9,0.0009119365996572647,2.7377234186586037,1,1
10.0,2,2,0,0.37007636877147626,0.5878969904582708,1,1
10.0,2,2,1,0.0003347242611740694,6.58355773211229,1,1
10.0,2,2,2,0.19198396861811198,0.08375082861494555,1,1
10.0,2,2,3,0.37007636877147626,0.3829729134594337,1,1
10.0,2,2,4,0.00033472432012640645,7.167531277563624,1,1
10.0,2,2,5,0.37007636877147626,0.47285771464730725,1,1
10.0,2,2,6,0.00033472429529838194,7.013442392274399,1,1
10.0,2,2,7,0.018561406740490786,2.149172711933568,1,1
10.0,2,2,8,0.0007800291855877988,2.6450992457037934,1,1
10.0,2,2,9,0.19198396862053316,0.2328115721779111,1,1
10.0,3,0,0,0.001071353482420366,1.840951104495681,1,1
10.0,3,0,1,0.0010103289118948025,1.8030864097509633,1,1
10.0,3,0,2,0.0007285441866745117,2.566056617778904,1,1
10.0,3,0,3,0.0010705630503082245,2.016336352661601,1,1
10.0,3,0,4,0.0010103289118680756,1.362503845299963,1,1
10.0,3,0,5,0.00024168417043469336,2.6070937584212155,1,1
10.0,3,0,6,0.0011015718690354057,1.4930470156836102,1,1
10.0,3,0,7,0.0005318678851138936,5.185641858095409,1,1
10.0,3,0,8,0.001071353478479,1.881186535315257,1,1
10.0,3,0,9,6.778882799550097e-05,5.284327970796254,1,1
10.0,3,1,0,0.00046018996532368,4.44733614859847,1,1
10.0,3,1,1,0.002432567220415531,1.5380234727176696,1,1
10.0,3,1,2,0.0013768317190135976,2.8638114137599215,1,1
10.0,3,1,3,0.0013768316016284025,2.642495692784074,1,1
10.0,3,1,4,0.0024325679086891093,1.0536195038248481,1,1
10.0,3,1,5,0.0004275641214591283,6.163661453093856,1,1
10.0,3,1,6,0.0001441033207450847,5.820898576833961,1,1
10.0,3,1,7,0.00047066778027564615,3.516767373165269,1,1
10.0,3,1,8,0.00013606051943633433,4.492386982872164,1,1
10.0,3,1,9,0.0024325672194112683,2.1316777798455586,1,1
10.0,3,2,0,0.00020359250402868465,3.4633990405282677,1,1
10.0,3,2,1,0.00040352631913545057,2.172171586172169,1,1
10.0,3,2,2,0.0008300877643718195,3.3864081423439356,1,1
10.0,3,2,3,0.0003607160782052884,3.1025439879663375,1,1
10.0,3,2,4,0.0007197540318784916,2.475388861326823,1,1
10.0,3,2,5,0.0004511427032364299,3.682855091180265,1,1
10.0,3,2,6,0.0005611801846582805,3.4962005278846915,1,1
10.0,3,2,7,0.0004107278505752422,3.339312144856855,1,1
10.0,3,2,8,0.0004511437734485945,3.803872037358679,1,1
10.0,3,2,9,0.0007197532819409436,2.4118905582828356,1,1
10.0,4,0,0,0.0002829834918496367,5.714709841687262,1,1
10.0,4,0,1,0.005689333714938123,3.0107739617601794,1,1
10.0,4,0,2,0.00034785649101485184,5.269509067210856,1,1
10.0,4,0,3,0.12337320710847786,0.002940338066187579,1,1
10.0,4,0,4,0.0006424509082902567,5.971529927751394,1,1
10.0,4,0,5,0.0002829893047818328,5.919450781807827,1,1
10.0,4,0,6,0.30288661440298104,0.00324891956603511,1,1
10.0,4,0,7,0.0002829893012041845,6.042059077335464,1,1
10.0,4,0,8,0.005689333714946842,1.192955680732276,1,1
10.0,4,0,9,0.005689333702906983,1.5201862502896608,1,1
10.0,4,1,0,0.0007074292982010713,3.7203367680452204,1,1
10.0,4,1,1,0.373568875309914,0.4926393625022084,1,1
10.0,4,1,2,0.6001071502081479,0.14882401495470154,1,1
10.0,4,1,3,0.0007074308051208067,3.7354181012122343,1,1
10.0,4,1,4,0.00043096186521223047,6.658067185017086,1,1
10.0,4,1,5,0.00032797480717469983,6.61295912364726,1,1
10.0,4,1,6,1.0531890896322773,6.50252344163076e-07,1,1
10.0,4,1,7,0.0003282117639240343,6.442751715196452,1,1
10.0,4,1,8,0.0007074735719777766,3.3756997554910786,1,1
10.0,4,1,9,0.0004309771303770431,6.468893540288613,1,1
10.0,4,2,0,0.011760817655833642,1.5672184257338881,1,1
10.0,4,2,1,0.002001273490715671,1.3502079702719267,1,1
10.0,4,2,2,0.0005990128716197527,4.079093835877248,1,1
10.0,4,2,3,0.011760776083158396,0.45819918910410967,1,1
10.0,4,2,4,0.0005990128664882509,4.002335993408048,1,1
10.0,4,2,5,0.00041440008718204554,4.037735056497411,1,1
10.0,4,2,6,0.011760808348637105,0.4571586618537492,1,1
10.0,4,2,7,0.0010345232193358415,1.9848510122443073,1,1
10.0,4,2,8,0.0010345232386176277,2.019106677938756,1,1
10.0,4,2,9,0.0005990128609480818,3.758994236972193,1,1
10.0,5,0,0,0.000537653129031278,3.0588946935826087,1,1
10.0,5,0,1,0.0005376514721402817,3.037651843459671,1,1
10.0,5,0,2,0.000728963414090671,1.2995506173351346,1,1
10.0,5,0,3,0.0005376531317053508,3.1792687169919294,1,1
10.0,5,0,4,0.00014807768498350193,3.7266266423469605,1,1
10.0,5,0,5,0.0006143882793552171,2.7998121768805357,1,1
10.0,5,0,6,0.0007289634072780155,1.296606912913022,1,1
10.0,5,0,7,0.0006379302173817235,3.2242364972399247,1,1
10.0,5,0,8,0.0010418727992170065,1.785016891268808,1,1
10.0,5,0,9,0.0012151403655201527,2.0082253113164845,1,1
10.0,5,1,0,0.000478367007210231,3.567086288212772,1,1
10.0,5,1,1,0.001208294552374962,2.6209943246616025,1,1
10.0,5,1,2,0.0012082946062117114,1.891162225817321,1,1
10.0,5,1,3,0.0001316226663254914,3.138187518676579,1,1
10.0,5,1,4,0.0006532627966665241,2.832050383290391,1,1
10.0,5,1,5,0.000656605081587182,3.0035757833341745,1,1
10.0,5,1,6,0.0001316228263744861,3.500504067439482,1,1
10.0,5,1,7,0.0004252321619704011,3.927172170171272,1,1
10.0,5,1,8,0.00013162266626319682,3.204303609106978,1,1
10.0,5,1,9,0.00042237671476063167,4.1541325016374175,1,1
10.0,5,2,0,7.576776546514375e-05,9.750587257908396,1,1
10.0,5,2,1,0.00019127573145650328,7.7966171669009805,1,1
10.0,5,2,2,1.0695873737945631,4.7867136370595996e-05,1,1
10.0,5,2,3,7.576775389346055e-05,8.65964761940385,1,1
10.0,5,2,4,0.02547411731324517,4.781731327817075,1,1
10.0,5,2,5,0.00019127781723667664,10.058118469206367,1,1
10.0,5,2,6,0.00019128280918996363,7.765146556195379,1,1
10.0,5,2,7,0.00019128034532617206,7.510424338861184,1,1
10.0,5,2,8,0.37598750305396456,1.098510176352519,1,1
10.0,5,2,9,0.02547411730028247,4.04661722856107,1,1
10.0,6,0,0,7.67251512166264e-05,6.245454705083486,1,1
10.0,6,0,1,0.5056219284187143,1.662076050466664,1,1
10.0,6,0,2,0.011472376584234362,0.9195134472646067,1,1
10.0,6,0,3,0.0005375691496695759,6.31505403671899,1,1
10.0,6,0,4,0.000952325486598001,2.8034744089187544,1,1
10.0,6,0,5,0.00046369779265591275,6.151602182009586,1,1
10.0,6,0,6,0.0005375721192481725,6.234783391704234,1,1
10.0,6,0,7,0.011472376585234723,1.347629335985687,1,1
10.0,6,0,8,0.00046369719549541364,5.427200614718731,1,1
10.0,6,0,9,0.0005375735781476339,6.269063677006585,1,1
10.0,6,1,0,0.5379886836459166,0.6107898466366055,1,1
10.0,6,1,1,0.24006499612236887,2.3716417371131855,1,1
10.0,6,1,2,0.5379886836459054,6.745606015580945e-06,1,1
10.0,6,1,3,0.0018010609320323868,2.773454405819193,1,1
10.0,6,1,4,0.0005606093049263881,6.400128744308699,1,1
10.0,6,1,5,0.00024116965236821214,6.3673905071908825,1,1
10.0,6,1,6,0.2400649961183325,1.9760089828690497,1,1
10.0,6,1,7,0.5379886836494842,1.0845518336708135,1,1
10.0,6,1,8,8.371946089022578e-05,6.8961691137009575,1,1
10.0,6,1,9,0.0003464920513886973,3.2718596473083448,1,1
10.0,6,2,0,3.2099899577326423,1.1409130144096422e-06,1,1
10.0,6,2,1,0.0003113333809087188,6.533291006137093,1,1
10.0,6,2,2,0.0025900226720494933,4.467777429938178,1,1
10.0,6,2,3,3.209989957732315,1.1409723208113078e-06,1,1
10.0,6,2,4,3.096415579294084,3.582634506304833e-06,1,1
10.0,6,2,5,3.2099899577326374,1.100651238424428e-05,1,1
10.0,6,2,6,6.798861963577809e-05,7.231302669196651,1,1
10.0,6,2,7,0.0657112098907693,0.0022182230582181175,1,1
10.0,6,2,8,0.0001622997334018661,7.468544795901884,1,1
10.0,6,2,9,0.06571121007369245,2.3594316499804244,1,1
10.0,7,0,0,0.0005922437801935585,3.7827767025306094,1,1
10.0,7,0,1,0.002508590640597903,1.1044469821799017,1,1
10.0,7,0,2,0.002508589329605227,1.0554610240227569,1,1
10.0,7,0,3,0.0005922437938750997,2.7507153564837084,1,1
10.0,7,0,4,0.0024473064666666084,0.6776011545557046,1,1
10.0,7,0,5,0.0002842488419273377,5.135454923008027,1,1
10.0,7,0,6,0.002508589087140305,0.686159562896769,1,1
10.0,7,0,7,0.0011809109658436907,1.3605154562333661,1,1
10.0,7,0,8,0.002508589087251065,0.7974671846706521,1,1
10.0,7,0,9,0.0025085890868746553,0.6740706033090842,1,1
10.0,7,1,0,0.0002345007731488614,4.758172140724171,1,1
10.0,7,1,1,0.000704672640569941,4.259013647574599,1,1
10.0,7,1,2,0.6659157345799321,1.0535375703076788,1,1
10.0,7,1,3,0.6659157345799321,0.40163403838991957,1,1
10.0,7,1,4,0.6659157345790953,0.4066733665710173,1,1
10.0,7,1,5,0.0010406315071939474,3.864538349188451,1,1
10.0,7,1,6,0.00023450072815744892,4.267196284368174,1,1
10.0,7,1,7,0.0010406315546761683,3.1104828467548735,1,1
10.0,7,1,8,0.6659157345799949,1.1780173260465808e-06,1,1
10.0,7,1,9,0.001040631754350357,3.0279080871854207,1,1
10.0,7,2,0,0.0010257157006341568,1.7671634282838122,1,1
10.0,7,2,1,0.0008058303648883276,1.8509203117110333,1,1
10.0,7,2,2,0.000805830485285244,1.878463219632189,1,1
10.0,7,2,3,0.0001631690394162218,2.408341935727315,1,1
10.0,7,2,4,0.00031573381016791584,3.9044568788787557,1,1
10.0,7,2,5,0.00045321966159175955,3.5399908827533704,1,1
10.0,7,2,6,0.0012794156735923435,1.7603695265419665,1,1
10.0,7,2,7,0.000453219662278896,3.4488773676705033,1,1
10.0,7,2,8,0.0006640612206889058,3.6096136143098376,1,1
10.0,7,2,9,0.0004532195844273141,3.289578214318022,1,1
10.0,8,0,0,0.0004742197464069126,8.674274865970913,1,1
10.0,8,0,1,0.00022300011665102738,8.99347232423876,1,1
10.0,8,0,2,0.0003186806371323684,7.432158690661926,1,1
10.0,8,0,3,0.00047421539666222477,9.889898539230318,1,1
10.0,8,0,4,0.9003548734192043,1.9756776082166738,1,1
10.0,8,0,5,1.834905353307333,0.33812581099283623,1,1
10.0,8,0,6,0.00013385355849530046,10.486782808513173,1,1
10.0,8,0,7,0.0004742159839318878,9.876053636854191,1,1
10.0,8,0,8,0.0001338535222596735,10.078364337840032,1,1
10.0,8,0,9,0.900354873419216,2.292675732431988,1,1
10.0,8,1,0,0.00031379807179728676,6.568125802233481,1,1
10.0,8,1,1,0.3638267898710483,0.07753935237873995,1,1
10.0,8,1,2,0.00020284355342143915,7.483182579144848,1,1
10.0,8,1,3,0.363826789869612,0.01368854558707573,1,1
10.0,8,1,4,0.026304084777957433,3.1447631760580608,1,1
10.0,8,1,5,0.00046748077862872854,6.611015738322856,1,1
10.0,8,1,6,0.00021458583917386895,7.409423144573915,1,1
10.0,8,1,7,0.02630408497279164,3.1033461897111274,1,1
10.0,8,1,8,0.36382678986948214,0.08108188331137715,1,1
10.0,8,1,9,0.018279826580049764,1.186976190052582,1,1
10.0,8,2,0,0.0004327071785173093,4.7581717289835,1,1
10.0,8,2,1,0.0007402061597285463,2.2428635398700827,1,1
10.0,8,2,2,0.00043270715453294796,4.375383111579936,1,1
10.0,8,2,3,0.001235566081568521,1.020596619934731,1,1
10.0,8,2,4,0.0012243523938218629,1.8333974588166428,1,1
10.0,8,2,5,0.0012243557960215832,1.4225692454069072,1,1
10.0,8,2,6,0.001317949655124631,1.241135714241026,1,1
10.0,8,2,7,0.00043270720078129546,4.405817242509598,1,1
10.0,8,2,8,0.00043270721151658875,3.873383076487492,1,1
10.0,8,2,9,0.0007402061593654393,2.2436416189153796,1,1
10.0,9,0,0,0.0006259641147301982,5.424318016089007,1,1
10.0,9,0,1,0.00031839458953286957,6.425746259800034,1,1
10.0,9,0,2,0.3361824623545581,0.0001486594360559769,1,1
10.0,9,0,3,0.026012348050591355,3.158903402317807,1,1
10.0,9,0,4,0.0003183950631329878,5.389097368576209,1,1
10.0,9,0,5,0.000318394974675262,5.5006885965083985,1,1
10.0,9,0,6,0.0009438306210439298,4.769891637666055,1,1
10.0,9,0,7,0.026012347929118104,3.1788787627197714,1,1
10.0,9,0,8,0.0009438305264906812,4.496797766162101,1,1
10.0,9,0,9,0.0005162438414713944,3.253990612920732,1,1
10.0,9,1,0,0.8156843885842853,3.8913595328422796,1,1
10.0,9,1,1,0.00030799300407765694,5.42118815083122,1,1
10.0,9,1,2,0.00030799299684448536,5.439780850780475,1,1
10.0,9,1,3,0.0009152347910835351,4.776891891032624,1,1
10.0,9,1,4,0.0016965515491324653,3.409229889032797,1,1
10.0,9,1,5,3.2361978090989134,2.1677909792694893e-06,1,1
10.0,9,1,6,3.2361978091886257,2.890676937054451e-05,1,1
10.0,9,1,7,0.8156843885842853,3.4889470136294056,1,1
10.0,9,1,8,0.00030799301333037343,5.396212980189719,1,1
10.0,9,1,9,0.0009152347935949273,4.428694966765498,1,1
10.0,9,2,0,0.0010205609243709715,1.7942038186502876,1,1
10.0,9,2,1,0.0011751867892960128,1.6563684920915174,1,1
10.0,9,2,2,0.0005156101866216711,3.6861001596493352,1,1
10.0,9,2,3,0.0005156113281734449,3.272137965313148,1,1
10.0,9,2,4,0.0010205620445673655,1.646223161161247,1,1
10.0,9,2,5,0.0011751867892587364,2.2818809655419967,1,1
10.0,9,2,6,0.0004886670783086312,4.0215835217167175,1,1
10.0,9,2,7,0.0005839386892824907,4.54713433244155,1,1
10.0,9,2,8,0.0012886639925668907,1.589011876810418,1,1
10.0,9,2,9,0.000515610277966193,3.711548009850846,1,1
10.0,10,0,0,0.00015944447895799532,3.1618394304831163,1,1
10.0,10,0,1,0.0004987105544235451,3.6906466004673573,1,1
10.0,10,0,2,0.0004986817163901011,3.7166765707928513,1,1
10.0,10,0,3,0.0011336630505181056,1.47674156270643,1,1
10.0,10,0,4,0.0004987120059068218,3.7693239557788,1,1
10.0,10,0,5,0.0006933201665447663,2.367656909940158,1,1
10.0,10,0,6,0.0011336621775717142,1.5165402736878155,1,1
10.0,10,0,7,0.0009394228643517764,2.582730476093559,1,1
10.0,10,0,8,0.0011509274605188899,1.1103168272797197,1,1
10.0,10,0,9,0.0011509274777890374,1.8591256107807228,1,1
10.0,10,1,0,0.0015958109516803877,1.2183205715126861,1,1
10.0,10,1,1,0.0024503968331539465,1.0027282169204017,1,1
10.0,10,1,2,0.0024503968441632108,0.8000832301860037,1,1
10.0,10,1,3,0.0015230339374687262,2.562320874212629,1,1
10.0,10,1,4,0.004031856061676272,2.009463924217779,1,1
10.0,10,1,5,0.006846049807889196,2.0890917482589257,1,1
10.0,10,1,6,0.0040318560587985774,1.173153921067668,1,1
10.0,10,1,7,0.0003548247594555394,3.3167803631390664,1,1
10.0,10,1,8,0.0040318560608955285,1.7022987315871412,1,1
10.0,10,1,9,0.0028327641936327103,0.7659918021710638,1,1
10.0,10,2,0,0.00032935637712099887,2.590243022543371,1,1
10.0,10,2,1,0.00035101369451001526,6.1459095437598465,1,1
10.0,10,2,2,0.00038570333457783206,5.099991951381463,1,1
10.0,10,2,3,0.0003856947725600724,4.245033864169308,1,1
10.0,10,2,4,0.0003293563770387127,2.7998394405873324,1,1
10.0,10,2,5,0.002917083454196198,0.9920572667206206,1,1
10.0,10,2,6,0.0003510137337061542,5.4024416417106,1,1
10.0,10,2,7,0.0007415329190932588,2.464474962644932,1,1
10.0,10,2,8,0.00035101206360008873,5.3563769161812615,1,1
10.0,10,2,9,0.001818436586744152,1.7736310081433269,1,1
10.0,11,0,0,0.001338195475108303,3.7203965891985185,1,1
10.0,11,0,1,0.001338205270074014,2.9816220629589716,1,1
10.0,11,0,2,0.00035371334320467125,4.624989385191419,1,1
10.0,11,0,3,0.0006802850716863957,3.3213807198202043,1,1
10.0,11,0,4,0.0039010211507293567,0.7933674737682568,1,1
10.0,11,0,5,0.000296010736242049,5.1764884242717235,1,1
10.0,11,0,6,0.0006802853671763217,3.7990601412220943,1,1
10.0,11,0,7,0.0013382052497755634,2.9821142626452612,1,1
10.0,11,0,8,0.00029601236818461627,5.1799147175952545,1,1
10.0,11,0,9,0.00029601051186297294,5.164544642141036,1,1
10.0,11,1,0,0.00048531225731742616,4.574798444121817,1,1
10.0,11,1,1,0.0009868822670628288,1.7517543274021152,1,1
10.0,11,1,2,0.0005429762788115702,3.0866718239807387,1,1
10.0,11,1,3,0.00048536361195941044,4.141689970263532,1,1
10.0,11,1,4,0.0002433307403816618,1.8630610468384563,1,1
10.0,11,1,5,0.0004647554456287533,4.63947330850324,1,1
10.0,11,1,6,0.00043138817411485025,4.455126840518031,1,1
10.0,11,1,7,0.0011835618147511189,1.7559850343698291,1,1
10.0,11,1,8,0.0004853110117839707,4.170260158261517,1,1
10.0,11,1,9,0.0002625660639196012,4.075875745186691,1,1
10.0,11,2,0,0.00037689847978459863,4.044636681104215,1,1
10.0,11,2,1,0.0002821491497745245,4.016569961611656,1,1
10.0,11,2,2,0.0013632634697746033,1.8691190893721392,1,1
10.0,11,2,3,0.00030942024810097876,4.052102331929282,1,1
10.0,11,2,4,0.0007103964630276597,3.7092333318470767,1,1
10.0,11,2,5,0.0010333827927099715,3.2794574494882593,1,1
10.0,11,2,6,0.00037418607100569106,4.168179073503234,1,1
10.0,11,2,7,0.004494844855240028,0.9682875311534586,1,1
10.0,11,2,8,0.0004944212966508525,4.0294206562995125,1,1
10.0,11,2,9,0.004494861395995533,0.7212930175550143,1,1
10.0,12,0,0,0.03141132255802278,1.056501595751952,1,1
10.0,12,0,1,0.0012015342553179352,2.7342044007599835,1,1
10.0,12,0,2,0.000418225090739951,4.830671819817544,1,1
10.0,12,0,3,0.0002716163620975819,5.091237518949349,1,1
10.0,12,0,4,0.0002956759682060233,4.735663600721301,1,1
10.0,12,0,5,0.0004637724600640333,3.1750138630025426,1,1
10.0,12,0,6,0.0012015342594885229,3.0034001129366357,1,1
10.0,12,0,7,0.00046377251434482394,2.860630696384492,1,1
10.0,12,0,8,0.0005856786001151911,1.0513566766095357,1,1
10.0,12,0,9,0.3185963709767269,4.266863608761443e-06,1,1
10.0,12,1,0,0.00040239254424188523,1.6693534288239533,1,1
10.0,12,1,1,0.00042049603941066225,3.771848806515771,1,1
10.0,12,1,2,0.00042049604348822763,3.57090418152639,1,1
10.0,12,1,3,0.0006627114754444568,4.44225146121476,1,1
10.0,12,1,4,0.0002925253056795061,2.035513257957179,1,1
10.0,12,1,5,0.0011118373838817448,1.673778073614082,1,1
10.0,12,1,6,0.0008263296211909871,2.5384285345304245,1,1
10.0,12,1,7,0.0011118375672183162,1.5649050843495156,1,1
10.0,12,1,8,0.0008263296193638433,2.1866312422452565,1,1
10.0,12,1,9,0.0004023925441506376,1.9724584874993587,1,1
10.0,12,2,0,0.0004886980107693902,3.533172315608209,1,1
10.0,12,2,1,0.00046688384525154207,3.4462972687237023,1,1
10.0,12,2,2,0.0019178979157919822,1.9653500226230656,1,1
10.0,12,2,3,0.0007588039828942233,2.8305565166709767,1,1
10.0,12,2,4,0.0019178894849884423,1.9496106370384851,1,1
10.0,12,2,5,0.0009881054402094676,1.5384125891102602,1,1
10.0,12,2,6,0.0004886982151554232,3.5241528846044186,1,1
10.0,12,2,7,0.0006759119297898683,2.6279553727287697,1,1
10.0,12,2,8,0.000919514372082235,2.0991182703888227,1,1
10.0,12,2,9,0.0019179107859108489,2.00351094892347,1,1
10.0,13,0,0,0.0004245340208268389,3.933487923729166,1,1
10.0,13,0,1,0.0005001061966681716,3.4887065216039708,1,1
10.0,13,0,2,0.0002985839217210122,2.1562765527246115,1,1
10.0,13,0,3,0.0010641131001089222,1.6740763081475545,1,1
10.0,13,0,4,0.0004245383982546807,3.9245533086054523,1,1
10.0,13,0,5,0.00019596297522546908,3.0085808760429846,1,1
10.0,13,0,6,0.00029858391816107587,2.9652037717895885,1,1
10.0,13,0,7,0.0004896039778309203,3.539156874003731,1,1
10.0,13,0,8,0.0004896046006603546,3.4998501820071923,1,1
10.0,13,0,9,0.0013221450674891324,1.5391921754449418,1,1
10.0,13,1,0,0.0005144595238150123,3.429617055193812,1,1
10.0,13,1,1,0.0005144595073696128,3.2452910104255404,1,1
10.0,13,1,2,0.0005893063076094556,3.307052294285482,1,1
10.0,13,1,3,0.0004968738535509778,3.601949258572875,1,1
10.0,13,1,4,0.0005875755869964468,3.050385832858014,1,1
10.0,13,1,5,0.0005720181513057828,2.504813967154121,1,1
10.0,13,1,6,0.0013069220934086368,1.3413710902887594,1,1
10.0,13,1,7,0.0005893063093685987,3.256694400405017,1,1
10.0,13,1,8,0.0005875755881284422,2.852401226970448,1,1
10.0,13,1,9,0.001306923310255361,1.3901750409117193,1,1
10.0,13,2,0,7.148954708556758e-05,7.9577309837733425,1,1
10.0,13,2,1,0.45491899095040056,4.66489912546061,1,1
10.0,13,2,2,0.45491899096169386,3.1963038598796665,1,1
10.0,13,2,3,0.00019378654759123794,8.222416675926485,1,1
10.0,13,2,4,1.2046419574357352,0.40856913810534273,1,1
10.0,13,2,5,0.454918990950402,4.671080876859316,1,1
10.0,13,2,6,0.4549189909615215,2.5928153119919615,1,1
10.0,13,2,7,0.0001937772458492535,8.964070763962068,1,1
10.0,13,2,8,0.0001937774843014944,7.676011083251274,1,1
10.0,13,2,9,0.0002672882855226475,7.31854013236344,1,1
10.0,14,0,0,0.0009860095758370548,2.7260059551758333,1,1
10.0,14,0,1,0.00019438554586443966,3.812745763629034,1,1
10.0,14,0,2,0.0007078648122541788,2.451536275374601,1,1
10.0,14,0,3,0.0006348060624205782,3.483432778692888,1,1
10.0,14,0,4,0.0006528883603395201,3.1832049419438158,1,1
10.0,14,0,5,0.001143735675932631,1.5105352047509992,1,1
10.0,14,0,6,0.0013900412976713939,1.4611762013576446,1,1
10.0,14,0,7,0.0001855724740850002,3.734367768844174,1,1
10.0,14,0,8,0.0011437356776312902,1.5005609488129052,1,1
10.0,14,0,9,0.0006348120377375701,3.52557373601666,1,1
10.0,14,1,0,0.0013458501196838397,1.6320167331369217,1,1
10.0,14,1,1,0.0006632498318120618,2.320859243381018,1,1
10.0,14,1,2,0.0006632498356833455,2.372645156424697,1,1
10.0,14,1,3,0.0013413210428007828,1.195280634117283,1,1
10.0,14,1,4,0.000670608557245727,2.512984418480545,1,1
10.0,14,1,5,0.0006278642921979072,2.718368191460779,1,1
10.0,14,1,6,0.00047181597780612475,2.6098847216593675,1,1
10.0,14,1,7,0.000827220706463879,2.6401646029757977,1,1
10.0,14,1,8,0.0006269589346809914,2.616895126327908,1,1
10.0,14,1,9,0.0006269592760187952,2.5823183276852975,1,1
10.0,14,2,0,0.0009300407758560053,2.6240231132687453,1,1
10.0,14,2,1,0.00044410416802972643,3.381752391931949,1,1
10.0,14,2,2,0.0013468895370258992,1.5862275933703267,1,1
10.0,14,2,3,0.0013468936798923831,1.9889733562834349,1,1
10.0,14,2,4,0.00041358361881589965,2.608458466587705,1,1
10.0,14,2,5,0.0009300400220877173,2.5947044435820295,1,1
10.0,14,2,6,0.0004441041680797377,3.2857767657335666,1,1
10.0,14,2,7,0.0013468892855812572,2.6871921522292257,1,1
10.0,14,2,8,0.0006542871659249376,3.3905121154618945,1,1
10.0,14,2,9,0.0009450037352897415,2.6509265012531977,1,1
10.0,15,0,0,0.000741842207060309,2.6491088727328043,1,1
10.0,15,0,1,0.0019126975642249674,2.622721115571154,1,1
10.0,15,0,2,0.0007418464819579114,2.5668701703571832,1,1
10.0,15,0,3,0.0007418421068963016,2.2360567132458464,1,1
10.0,15,0,4,0.0019126962408906796,2.8415324905890325,1,1
10.0,15,0,5,0.0019126976815414024,0.9374063916478137,1,1
10.0,15,0,6,0.0007418464909831968,2.102701614731066,1,1
10.0,15,0,7,0.00038123065901977753,1.8059951522081417,1,1
10.0,15,0,8,0.0007418464825954134,2.4544113368128753,1,1
10.0,15,0,9,0.0007418420796005207,2.648967197460149,1,1
10.0,15,1,0,0.00013534177938549674,4.27237361170647,1,1
10.0,15,1,1,0.001232748290690965,2.0241828242381956,1,1
10.0,15,1,2,0.0007828431510305892,0.7645329872025218,1,1
10.0,15,1,3,0.0012380189940668334,2.1185661708801398,1,1
10.0,15,1,4,0.0007836708038340984,1.8780951102451413,1,1
10.0,15,1,5,9.381030360842589e-05,6.317055245587276,1,1
10.0,15,1,6,0.0002582131844403474,5.753585624388555,1,1
10.0,15,1,7,0.00036260025675128856,4.2984609131734,1,1
10.0,15,1,8,0.001238018988476234,2.116459262775307,1,1
10.0,15,1,9,0.00013534171909260117,4.333240588534151,1,1
10.0,15,2,0,0.3531394631854106,1.10301564788864,1,1
10.0,15,2,1,0.623353162138424,0.6360563503266388,1,1
10.0,15,2,2,0.6233531621299365,5.333150079775792e-06,1,1
10.0,15,2,3,0.0006997185673728742,1.9823124614489789,1,1
10.0,15,2,4,0.6233531621372591,0.7227268948386805,1,1
10.0,15,2,5,0.004244262158915999,2.145768926593997,1,1
10.0,15,2,6,0.004244255821539355,1.953958122129382,1,1
10.0,15,2,7,0.5195906482841471,9.164347582927512e-06,1,1
10.0,15,2,8,0.00041299834020858063,4.811976981316159,1,1
10.0,15,2,9,0.6233531621299992,0.11057343060174747,1,1
10.0,16,0,0,0.002265051968020397,1.2503265844088778,1,1
10.0,16,0,1,8.252940980560585e-05,6.211671150374114,1,1
10.0,16,0,2,8.455159309724352e-05,5.860763960211379,1,1
10.0,16,0,3,0.0008689045077614869,2.2827750664823587,1,1
10.0,16,0,4,8.455159803075598e-05,6.207315423827751,1,1
10.0,16,0,5,0.000868904508822388,1.9141399597727558,1,1
10.0,16,0,6,0.0006439814672996151,5.0492746780889535,1,1
10.0,16,0,7,0.0006439825172751515,5.108575045314415,1,1
10.0,16,0,8,0.00020004135947422795,6.845226265182627,1,1
10.0,16,0,9,0.0006439826170818181,5.395528309199454,1,1
10.0,16,1,0,1.2680926991442865,3.2786741383374027e-07,1,1
10.0,16,1,1,0.00011486584341751525,9.91214658457107,1,1
10.0,16,1,2,0.00016859521313978122,8.149751611686007,1,1
10.0,16,1,3,0.00011490702325714768,9.836496101964007,1,1
10.0,16,1,4,0.024126679112946782,7.6859584459756904,1,1
10.0,16,1,5,0.0001148622316886035,10.592116471557967,1,1
10.0,16,1,6,0.02412667912236965,7.954828060804875,1,1
10.0,16,1,7,1.2680926991454935,3.3699411351879243e-07,1,1
10.0,16,1,8,0.0001148659722997486,10.575933181376385,1,1
10.0,16,1,9,1.471312565547767,7.473527168715684e-05,1,1
10.0,16,2,0,0.04403394372821728,1.943270076445925,1,1
10.0,16,2,1,0.006785794348102401,1.4859521816797465,1,1
10.0,16,2,2,0.04403394372888178,0.8199237462147466,1,1
10.0,16,2,3,0.582592943844204,3.0181768097846375e-05,1,1
10.0,16,2,4,0.00039043568070894723,8.951029908882111,1,1
10.0,16,2,5,0.4982437341560289,1.558384213240914e-05,1,1
10.0,16,2,6,0.044033943730246536,1.6378986945219418,1,1
10.0,16,2,7,0.00039043618675334453,8.147456938543833,1,1
10.0,16,2,8,0.0002095647406445517,8.644306461665202,1,1
10.0,16,2,9,0.5611165687373062,0.021755753804790175,1,1
10.0,17,0,0,0.00383290961276842,0.7060564377809192,1,1
10.0,17,0,1,0.18007478950664568,0.00115981950443194,1,1
10.0,17,0,2,0.00039447909516142273,4.0669384646047995,1,1
10.0,17,0,3,0.0038329096025581677,0.8050837268869756,1,1
10.0,17,0,4,0.0007270407980274329,2.9536112523623266,1,1
10.0,17,0,5,0.0038329070727913164,0.8852660620015714,1,1
10.0,17,0,6,0.0007194338259613635,4.197498941997612,1,1
10.0,17,0,7,0.18007478949167904,0.15500653688726743,1,1
10.0,17,0,8,0.0019484489720359164,0.9197621796212649,1,1
10.0,17,0,9,0.0011752975633489934,2.7776768668906153,1,1
10.0,17,1,0,0.006830870903082721,1.2297632538246015,1,1
10.0,17,1,1,0.0003263530155915866,3.13562171679969,1,1
10.0,17,1,2,2.986267113860682,0.46885268786149126,1,1
10.0,17,1,3,2.986267113860758,0.3474139825263582,1,1
10.0,17,1,4,0.0004424166684238108,5.735818436463392,1,1
10.0,17,1,5,0.0006126894563357482,4.563577185893166,1,1
10.0,17,1,6,0.0004424166678892625,5.14353687366557,1,1
10.0,17,1,7,2.9862671138618806,1.349942056304723e-05,1,1
10.0,17,1,8,2.7727558297122306,0.25427581417759204,1,1
10.0,17,1,9,0.0002973057821893745,6.226105555758856,1,1
10.0,17,2,0,0.0011540118916249745,1.584412692172902,1,1
10.0,17,2,1,0.00037586108500290485,4.103173669202727,1,1
10.0,17,2,2,9.888809119606602e-05,5.317740754010834,1,1
10.0,17,2,3,9.888771094284448e-05,5.327442156716683,1,1
10.0,17,2,4,0.0013002953296172876,1.6424207195821006,1,1
10.0,17,2,5,0.0006705370392147715,2.3179406959382978,1,1
10.0,17,2,6,0.0011719376534586356,1.3898680486034143,1,1
10.0,17,2,7,0.0004282687506469681,3.979814703893064,1,1
10.0,17,2,8,0.00041587874083646857,4.6979732833980385,1,1
10.0,17,2,9,0.0011719376525027086,1.3060456670870024,1,1
10.0,18,0,0,0.0030242979718615223,0.6333566969560515,1,1
10.0,18,0,1,0.0027467447284506923,1.4609258561823277,1,1
10.0,18,0,2,0.0007118896645736105,4.755177583393842,1,1
10.0,18,0,3,0.00305874578743559,0.5946521778794422,1,1
10.0,18,0,4,0.002746744751078444,2.265223836417658,1,1
10.0,18,0,5,0.000739864195207873,2.033735682786263,1,1
10.0,18,0,6,0.0007398787352265006,2.1717461536090585,1,1
10.0,18,0,7,0.00029384196122369757,3.084454817756149,1,1
10.0,18,0,8,0.0030587459025691673,1.706095602460212,1,1
10.0,18,0,9,0.0006581868719788483,3.36087322655979,1,1
10.0,18,1,0,0.0003735073876066343,4.083205777228835,1,1
10.0,18,1,1,0.0003879639260967536,2.0368322096587748,1,1
10.0,18,1,2,0.000527162715865115,3.001487469761271,1,1
10.0,18,1,3,0.0005271634173623668,2.9384882734893965,1,1
10.0,18,1,4,0.00038796393725504827,1.6515330479198354,1,1
10.0,18,1,5,0.001071158562813946,1.6450073354852157,1,1
10.0,18,1,6,0.000674563230913593,2.3629610418078837,1,1
10.0,18,1,7,0.0006745621940332751,2.4584069034263365,1,1
10.0,18,1,8,0.0005271662949951965,3.212310930641873,1,1
10.0,18,1,9,0.0010711596931422959,1.6400266673920305,1,1
10.0,18,2,0,1.049877631033177,1.9615508367689454e-05,1,1
10.0,18,2,1,0.000239622564644279,8.094208591920138,1,1
10.0,18,2,2,0.00023962461325665292,8.35488975604609,1,1
10.0,18,2,3,0.00032308909811983873,7.908708738265647,1,1
10.0,18,2,4,0.0012430150704411675,2.0188645119923,1,1
10.0,18,2,5,1.0498776310502902,0.0003296841778263788,1,1
10.0,18,2,6,0.00033654643494301386,6.0375151401179945,1,1
10.0,18,2,7,0.0012430150735568504,7.6033601729176485,1,1
10.0,18,2,8,0.00023962257987354522,8.394340167652297,1,1
10.0,18,2,9,1.0498776310503004,0.00024979639689615704,1,1
10.0,19,0,0,0.0010807994928309318,4.432426503522439,1,1
10.0,19,0,1,0.000367628718205041,1.5833306169113666,1,1
10.0,19,0,2,0.00027035096879944424,2.374298543006182,1,1
10.0,19,0,3,0.0010807994217046017,4.590614466580558,1,1
10.0,19,0,4,0.0011590587461237595,1.8683637588733721,1,1
10.0,19,0,5,0.0010808038959480913,4.495130094405318,1,1
10.0,19,0,6,0.0003676287181809885,1.5217401241473636,1,1
10.0,19,0,7,0.0011590570114613362,1.8620774329532277,1,1
10.0,19,0,8,0.0017661286574999207,1.0774496535885878,1,1
10.0,19,0,9,0.0011590573310682332,1.818386639762246,1,1
10.0,19,1,0,0.0003477210797242478,4.7823487801520965,1,1
10.0,19,1,1,0.0008489112643166917,3.2302875502955595,1,1
10.0,19,1,2,0.43340865628705877,0.5489109296235387,1,1
10.0,19,1,3,0.0003436936240018038,3.0472781717488173,1,1
10.0,19,1,4,0.0003477210201739147,4.924042945778415,1,1
10.0,19,1,5,0.0008489112683688941,3.431909763516671,1,1
10.0,19,1,6,0.0008489106308078737,3.3102968784412554,1,1
10.0,19,1,7,0.0008489113913703368,3.2771732611507494,1,1
10.0,19,1,8,0.0008489113912613365,3.357839293358024,1,1
10.0,19,1,9,0.0003477210532902785,5.872969599560188,1,1
10.0,19,2,0,0.000673855598495088,2.9884276772598697,1,1
10.0,19,2,1,0.0006011823878952021,2.2126955411100115,1,1
10.0,19,2,2,0.0007898544642597793,2.4998690543565925,1,1
10.0,19,2,3,0.0005164557059645827,4.0112973742308355,1,1
10.0,19,2,4,0.0007898544658848877,2.3555118369239776,1,1
10.0,19,2,5,0.0007962351673002992,2.5446073381629177,1,1
10.0,19,2,6,0.000796235163406438,2.290697812413843,1,1
10.0,19,2,7,0.00079623659116603,2.2600297849845035,1,1
10.0,19,2,8,0.0007962364291692099,2.3848948009220106,1,1
10.0,19,2,9,0.0006738521072930308,3.02110286121782,1,1
10.0,20,0,0,0.0017252467666203333,1.6709376871120212,1,1
10.0,20,0,1,0.00045244540664777984,3.536792194430513,1,1
10.0,20,0,2,0.0004175029755143462,3.3855985010132486,1,1
10.0,20,0,3,0.0017252467412022007,1.0515616952456792,1,1
10.0,20,0,4,0.00045244540824101087,3.4989320889695334,1,1
10.0,20,0,5,0.0004889786442568556,2.8824263417690554,1,1
10.0,20,0,6,0.0006194020143228853,1.070529162246519,1,1
10.0,20,0,7,0.0006194020632023263,0.9902239110012111,1,1
10.0,20,0,8,0.0004056833329093728,3.3441317419140852,1,1
10.0,20,0,9,0.0006194020143384404,1.0724691405908962,1,1
10.0,20,1,0,0.004960188685791465,1.8069765454351578,1,1
10.0,20,1,1,0.00039511969219067325,6.66718181956442,1,1
10.0,20,1,2,0.3062273307133797,0.4063583008706251,1,1
10.0,20,1,3,0.0001395206177831973,6.577833649060376,1,1
10.0,20,1,4,0.5079256615831942,8.272754680927778e-06,1,1
10.0,20,1,5,0.3062273307133797,1.6407494275193601,1,1
10.0,20,1,6,0.002048323050741859,1.7941975696142212,1,1
10.0,20,1,7,0.3062273307133797,0.4118056166520434,1,1
10.0,20,1,8,0.0001395206177993701,6.638939098519471,1,1
10.0,20,1,9,0.5079256615831943,3.90561466196313e-06,1,1
10.0,20,2,0,1.1878910463846908,0.00010650809184367213,1,1
10.0,20,2,1,0.0015731103843691118,1.3202661705102232,1,1
10.0,20,2,2,1.1878910463845422,1.068806610810797e-05,1,1
10.0,20,2,3,1.1878910462741334,0.17972831777370338,1,1
10.0,20,2,4,0.00025404429519889873,8.344822598371387,1,1
10.0,20,2,5,0.7352849431147888,1.1591016436573165,1,1
10.0,20,2,6,0.7352849431147888,2.4157068113063884,1,1
10.0,20,2,7,1.1878910463845713,1.9729316911786436e-06,1,1
10.0,20,2,8,0.015593956838168657,0.7692865700885615,1,1
10.0,20,2,9,0.0014896887100320634,1.317451748848909,1,1
10.0,21,0,0,0.0003893330406084325,4.174822132818448,1,1
10.0,21,0,1,0.0013538964819149277,1.2361796910383347,1,1
10.0,21,0,2,0.000554987905434974,2.940441392688358,1,1
10.0,21,0,3,0.0003379573433553279,4.299171741839558,1,1
10.0,21,0,4,0.00038933312191410696,4.2278658973597105,1,1
10.0,21,0,5,0.0006862873200730766,2.830587871747957,1,1
10.0,21,0,6,0.0013538964783507761,2.893440460870874,1,1
10.0,21,0,7,0.0005153027618662579,4.3584807708647055,1,1
10.0,21,0,8,0.0004635408971492914,2.642397749357719,1,1
10.0,21,0,9,0.00038933368218785266,3.7268589162425085,1,1
10.0,21,1,0,0.0014480973414062524,2.6136862213298095,1,1
10.0,21,1,1,0.0014480973426279492,1.257978048946761,1,1
10.0,21,1,2,0.05638374294003936,2.0878268027536473,1,1
10.0,21,1,3,0.05638374319957396,1.4308976859015732,1,1
10.0,21,1,4,0.0014480973416564826,2.1412822752848637,1,1
10.0,21,1,5,0.0008155961140413716,2.179724823970839,1,1
10.0,21,1,6,0.05638374319880937,1.6932385521000344,1,1
10.0,21,1,7,0.0014480973419383732,1.8541827808707556,1,1
10.0,21,1,8,0.056383742938992086,1.1431497967078663,1,1
10.0,21,1,9,0.00035328101692082053,6.2046568987149815,1,1
10.0,21,2,0,1.0318504662468113,0.876803383516429,1,1
10.0,21,2,1,0.000164272851273689,7.128724518925657,1,1
10.0,21,2,2,0.0006456598433762519,6.424899883660072,1,1
10.0,21,2,3,0.0009458920119502615,1.7642744443016878,1,1
10.0,21,2,4,1.4603780746147557,7.571332685423705e-07,1,1
10.0,21,2,5,1.0318504660779637,1.611878564085884,1,1
10.0,21,2,6,0.0006456599986847619,3.59437279247887,1,1
10.0,21,2,7,1.0318504662483095,1.4668348912803855,1,1
10.0,21,2,8,1.4603780746147557,1.567834444867032e-05,1,1
10.0,21,2,9,0.6804047162159651,1.1382692161820391,1,1
10.0,22,0,0,2.403686622496611,0.19103755514998486,1,1
10.0,22,0,1,0.00026254953563055407,5.405891702632854,1,1
10.0,22,0,2,0.03844133528963603,3.5497487220876254,1,1
10.0,22,0,3,0.0002625495956616989,4.5703841714769435,1,1
10.0,22,0,4,2.4036866224957665,0.09519543079363603,1,1
10.0,22,0,5,0.0004937579632768833,4.622400888451987,1,1
10.0,22,0,6,0.0002625436116126296,5.201599048539894,1,1
10.0,22,0,7,1.6343434751121766,0.6346425079925248,1,1
10.0,22,0,8,1.5733967862290417,2.4555133429240006,1,1
10.0,22,0,9,0.0010673544885514484,3.677512923217783,1,1
10.0,22,1,0,0.0026229135577459867,2.1075194773901917,1,1
10.0,22,1,1,0.0039640666698178215,1.0148995892766701,1,1
10.0,22,1,2,0.003964066688624958,0.7617244921780325,1,1
10.0,22,1,3,0.0007446865738085093,4.035761584786035,1,1
10.0,22,1,4,0.0007446889526818394,3.9723049349283945,1,1
10.0,22,1,5,0.00077519011493716,2.648221651871359,1,1
10.0,22,1,6,0.00035879275975276887,4.071868197251615,1,1
10.0,22,1,7,0.0009528953278383486,2.397264414729431,1,1
10.0,22,1,8,0.0026229128975327597,1.509172229128291,1,1
10.0,22,1,9,0.004516818857669795,0.532166533745929,1,1
10.0,22,2,0,0.0010408055915579217,2.157139037942693,1,1
10.0,22,2,1,0.000771897254408135,2.4112867841016095,1,1
10.0,22,2,2,0.0005547211770544631,2.815562837384878,1,1
10.0,22,2,3,0.0010143967655686715,2.2733456918207984,1,1
10.0,22,2,4,0.0005547187198847032,3.375423887042259,1,1
10.0,22,2,5,0.0007904098074108419,2.3821567999108844,1,1
10.0,22,2,6,0.000771896739407745,2.412954927442736,1,1
10.0,22,2,7,0.0005547211762051234,3.2821137006094356,1,1
10.0,22,2,8,0.0007718874315335884,2.438376563104628,1,1
10.0,22,2,9,0.0013129565877135786,1.5147346660653382,1,1
10.0,23,0,0,0.00124496389813742,1.572430078225692,1,1
10.0,23,0,1,0.00042326992724029625,3.6833208084930393,1,1
10.0,23,0,2,0.0003968095416990388,3.2948946316568257,1,1
10.0,23,0,3,0.0005061205032663996,4.121722518073226,1,1
10.0,23,0,4,0.00048167780226320716,3.664683369382286,1,1
10.0,23,0,5,0.000506100630575668,4.1950095439540664,1,1
10.0,23,0,6,0.0004454550521424909,1.5960683087385783,1,1
10.0,23,0,7,0.0012449674715465458,1.4938680060057759,1,1
10.0,23,0,8,0.0004232699126998034,4.106724249652436,1,1
10.0,23,0,9,0.001299898030534277,1.4740160023014164,1,1
10.0,23,1,0,0.0009952221198206424,5.112579527845525,1,1
10.0,23,1,1,0.00020415336841316276,6.835255310926517,1,1
10.0,23,1,2,0.0009952212455288073,5.068812557411246,1,1
10.0,23,1,3,0.9743910558634543,0.7057237081434522,1,1
10.0,23,1,4,0.9743910558468236,0.6597769469958021,1,1
10.0,23,1,5,0.0002041915286019371,6.720014732099678,1,1
10.0,23,1,6,1.7647570330050748,3.1554168084786927,1,1
10.0,23,1,7,0.0005046307038065988,5.835093515724639,1,1
10.0,23,1,8,1.9205551052578151,1.9525977991812243e-05,1,1
10.0,23,1,9,0.001236068085365758,3.2677486219882477,1,1
10.0,23,2,0,0.002568228222282716,0.8261713836305322,1,1
10.0,23,2,1,0.0001610055917354615,6.125987368344817,1,1
10.0,23,2,2,9.25242485651053e-05,6.192995193046223,1,1
10.0,23,2,3,0.0002726041184989652,5.999047003712616,1,1
10.0,23,2,4,0.0010708900406181127,4.817986964043708,1,1
10.0,23,2,5,0.0010708900421618592,4.712327963375132,1,1
10.0,23,2,6,0.00027260909879293975,6.010983841517623,1,1
10.0,23,2,7,0.0002726281265087764,6.138191342107335,1,1
10.0,23,2,8,0.002568228222299284,0.8948616931341031,1,1
10.0,23,2,9,0.0005145225984776688,4.0793822037534,1,1
10.0,24,0,0,0.3385612081362431,2.960303838826267,1,1
10.0,24,0,1,0.0003760002415690704,4.483375380245539,1,1
10.0,24,0,2,0.4800664027798317,3.787717150749522,1,1
10.0,24,0,3,0.8010785998041562,1.3117332078690526e-05,1,1
10.0,24,0,4,0.00037600112175278726,4.596279345546969,1,1
10.0,24,0,5,0.00028813410119825665,4.15266603277389,1,1
10.0,24,0,6,0.8010785982540091,3.385132914534177e-05,1,1
10.0,24,0,7,0.48780253532389417,3.2002166006218733,1,1
10.0,24,0,8,0.000357915707409011,4.512216554537489,1,1
10.0,24,0,9,0.8687654425525101,0.14233893181107427,1,1
10.0,24,1,0,0.0007393228321269535,3.037900713645997,1,1
10.0,24,1,1,0.0012591777015933472,1.5775340879651163,1,1
10.0,24,1,2,0.0007393036490627978,2.914204531712725,1,1
10.0,24,1,3,0.0005863172661786178,2.8447315516643186,1,1
10.0,24,1,4,0.0013344984743621556,1.635980967644325,1,1
10.0,24,1,5,0.000586317493879998,2.8913521251047443,1,1
10.0,24,1,6,0.0009146090983062215,2.0888624106827107,1,1
10.0,24,1,7,0.0010154868079733138,1.3431569830951118,1,1
10.0,24,1,8,0.0009146090463725549,2.8421800551981486,1,1
10.0,24,1,9,0.0013344982546161085,1.5693477541422722,1,1
10.0,24,2,0,0.0005045949439886665,5.815360897219723,1,1
10.0,24,2,1,0.0008977703101154014,2.5410276743419176,1,1
10.0,24,2,2,0.0002869583955229872,6.493804450656643,1,1
10.0,24,2,3,0.00025410846309416844,5.960115330229946,1,1
10.0,24,2,4,0.0002869551201898983,6.495003644832884,1,1
10.0,24,2,5,0.0016795218311115188,1.0813206762148462,1,1
10.0,24,2,6,0.00167952005313048,1.6345604502575908,1,1
10.0,24,2,7,0.00022710501022566435,6.497385323736691,1,1
10.0,24,2,8,0.00028695540131362424,6.503205798365691,1,1
10.0,24,2,9,0.0005088203444195713,2.6024586010257456,1,1
10.0,25,0,0,0.0007102814473822025,2.4053418239845916,1,1
10.0,25,0,1,0.00034325852341487696,5.21673441757262,1,1
10.0,25,0,2,0.00034325537262754643,5.162414353096312,1,1
10.0,25,0,3,0.0007990229933417046,3.7200512842394104,1,1
10.0,25,0,4,0.007583188417987099,0.3486323391792677,1,1
10.0,25,0,5,0.00015283940692825462,3.450019021587617,1,1
10.0,25,0,6,0.00017298136117599227,3.949023201402983,1,1
10.0,25,0,7,0.0076688983670002925,1.6967825746028935,1,1
10.0,25,0,8,0.007583188649413884,0.28267029350310213,1,1
10.0,25,0,9,0.00015283892784272832,3.159396885450362,1,1
10.0,25,1,0,0.0005367628921221131,5.2525641937061565,1,1
10.0,25,1,1,0.0001786289515520867,6.5267367966459435,1,1
10.0,25,1,2,0.009729370804770555,1.2089887672970188,1,1
10.0,25,1,3,0.011630958089812243,0.4304593847621817,1,1
10.0,25,1,4,0.0002182445721854738,6.828353772813639,1,1
10.0,25,1,5,0.0005367628283771853,5.1538485577902815,1,1
10.0,25,1,6,0.011630958089620448,0.9655368501680518,1,1
10.0,25,1,7,0.00053676148615426,5.028433642274399,1,1
10.0,25,1,8,0.011630958042830932,0.4219287647919396,1,1
10.0,25,1,9,0.0025313680067507952,2.26919047995895,1,1
10.0,25,2,0,0.0063277195478124776,0.35785345933879453,1,1
10.0,25,2,1,0.0006369189529936573,2.7656526107025483,1,1
10.0,25,2,2,0.23117620685214388,0.69585985167416,1,1
10.0,25,2,3,0.0005628349913512252,3.346658460432776,1,1
10.0,25,2,4,0.23117620818343168,0.00038748492376744243,1,1
10.0,25,2,5,0.0063277201912025575,1.0832276127917948,1,1
10.0,25,2,6,0.23117620818507442,0.11847432941503466,1,1
10.0,25,2,7,0.0012208049347415314,1.8216540818710818,1,1
10.0,25,2,8,0.006327719538679687,1.0884458947891684,1,1
10.0,25,2,9,0.0007139652485954557,1.8745467808181986,1,1
10.0,26,0,0,0.0009737411284606405,1.9789978976944678,1,1
10.0,26,0,1,0.0006049432158297261,3.0258485975521014,1,1
10.0,26,0,2,0.0006009307948131555,3.1885577286580813,1,1
10.0,26,0,3,0.0009737411284729696,2.2395214870300144,1,1
10.0,26,0,4,0.0010294621691663483,2.673592923350353,1,1
10.0,26,0,5,0.0006049433197469304,3.4496679315673893,1,1
10.0,26,0,6,0.0006586863241992484,2.8248819755211207,1,1
10.0,26,0,7,0.000973741128440777,2.309140514503759,1,1
10.0,26,0,8,0.0010294621537387128,2.3519820741050497,1,1
10.0,26,0,9,0.0006586863224142146,2.8436192375245732,1,1
10.0,26,1,0,0.0007468145696242948,2.6104747357864317,1,1
10.0,26,1,1,0.00047682338943852974,3.3297497096939863,1,1
10.0,26,1,2,0.0009471550249001914,1.9459501359209956,1,1
10.0,26,1,3,0.00044599816562534473,3.823367436357024,1,1
10.0,26,1,4,0.00044600189573048047,3.9467808649507474,1,1
10.0,26,1,5,0.00017570424868315273,2.7757696644224117,1,1
10.0,26,1,6,0.000947155024208964,2.729978779093858,1,1
10.0,26,1,7,0.0004768233495684118,3.4012229444967623,1,1
10.0,26,1,8,0.0005372664035643051,3.372457664111455,1,1
10.0,26,1,9,0.00047682338605772504,3.3577589990106333,1,1
10.0,26,2,0,0.000814901059002157,2.075121101833344,1,1
10.0,26,2,1,0.000814901055918399,2.044384048487449,1,1
10.0,26,2,2,0.0008741679079785784,4.229455915203912,1,1
10.0,26,2,3,0.0004961179661245989,3.957481948847383,1,1
10.0,26,2,4,0.0004961179669795155,4.842614413249316,1,1
10.0,26,2,5,0.00026270296362835286,6.100684656293347,1,1
10.0,26,2,6,0.0002626553030360276,6.285947140930799,1,1
10.0,26,2,7,0.0008149010552719511,2.005384470576078,1,1
10.0,26,2,8,0.0015469041161221492,1.1337311541117454,1,1
10.0,26,2,9,0.0008149010523087198,2.0570010430050427,1,1
10.0,27,0,0,0.0003828409679110175,3.222630990562858,1,1
10.0,27,0,1,0.0005023333570504158,3.8569191835786825,1,1
10.0,27,0,2,0.0004504870463661292,3.851309717077995,1,1
10.0,27,0,3,0.008306298811588491,2.8338428887373217,1,1
10.0,27,0,4,0.0005569878980680402,3.173753613380484,1,1
10.0,27,0,5,0.0005023333575642839,3.77238451894007,1,1
10.0,27,0,6,0.27760302170487067,2.642977592319832,1,1
10.0,27,0,7,0.00045048704528699986,4.0501382186641575,1,1
10.0,27,0,8,0.00830628871924574,3.2356833269625533,1,1
10.0,27,0,9,0.0038486721834167705,1.688683511716784,1,1
10.0,27,1,0,0.0002786014170645879,6.44172067145056,1,1
10.0,27,1,1,0.7689473055070752,1.1100109998139824,1,1
10.0,27,1,2,0.006230526430341992,1.645323166791708,1,1
10.0,27,1,3,0.00027860200817919926,9.272970179512136,1,1
10.0,27,1,4,0.00027860414073193327,8.515045695947547,1,1
10.0,27,1,5,0.0016694361530879822,2.778293133818863,1,1
10.0,27,1,6,0.00027860201768476335,8.58032167598439,1,1
10.0,27,1,7,0.7689473055105372,1.5656830607655499,1,1
10.0,27,1,8,0.006230526430330322,1.5567072749317397,1,1
10.0,27,1,9,0.7689473049674047,2.4417425989898116,1,1
10.0,27,2,0,0.0008733501589787418,5.187214835776112,1,1
10.0,27,2,1,9.447692454698919e-05,7.193791642258351,1,1
10.0,27,2,2,0.11830720690839464,0.7249587787041815,1,1
10.0,27,2,3,0.0005980102973786683,5.962046773322342,1,1
10.0,27,2,4,0.49895454244044907,1.4829584309115227,1,1
10.0,27,2,5,0.4141499954539919,5.853758158528811e-05,1,1
10.0,27,2,6,0.01624378482739307,1.9694281134193414,1,1
10.0,27,2,7,9.447635473601386e-05,5.4083734757880855,1,1
10.0,27,2,8,9.447652621707272e-05,5.393992469821151,1,1
10.0,27,2,9,0.0007240794551254222,4.891437966575389,1,1
10.0,28,0,0,0.00021108128839576978,3.4226664459558958,1,1
10.0,28,0,1,0.0017642671004003125,1.4206190063865511,1,1
10.0,28,0,2,0.00042582268219560205,3.7098544682000196,1,1
10.0,28,0,3,0.0006871958681225965,2.55162111268103,1,1
10.0,28,0,4,0.00042574794492462507,3.710381970866014,1,1
10.0,28,0,5,0.0005820750885835062,3.2756685240217376,1,1
10.0,28,0,6,0.000582076376652015,3.343306210638096,1,1
10.0,28,0,7,0.0023337116033380076,0.8387877326378376,1,1
10.0,28,0,8,0.0005820756637889701,3.2881496136938386,1,1
10.0,28,0,9,0.0006871958619014979,3.016858609309198,1,1
10.0,28,1,0,0.000914850711517114,2.1628546767392676,1,1
10.0,28,1,1,0.0011876126829321358,1.4463929323145324,1,1
10.0,28,1,2,0.0011876126887965402,1.9331787285689621,1,1
10.0,28,1,3,0.00020707271229331893,3.6745615497212993,1,1
10.0,28,1,4,0.0005828094305226088,2.786803102937296,1,1
10.0,28,1,5,0.0011876126836569089,1.499488515749747,1,1
10.0,28,1,6,0.0010111207718733744,1.8367621638230704,1,1
10.0,28,1,7,0.0014894821911105216,1.5002567376607094,1,1
10.0,28,1,8,0.00020707255266517015,2.954826486890319,1,1
10.0,28,1,9,0.00017556726248663777,3.0498964470356897,1,1
10.0,28,2,0,0.0016112485154500175,2.4538254868664886,1,1
10.0,28,2,1,0.6603136350187809,1.8376266722779526,1,1
10.0,28,2,2,1.4630122878405194,8.822696497972411e-07,1,1
10.0,28,2,3,0.00045413023665907083,4.695818704053957,1,1
10.0,28,2,4,0.0004541302349138768,4.878564857225119,1,1
10.0,28,2,5,0.0004541302347643593,4.76844126407987,1,1
10.0,28,2,6,0.0003032237924700257,2.5033011150022473,1,1
10.0,28,2,7,0.0004348546719725531,3.572916506171659,1,1
10.0,28,2,8,0.6603136349556161,1.9975135828421136,1,1
10.0,28,2,9,1.4630122878424328,0.2840766000629602,1,1
10.0,29,0,0,0.00035898093549845584,3.988990581598819,1,1
10.0,29,0,1,0.0003589810221040544,4.257452256941316,1,1
10.0,29,0,2,0.0003155979041839753,2.093283614262657,1,1
10.0,29,0,3,0.3789766439255054,0.046255613630918645,1,1
10.0,29,0,4,0.003613683989305067,1.8100649917032186,1,1
10.0,29,0,5,0.012151738951011355,0.3324862714757134,1,1
10.0,29,0,6,0.0006605954443190793,2.453074082952789,1,1
10.0,29,0,7,0.0006605956100948305,2.572915784171973,1,1
10.0,29,0,8,0.01215174443825721,0.14970682552768283,1,1
10.0,29,0,9,0.00020200189272172106,3.958769021009619,1,1
10.0,29,1,0,0.0004401289894740313,4.331780273914265,1,1
10.0,29,1,1,0.0016837541471278355,1.022224199117399,1,1
10.0,29,1,2,0.0002343508779909528,1.9995839350860622,1,1
10.0,29,1,3,0.0004954752279056541,3.769596419677062,1,1
10.0,29,1,4,0.0011815187226376451,1.7575268309022076,1,1
10.0,29,1,5,0.0012240354890255642,1.4086170669783369,1,1
10.0,29,1,6,0.00012273720289397494,4.425092183497694,1,1
10.0,29,1,7,0.00012273547447375698,4.40269201725227,1,1
10.0,29,1,8,0.0011815187207427015,2.0355672608189623,1,1
10.0,29,1,9,0.00012273602173955877,4.412303857972797,1,1
10.0,29,2,0,0.00010475769561899069,5.286463820326038,1,1
10.0,29,2,1,0.0007856599306616808,2.221621499757237,1,1
10.0,29,2,2,0.0007569012122245569,2.952155155549401,1,1
10.0,29,2,3,0.0007856599349893903,2.2089108132394912,1,1
10.0,29,2,4,0.0008750219469187277,1.8586590622076373,1,1
10.0,29,2,5,0.0001047573614969354,5.277017708248676,1,1
10.0,29,2,6,0.0007569012134264241,2.622752918990549,1,1
10.0,29,2,7,0.0010891060932812586,1.640933271999701,1,1
10.0,29,2,8,0.0007569012136975471,2.9393649450881525,1,1
10.0,29,2,9,0.001089106093251547,1.8859434657067253,1,1
10.0,30,0,0,3.4442182677662707,3.2880933769870776e-05,1,1
10.0,30,0,1,0.0011091145707220764,3.051204345676487,1,1
10.0,30,0,2,0.0004986015393797938,5.145267077236508,1,1
10.0,30,0,3,0.00046417632649192194,4.410846889334855,1,1
10.0,30,0,4,3.143952139188466,2.497301852741714,1,1
10.0,30,0,5,0.001109111739740453,2.8652511440171975,1,1
10.0,30,0,6,0.0004637201140144506,4.800712528815685,1,1
10.0,30,0,7,3.187955487760806,1.3361399320955514,1,1
10.0,30,0,8,0.0004381070066059884,3.8226249556603675,1,1
10.0,30,0,9,0.00043810909797464885,3.785348152425442,1,1
10.0,30,1,0,0.0012125062387778203,1.5607869584582337,1,1
10.0,30,1,1,0.001634363620589188,1.387456208633623,1,1
10.0,30,1,2,0.0012125065871515254,2.075011886526099,1,1
10.0,30,1,3,0.0004671126525145827,4.4607573389318675,1,1
10.0,30,1,4,0.0016842967975424826,1.453177525285385,1,1
10.0,30,1,5,0.0003199835997245422,2.071307925446809,1,1
10.0,30,1,6,0.00046711258242886815,4.462614798320738,1,1
10.0,30,1,7,0.00031998358988393556,2.060639654347286,1,1
10.0,30,1,8,0.0005178670090793518,1.1781739860918343,1,1
10.0,30,1,9,0.000554490650628829,4.332217394434947,1,1
10.0,30,2,0,0.00024333693391572183,6.525876138449065,1,1
10.0,30,2,1,8.771501306505951e-05,6.475334780721141,1,1
10.0,30,2,2,0.30865325761142615,5.851207757835926,1,1
10.0,30,2,3,0.30865325643081293,6.202318438287548,1,1
10.0,30,2,4,1.5997347589516555,2.382248184392483,1,1
10.0,30,2,5,1.6535446893834842,4.821240843758138e-06,1,1
10.0,30,2,6,0.30865325740836896,5.845938095008889,1,1
10.0,30,2,7,8.771638995371258e-05,6.435042566738513,1,1
10.0,30,2,8,1.653544689391265,1.8768049327076298e-06,1,1
10.0,30,2,9,1.6535446893911458,0.00018968714927388586,1,1
10.0,31,0,0,0.0008919065384178383,3.184128697459306,1,1
10.0,31,0,1,0.00017463738032811048,3.2365758886503575,1,1
10.0,31,0,2,0.002168123287382816,1.1713068632560157,1,1
10.0,31,0,3,0.00017463739399372743,3.6452930609108156,1,1
10.0,31,0,4,0.00017463736626010805,3.5269958330562465,1,1
10.0,31,0,5,0.0003379736746984249,4.164966946300893,1,1
10.0,31,0,6,0.0008919065740577725,3.009883405742706,1,1
10.0,31,0,7,0.00012258157453455974,5.086850956299684,1,1
10.0,31,0,8,0.0007250674557379255,2.9396070214715766,1,1
10.0,31,0,9,0.0002896066742210602,2.172614772995781,1,1
10.0,31,1,0,0.00036823663260962617,1.9040636955968675,1,1
10.0,31,1,1,0.0006015761043898173,2.717425993886701,1,1
10.0,31,1,2,0.000823413423822786,2.699683864289058,1,1
10.0,31,1,3,0.0007506614458737377,2.296037546010678,1,1
10.0,31,1,4,0.00034133514683403463,1.9055180394831752,1,1
10.0,31,1,5,0.0007187185082125129,2.499285934952869,1,1
10.0,31,1,6,0.000718719799447755,2.506920986162104,1,1
10.0,31,1,7,0.0007187197994558953,2.465240455272643,1,1
10.0,31,1,8,0.0006015758695827806,2.7214327792863626,1,1
10.0,31,1,9,0.000823413423822786,2.3610941703531467,1,1
10.0,31,2,0,0.00024134389601025236,6.0056011221507175,1,1
10.0,31,2,1,0.0005209625916202892,4.925099901845989,1,1
10.0,31,2,2,0.004316718868999747,1.4864870882189358,1,1
10.0,31,2,3,0.0043167188822888945,1.684185891116787,1,1
10.0,31,2,4,0.0043167188795251105,0.8188379347771406,1,1
10.0,31,2,5,0.008223824215284607,0.2483546610791029,1,1
10.0,31,2,6,8.486338564006898e-05,5.853560090033348,1,1
10.0,31,2,7,0.008223824211186876,0.21427508758743133,1,1
10.0,31,2,8,0.0005209554955942348,4.820118622140454,1,1
10.0,31,2,9,0.0038047531538287203,0.6022640787305089,1,1
10.0,32,0,0,0.0006721462785093735,3.169714177620084,1,1
10.0,32,0,1,0.00024337020532491066,3.1907041968257257,1,1
10.0,32,0,2,0.0005275246925620855,3.1508718028321767,1,1
10.0,32,0,3,0.0009634566867819732,2.1132608598166516,1,1
10.0,32,0,4,0.00031320390064048815,2.126454033063118,1,1
10.0,32,0,5,0.0007757496612270133,2.4102188300490828,1,1
10.0,32,0,6,0.0009634566748872103,1.7806545479998932,1,1
10.0,32,0,7,0.0009990414049835317,2.311278178714916,1,1
10.0,32,0,8,0.0006711643375153453,2.581804558822897,1,1
10.0,32,0,9,0.0005217527954142553,3.4790489840283887,1,1
10.0,32,1,0,0.00033799853185013793,1.928639101574759,1,1
10.0,32,1,1,0.0004639086269305789,4.220796729317219,1,1
10.0,32,1,2,0.00033799855060433697,1.9234925590115324,1,1
10.0,32,1,3,0.0013916883558461426,1.5608129888738336,1,1
10.0,32,1,4,0.000463908795232273,4.24082550979032,1,1
10.0,32,1,5,0.0013916884025024327,1.300117624060266,1,1
10.0,32,1,6,0.00023447982206512843,3.1799561328758976,1,1
10.0,32,1,7,0.0014684597253058899,1.2386328625899683,1,1
10.0,32,1,8,0.0013916883542918455,1.447178443258108,1,1
10.0,32,1,9,0.00046390858467563757,3.8866636541077297,1,1
10.0,32,2,0,0.0019476676213925324,2.995906543516525,1,1
10.0,32,2,1,0.0002633691705590068,3.221504855174922,1,1
10.0,32,2,2,0.0007094859012025851,3.3677815436558665,1,1
10.0,32,2,3,1.7262305579456416,0.6664188159597231,1,1
10.0,32,2,4,2.0675545721677167,0.9617290928104021,1,1
10.0,32,2,5,0.0005947706452862402,4.395127462357319,1,1
10.0,32,2,6,0.0019476677972253393,2.981194123293759,1,1
10.0,32,2,7,2.067554572167717,1.264652383453886,1,1
10.0,32,2,8,0.00026336923969600415,3.331947048800321,1,1
10.0,32,2,9,1.726230557472582,0.9728357996246686,1,1
10.0,33,0,0,0.000311406783422088,5.079331573250071,1,1
10.0,33,0,1,0.00031140681189203957,4.864062951670952,1,1
10.0,33,0,2,0.0003114068130387689,4.720018368092067,1,1
10.0,33,0,3,0.00030819272452335656,3.5700550480561013,1,1
10.0,33,0,4,0.008143747374777698,3.132109519737409,1,1
10.0,33,0,5,0.00030819272526752127,3.4251038655116544,1,1
10.0,33,0,6,0.00031141100107407246,4.604051164950352,1,1
10.0,33,0,7,0.0003081927764791962,3.346781633490581,1,1
10.0,33,0,8,1.466839718372847,1.3998690290171378,1,1
10.0,33,0,9,1.466839718368329,0.9454216320885145,1,1
10.0,33,1,0,0.0038730522738664084,3.427784047246745,1,1
10.0,33,1,1,0.25013276113792693,0.00030307541823059,1,1
10.0,33,1,2,8.403742569854443e-05,6.160952253752118,1,1
10.0,33,1,3,0.003873052005528852,2.495847519101424,1,1
10.0,33,1,4,8.403742258874423e-05,6.134765761065431,1,1
10.0,33,1,5,0.33066805644208547,0.0003801843894378208,1,1
10.0,33,1,6,8.403742542418242e-05,6.19610241296187,1,1
10.0,33,1,7,0.2501327611383252,0.0005043634626466524,1,1
10.0,33,1,8,0.0038730520053870746,4.1820172224309,1,1
10.0,33,1,9,0.00042645705138864273,4.645319965307197,1,1
10.0,33,2,0,0.0005752471320123559,2.6978556417396886,1,1
10.0,33,2,1,0.0006412083422068428,2.4130537237945426,1,1
10.0,33,2,2,0.0006144708429380928,2.374111002411238,1,1
10.0,33,2,3,0.0005752471261662096,2.732500722609849,1,1
10.0,33,2,4,0.00064121340334702,2.640954463167442,1,1
10.0,33,2,5,0.0007555935776323485,3.1092893742313117,1,1
10.0,33,2,6,0.0007610943265094932,2.278757356205547,1,1
10.0,33,2,7,0.0006412087671138859,2.3916979194389474,1,1
10.0,33,2,8,0.0003178634057699871,1.8201490581456234,1,1
10.0,33,2,9,0.0006080723184286325,3.0815969800879652,1,1
10.0,34,0,0,0.0015420739380892948,1.5167560769720294,1,1
10.0,34,0,1,0.0009937018112080712,3.674392282056247,1,1
10.0,34,0,2,0.0003853658779122669,4.027899144087106,1,1
10.0,34,0,3,0.0009937018065487543,3.0716843691083136,1,1
10.0,34,0,4,0.004498764901612075,0.9709264965347082,1,1
10.0,34,0,5,0.0013128792730956677,1.182858621822912,1,1
10.0,34,0,6,0.00044639869643037526,4.06907406213449,1,1
10.0,34,0,7,0.09350089911114098,0.8088108902909681,1,1
10.0,34,0,8,0.0004667641373907278,3.521033190345052,1,1
10.0,34,0,9,0.0005730036672987736,2.3948119973925563,1,1
10.0,34,1,0,0.001234289406926462,1.6530720076127658,1,1
10.0,34,1,1,0.001283945415446048,1.8668274280972557,1,1
10.0,34,1,2,0.0004569063994308907,1.5830730329739258,1,1
10.0,34,1,3,0.0007459578028722112,1.1644506915745705,1,1
10.0,34,1,4,0.0012342893465525945,1.5957898909758885,1,1
10.0,34,1,5,0.0010529124222476184,1.8387570148487342,1,1
10.0,34,1,6,0.0003849516137389713,3.4278107711568335,1,1
10.0,34,1,7,0.000745958025518224,1.5332287790121584,1,1
10.0,34,1,8,0.0003936883269533037,2.9515292727029223,1,1
10.0,34,1,9,0.0004319093550033099,3.5039119419159452,1,1
10.0,34,2,0,0.0010465943476537815,1.9274101715002459,1,1
10.0,34,2,1,0.00033771396275912043,3.028658675389219,1,1
10.0,34,2,2,0.0006717128449667648,2.3998847461655957,1,1
10.0,34,2,3,0.00034931878485867457,1.83000340081421,1,1
10.0,34,2,4,0.0003136780103791785,2.3586386913217217,1,1
10.0,34,2,5,0.0003136783447881262,2.216336976810481,1,1
10.0,34,2,6,0.0006900658049037529,2.531187790720413,1,1
10.0,34,2,7,0.0005549216839108855,2.954109508868495,1,1
10.0,34,2,8,0.00034931878510491694,2.3342377214983587,1,1
10.0,34,2,9,0.00034931878510491694,1.8750097988128607,1,1
10.0,35,0,0,0.00041410419740321914,3.5740345817730566,1,1
10.0,35,0,1,0.000768324301450326,3.0879364087344525,1,1
10.0,35,0,2,0.000412684045072722,4.0976187399722015,1,1
10.0,35,0,3,0.00041410426131567184,3.919195998944367,1,1
10.0,35,0,4,0.16976502378994998,2.7139513611449777,1,1
10.0,35,0,5,0.0008412735083201267,1.8663323096097157,1,1
10.0,35,0,6,0.0004141042582502738,3.9535841954720867,1,1
10.0,35,0,7,0.0007683243536050349,2.4329831939020283,1,1
10.0,35,0,8,0.000841273574233606,1.4597503830825298,1,1
10.0,35,0,9,0.0007843855925441279,2.2692269497431123,1,1
10.0,35,1,0,0.6139404835370078,1.249848559625407,1,1
10.0,35,1,1,0.6980487935366206,3.1086076694319487,1,1
10.0,35,1,2,0.6139404831247123,1.208622767074315,1,1
10.0,35,1,3,0.0005699643911721304,3.756256618867308,1,1
10.0,35,1,4,0.0005466801330712287,2.3752795710632335,1,1
10.0,35,1,5,0.0002658075495342389,4.7786516193538136,1,1
10.0,35,1,6,0.00026580802937619703,5.469666568970859,1,1
10.0,35,1,7,0.0002675112960352191,5.3478016712134,1,1
10.0,35,1,8,0.6139404831274107,1.2624819097116133,1,1
10.0,35,1,9,0.9876726131463617,8.924720729449122e-06,1,1
10.0,35,2,0,0.0004950516354773178,3.561272518128375,1,1
10.0,35,2,1,0.0012295990155118007,1.5321502073747568,1,1
10.0,35,2,2,0.0004950516865883417,3.6223314680045546,1,1
10.0,35,2,3,0.0004950596532879876,3.6250992614651647,1,1
10.0,35,2,4,0.0014815576914168874,1.8535895399483422,1,1
10.0,35,2,5,0.0005720169804052415,3.31837457292305,1,1
10.0,35,2,6,0.0012295989988953082,1.5332818088266427,1,1
10.0,35,2,7,0.0018823183970870891,1.4876020465397508,1,1
10.0,35,2,8,0.0012295990134298758,1.865907684973174,1,1
10.0,35,2,9,0.000500713997227483,4.010734780712723,1,1
10.0,36,0,0,0.0003842870017498427,4.073805081179826,1,1
10.0,36,0,1,0.00042871908838377863,3.663995458080109,1,1
10.0,36,0,2,0.0009289506148118594,2.6538196555727955,1,1
10.0,36,0,3,0.0010439744930768025,1.7929850903634086,1,1
10.0,36,0,4,0.0009289503297134535,2.6646086002325946,1,1
10.0,36,0,5,0.0003279651744210918,4.308896621346032,1,1
10.0,36,0,6,0.0005858261987531193,2.540111838361366,1,1
10.0,36,0,7,0.0004348817361751181,2.3837997028152884,1,1
10.0,36,0,8,0.0016975373871849799,1.051156900457643,1,1
10.0,36,0,9,0.0003007472807723938,4.803057381924285,1,1
10.0,36,1,0,0.0003707957926618699,4.339622939049457,1,1
10.0,36,1,1,0.0012761533270746258,1.2899034052094056,1,1
10.0,36,1,2,0.0008516413709815445,3.00687778068908,1,1
10.0,36,1,3,0.0004846231689397563,3.1532079910904454,1,1
10.0,36,1,4,0.0016236694488058752,1.302100897913433,1,1
10.0,36,1,5,0.0016236667274501329,1.1285261143646692,1,1
10.0,36,1,6,0.0007463481116673407,3.059185122709479,1,1
10.0,36,1,7,0.0007850874015133348,2.280767245816805,1,1
10.0,36,1,8,0.0016236674351794013,1.2779587380778101,1,1
10.0,36,1,9,0.0008516413524453261,2.858508778720353,1,1
10.0,36,2,0,0.00046996282901264633,3.1863882425764074,1,1
10.0,36,2,1,0.0007258124481437243,2.7780589820497523,1,1
10.0,36,2,2,0.00022251732886282525,3.424956970800827,1,1
10.0,36,2,3,0.0001583091037687598,3.1051775775470136,1,1
10.0,36,2,4,0.00015830910355050018,3.0712876984087654,1,1
10.0,36,2,5,0.0006681433819999455,1.3515978814645782,1,1
10.0,36,2,6,0.0007258130317220685,2.439959998253528,1,1
10.0,36,2,7,0.000715859196964553,2.3238914635339927,1,1
10.0,36,2,8,0.00046996303499786496,3.5875209430962562,1,1
10.0,36,2,9,0.00046991553026162557,3.4633575242691825,1,1
10.0,37,0,0,0.00035663639868232475,3.2186145684512524,1,1
10.0,37,0,1,0.00027540253005249626,4.118606412014871,1,1
10.0,37,0,2,0.00023506651189517916,4.114803512386575,1,1
10.0,37,0,3,0.0006487645913117762,3.850318842036061,1,1
10.0,37,0,4,0.00042166512725178056,4.051500732827624,1,1
10.0,37,0,5,0.0006487756340291576,3.9797169170566487,1,1
10.0,37,0,6,0.0008902387031829206,1.9713073203900322,1,1
10.0,37,0,7,0.0013286259439411498,1.3273094604663944,1,1
10.0,37,0,8,0.0002350665083531113,4.117000609090435,1,1
10.0,37,0,9,0.0013304489886155077,1.3111942857969312,1,1
10.0,37,1,0,0.005428048831531862,0.5752550692720235,1,1
10.0,37,1,1,0.00045363676299724383,5.465371984705965,1,1
10.0,37,1,2,0.00045958727318378366,5.358913572036265,1,1
10.0,37,1,3,0.00045362001621284764,4.119163839566749,1,1
10.0,37,1,4,0.005700694578973802,0.8625657720104015,1,1
10.0,37,1,5,0.0004595869102791832,5.0944586336028435,1,1
10.0,37,1,6,0.004302004957865774,0.1716165053984195,1,1
10.0,37,1,7,0.0004536368103785624,4.533551773709615,1,1
10.0,37,1,8,0.005700694578937002,1.753369206200265,1,1
10.0,37,1,9,0.0004595870188170368,5.147426149733223,1,1
10.0,37,2,0,0.027215719051151926,0.09238570000334265,1,1
10.0,37,2,1,0.00035105235743197846,4.625589004328569,1,1
10.0,37,2,2,0.008680031282303508,1.6108478577147725,1,1
10.0,37,2,3,0.027215723183944957,0.6132492310104317,1,1
10.0,37,2,4,0.0003510410762281984,4.115750994622779,1,1
10.0,37,2,5,0.0009787523203428684,1.7107096963391035,1,1
10.0,37,2,6,0.0003510521751475611,4.134237792292333,1,1
10.0,37,2,7,0.00035105155192697614,3.9938253869063383,1,1
10.0,37,2,8,0.008680029022350015,1.1601714498199458,1,1
10.0,37,2,9,0.008680029034808268,1.632049675350137,1,1
10.0,38,0,0,1.5606231800911876,3.599583805964866e-07,1,1
10.0,38,0,1,7.440171214360012e-05,7.795203597128097,1,1
10.0,38,0,2,0.00017886596724597128,8.381856320318589,1,1
10.0,38,0,3,1.56062318009131,6.496294980627825e-06,1,1
10.0,38,0,4,0.0004905275250679187,7.311421871622958,1,1
10.0,38,0,5,0.0004905275326862996,6.592156625427699,1,1
10.0,38,0,6,0.0001788594687391403,8.415387263424625,1,1
10.0,38,0,7,7.716199187420505e-05,6.638505752118029,1,1
10.0,38,0,8,7.71621014203862e-05,6.507602857963235,1,1
10.0,38,0,9,1.5606231800912367,0.36026831707543694,1,1
10.0,38,1,0,0.0010919198934580476,1.7139569115730415,1,1
10.0,38,1,1,0.0006114909951729705,3.8949911327339715,1,1
10.0,38,1,2,0.00038103496185974445,1.675281623388642,1,1
10.0,38,1,3,0.00038915655569116624,3.7510810153110072,1,1
10.0,38,1,4,0.0003810349618177944,1.69366141639608,1,1
10.0,38,1,5,0.0010919198953137784,1.6250142305965025,1,1
10.0,38,1,6,0.0003891567542211203,3.781766584758429,1,1
10.0,38,1,7,0.00044267979409004114,3.715371735775018,1,1
10.0,38,1,8,0.0003810353009933358,1.9553451771250367,1,1
10.0,38,1,9,0.0006114900151481937,3.7491914484262985,1,1
10.0,38,2,0,0.0007520624702458699,3.8670393101815748,1,1
10.0,38,2,1,0.0002880458124382251,2.260958145572021,1,1
10.0,38,2,2,0.0012078953071200907,2.0048149699185824,1,1
10.0,38,2,3,0.0004246774820618992,3.9502343323565245,1,1
10.0,38,2,4,0.0016397954804670317,2.9428940364878478,1,1
10.0,38,2,5,0.0007520619231029919,3.9922438398229994,1,1
10.0,38,2,6,0.0016397606797166624,2.8140715277349586,1,1
10.0,38,2,7,0.00042457560309314395,3.945460426033983,1,1
10.0,38,2,8,0.00031887190375066467,1.943891565119518,1,1
10.0,38,2,9,0.0003188718977247354,1.8760477318447544,1,1
10.0,39,0,0,0.001411627229765582,2.9909857126226744,1,1
10.0,39,0,1,0.0014116272328410996,3.20264549742015,1,1
10.0,39,0,2,0.0003531662427830447,4.3073435112836425,1,1
10.0,39,0,3,0.004243045711922006,0.523544173204505,1,1
10.0,39,0,4,0.000948482231781607,4.506273434234095,1,1
10.0,39,0,5,0.0014116271854380915,3.5108656677187113,1,1
10.0,39,0,6,0.0009484822321247454,4.081710448366793,1,1
10.0,39,0,7,0.0009484820438249805,4.470356694106748,1,1
10.0,39,0,8,0.00033241086958914776,4.921799005796991,1,1
10.0,39,0,9,0.00141162723160147,3.6230094106782844,1,1
10.0,39,1,0,0.0004200867518950492,3.527839153251975,1,1
10.0,39,1,1,0.0004032661166537893,3.7558556724502137,1,1
10.0,39,1,2,0.0005008720126399874,3.3169431489710006,1,1
10.0,39,1,3,0.0019858522073854354,0.9380951139077361,1,1
10.0,39,1,4,0.00040326793770740496,3.537397742223259,1,1
10.0,39,1,5,0.001985835442898695,1.0686607201764415,1,1
10.0,39,1,6,0.0010061617733037704,1.9964419231466468,1,1
10.0,39,1,7,0.0010061617727838014,2.2733642776296215,1,1
10.0,39,1,8,0.0012712318350285704,1.582219049468023,1,1
10.0,39,1,9,0.0006222804949856712,2.7943743942730968,1,1
10.0,39,2,0,0.001237105626864426,1.518473695166479,1,1
10.0,39,2,1,0.001237103208153383,1.5034245342051884,1,1
10.0,39,2,2,0.2073447657641698,0.8317520967825743,1,1
10.0,39,2,3,0.0007021039717185073,7.055266481463023,1,1
10.0,39,2,4,0.002357452542216204,2.2864847775369954,1,1
10.0,39,2,5,0.00132883743498427,1.3828963126741831,1,1
10.0,39,2,6,0.0013288573567342454,1.385482714699974,1,1
10.0,39,2,7,0.0002916556449433947,5.999402844428877,1,1
10.0,39,2,8,0.0012371057623122364,1.4985808918014323,1,1
10.0,39,2,9,0.002357452220928032,1.822809136901014,1,1
10.0,40,0,0,0.0003648459843173549,10.543565401778627,1,1
10.0,40,0,1,2.3156996584183847,0.5673476524253005,1,1
10.0,40,0,2,1.21356662458682,1.8557834175667691,1,1
10.0,40,0,3,2.3382479331859543,1.0852246732229721e-06,1,1
10.0,40,0,4,0.0003648459896556186,10.725419118608977,1,1
10.0,40,0,5,2.3156996584420346,0.45863252771174084,1,1
10.0,40,0,6,0.00010749696320728891,10.287396700113693,1,1
10.0,40,0,7,1.9989706272700896,0.0009332598932853636,1,1
10.0,40,0,8,0.00036513741891228764,6.981876104370737,1,1
10.0,40,0,9,2.3156996610764624,0.3417827463979836,1,1
10.0,40,1,0,0.0008311480288040388,2.0074275397718546,1,1
10.0,40,1,1,0.0007109562853483754,2.55910724343541,1,1
10.0,40,1,2,0.0008264028110466165,2.1858777267355487,1,1
10.0,40,1,3,0.0007429262321044009,2.326147329136163,1,1
10.0,40,1,4,0.0009924081748939424,1.7645577904057894,1,1
10.0,40,1,5,0.0007093947104258059,2.6737234795477907,1,1
10.0,40,1,6,0.0005996369979829801,2.6701464655946836,1,1
10.0,40,1,7,0.0008264058076609232,2.4733000395901237,1,1
10.0,40,1,8,0.0007109682000282548,2.2783585768793406,1,1
10.0,40,1,9,0.0009924081732377373,2.047616935607424,1,1
10.0,40,2,0,0.0007368029129119321,2.765848035653381,1,1
10.0,40,2,1,0.0005082824976823819,3.288684990274323,1,1
10.0,40,2,2,0.0005224672262388946,3.487074743797912,1,1
10.0,40,2,3,0.0007368036018122136,2.4129982422406733,1,1
10.0,40,2,4,0.0005224662500180987,3.2324355300210423,1,1
10.0,40,2,5,0.00031344808000319116,1.917602308681883,1,1
10.0,40,2,6,0.001004830029601864,1.876424948705543,1,1
10.0,40,2,7,0.0007368036395156535,2.927283328230759,1,1
10.0,40,2,8,0.0004754109499757065,3.2948794126385255,1,1
10.0,40,2,9,0.0007354945735770277,2.315650183374488,1,1
10.0,41,0,0,0.00021458643702008934,7.33845503347465,1,1
10.0,41,0,1,0.00013496758830987867,4.391756904276833,1,1
10.0,41,0,2,0.5564656955359658,0.0015335596391027558,1,1
10.0,41,0,3,0.6800861898623506,2.3603273298275123,1,1
10.0,41,0,4,0.00013496760319618703,7.90360577138034,1,1
10.0,41,0,5,0.018448455948437317,3.558960947856455,1,1
10.0,41,0,6,0.018448455952259264,3.531386727574542,1,1
10.0,41,0,7,0.0016013404948988787,0.9538566913712965,1,1
10.0,41,0,8,0.000134967586933619,8.002249707650504,1,1
10.0,41,0,9,0.6800861898623913,1.3155907824202495,1,1
10.0,41,1,0,0.0017017441742074942,1.2772109196809915,1,1
10.0,41,1,1,0.001390887870656612,2.8958135058240626,1,1
10.0,41,1,2,0.005349131280141655,0.6197803319795949,1,1
10.0,41,1,3,0.0004976256122037463,3.782189106296273,1,1
10.0,41,1,4,0.005849519894672455,0.31350490721152613,1,1
10.0,41,1,5,0.0053491310607421795,0.5237596478650329,1,1
10.0,41,1,6,0.0013908878694154395,2.63720861797821,1,1
10.0,41,1,7,0.0003561783535885204,2.0524596488581666,1,1
10.0,41,1,8,0.0004976257096269607,4.262993945645438,1,1
10.0,41,1,9,0.0006545765935853895,0.9791251203076329,1,1
10.0,41,2,0,0.0004149932557346269,5.493716774058967,1,1
10.0,41,2,1,0.00041499324215968657,5.324260515408139,1,1
10.0,41,2,2,0.0015491113566539069,5.255471730986566,1,1
10.0,41,2,3,0.017319196040750683,1.8715658217949924,1,1
10.0,41,2,4,0.002931579317320688,1.7076401096775309,1,1
10.0,41,2,5,0.00015954764020993304,5.618873865381236,1,1
10.0,41,2,6,0.00039697550411385443,5.6934589113883,1,1
10.0,41,2,7,0.0005145184134933693,4.6193362323680685,1,1
10.0,41,2,8,0.0003969754650413729,5.697769148556523,1,1
10.0,41,2,9,0.0004149932054442112,5.516672894829944,1,1
10.0,42,0,0,0.2325210642852296,1.2800259058992003,1,1
10.0,42,0,1,0.0013593691185334981,1.623543765120055,1,1
10.0,42,0,2,0.00036837286765711174,4.192014589978207,1,1
10.0,42,0,3,0.8072206270381879,0.7472092993163214,1,1
10.0,42,0,4,0.2325210642852535,1.619238409242643,1,1
10.0,42,0,5,0.0003827530596487602,4.178192000492169,1,1
10.0,42,0,6,0.0010865735832021172,2.7790167335451788,1,1
10.0,42,0,7,0.0003828834395157593,3.7582366229841244,1,1
10.0,42,0,8,0.00047731155597157483,3.1949733527672115,1,1
10.0,42,0,9,0.00029293474810492215,3.697809354463765,1,1
10.0,42,1,0,0.0013187583544108632,1.4222649198751378,1,1
10.0,42,1,1,0.00015886363179722077,3.324994275377436,1,1
10.0,42,1,2,0.001549779252425079,1.2885140190539086,1,1
10.0,42,1,3,0.0005712324643283962,3.6500657745629344,1,1
10.0,42,1,4,0.0005509813685912143,2.772120109024607,1,1
10.0,42,1,5,0.0006389426544063026,3.5639430502701694,1,1
10.0,42,1,6,0.0015497786034220885,1.2008309817700318,1,1
10.0,42,1,7,0.0008663091629724369,2.2897173147624508,1,1
10.0,42,1,8,0.0008663091440984016,2.906245579783656,1,1
10.0,42,1,9,0.0005712316775418625,3.6151334330675815,1,1
10.0,42,2,0,0.0004022504310923977,2.8984671540224265,1,1
10.0,42,2,1,0.012828758451292135,1.9059861639038012,1,1
10.0,42,2,2,0.00011521322885274978,4.785133809005462,1,1
10.0,42,2,3,0.012828758451910352,1.9595731633779292,1,1
10.0,42,2,4,0.18193241223338277,1.0620021566967586e-05,1,1
10.0,42,2,5,0.002376819439914378,1.0044507552536301,1,1
10.0,42,2,6,0.0001152132295413442,6.1999273669413695,1,1
10.0,42,2,7,0.000343718076004517,4.692154081253997,1,1
10.0,42,2,8,0.00175902032707258,2.842192908422666,1,1
10.0,42,2,9,0.0003437197650004598,4.599494028436431,1,1
10.0,43,0,0,0.0003997132363230552,4.3915120349455705,1,1
10.0,43,0,1,0.0006653242534042505,2.424483010707098,1,1
10.0,43,0,2,0.000445316573126388,3.798573197530482,1,1
10.0,43,0,3,0.0001615156732950024,4.341322723695876,1,1
10.0,43,0,4,0.0006571018485681375,2.956010560796468,1,1
10.0,43,0,5,0.00039971863444504573,4.392482472549865,1,1
10.0,43,0,6,0.00039971686185073064,4.349894441670169,1,1
10.0,43,0,7,0.0008682216888487522,1.9897422794730506,1,1
10.0,43,0,8,0.00029977269677678716,2.5326711006053557,1,1
10.0,43,0,9,0.0008782113632247518,2.142663445403615,1,1
10.0,43,1,0,2.606109623873453,0.4493274936290367,1,1
10.0,43,1,1,3.1627884347141997,6.579837021986146e-07,1,1
10.0,43,1,2,0.00036792399413797787,4.887957637449792,1,1
10.0,43,1,3,0.13040368854739773,1.777729137131217,1,1
10.0,43,1,4,0.0004424831324422184,3.7160079452437516,1,1
10.0,43,1,5,2.2178902868199533,1.2375725459807743,1,1
10.0,43,1,6,0.0004424831326329554,4.189112051250567,1,1
10.0,43,1,7,0.13040368855191967,1.8482532954146647,1,1
10.0,43,1,8,0.001143656173653167,2.5238659658720555,1,1
10.0,43,1,9,2.2178902797647737,1.4542848965014228,1,1
10.0,43,2,0,3.8391982732077494,3.9296245354004506,1,1
10.0,43,2,1,3.8391982731611964,6.924828143902087,1,1
10.0,43,2,2,3.8391982731624252,4.539696506785286,1,1
10.0,43,2,3,0.0001549805771660359,8.334593096423795,1,1
10.0,43,2,4,0.00015498057709427656,8.374374667552118,1,1
10.0,43,2,5,0.00014350604612135321,8.054853284545361,1,1
10.0,43,2,6,3.8391982731611964,7.195982472960372,1,1
10.0,43,2,7,0.0001435060470933145,8.048405199013159,1,1
10.0,43,2,8,0.00015498055798143036,8.311364910531562,1,1
10.0,43,2,9,0.9641472837932107,7.349113095280506e-05,1,1
10.0,44,0,0,0.00029561317541832496,4.852669169727446,1,1
10.0,44,0,1,0.0010613909624617702,1.6264942472882264,1,1
10.0,44,0,2,0.001180809164692963,1.50142014688903,1,1
10.0,44,0,3,0.0012654616637144418,1.5629132680758786,1,1
10.0,44,0,4,0.001180809164585873,1.501535911883407,1,1
10.0,44,0,5,0.0003465640095028998,4.548775542210471,1,1
10.0,44,0,6,0.000295613178029197,4.853057007468422,1,1
10.0,44,0,7,0.0005080465381609778,4.122884473421208,1,1
10.0,44,0,8,0.0002998815065196008,3.789148363417663,1,1
10.0,44,0,9,0.000735581215218008,3.734452687498874,1,1
10.0,44,1,0,0.0017154037173980426,3.2986754981835653,1,1
10.0,44,1,1,0.0002381326571280373,6.084649878883031,1,1
10.0,44,1,2,0.0004921911524479562,4.199469738618836,1,1
10.0,44,1,3,0.0010036469104374082,2.9569579263994052,1,1
10.0,44,1,4,0.006880378340413072,0.38448782084733035,1,1
10.0,44,1,5,0.006880378340413072,0.4070545305048105,1,1
10.0,44,1,6,0.0010036474068727697,3.9099592168676893,1,1
10.0,44,1,7,0.001715403717375667,0.8994676192259866,1,1
10.0,44,1,8,0.004682488664956726,0.9082981199440305,1,1
10.0,44,1,9,0.006880378340413072,0.4233137902703933,1,1
10.0,44,2,0,0.0006991730494227464,3.5363072550016508,1,1
10.0,44,2,1,0.0023140547615472904,3.079347633984436,1,1
10.0,44,2,2,0.0002976334707978291,4.909575366360859,1,1
10.0,44,2,3,0.00026633581916644456,5.089758700341909,1,1
10.0,44,2,4,0.0006991730512886444,3.4244078591088396,1,1
10.0,44,2,5,0.00029763352429706947,5.1480849695491315,1,1
10.0,44,2,6,0.0006991729537783261,3.122245424687642,1,1
10.0,44,2,7,0.000298890280475077,4.88398102101642,1,1
10.0,44,2,8,0.0006991736204429562,3.0803531432317643,1,1
10.0,44,2,9,0.006824746784917008,0.24165361343447084,1,1
10.0,45,0,0,0.0003512323763478404,4.521884222866177,1,1
10.0,45,0,1,0.00029353985101782256,5.110380052382394,1,1
10.0,45,0,2,0.0010167291191734839,1.648477867354144,1,1
10.0,45,0,3,0.0012639380487762283,1.5633521667431785,1,1
10.0,45,0,4,0.0014510504389783812,1.709906625674572,1,1
10.0,45,0,5,0.000585583012475087,4.482776875750003,1,1
10.0,45,0,6,0.0005855829971331964,4.4652929994217745,1,1
10.0,45,0,7,0.0010167278980047953,1.531065381753074,1,1
10.0,45,0,8,0.0002935143381928913,5.03891200022032,1,1
10.0,45,0,9,0.0005702604491738846,4.076972824974454,1,1
10.0,45,1,0,0.0006277051138576842,2.1962429795023413,1,1
10.0,45,1,1,0.0011979614834052204,1.98175715372425,1,1
10.0,45,1,2,0.00018919000404033038,3.281123295861728,1,1
10.0,45,1,3,0.0011979626367958542,1.563428007754545,1,1
10.0,45,1,4,0.0006277041873954594,3.1973864881818614,1,1
10.0,45,1,5,0.0003928301881420716,4.383167189496827,1,1
10.0,45,1,6,0.001197962636596842,1.9159879704109435,1,1
10.0,45,1,7,0.002215394802692032,1.0725856791702295,1,1
10.0,45,1,8,0.00018919055897631925,3.2590732259919424,1,1
10.0,45,1,9,0.0003928301889945202,4.199358953448865,1,1
10.0,45,2,0,0.0008109761480087642,2.4908315216723023,1,1
10.0,45,2,1,0.00046535402887241375,3.5583982823764413,1,1
10.0,45,2,2,0.0005916097607139283,3.002645396344982,1,1
10.0,45,2,3,0.0001841397955320708,3.6225850202125724,1,1
10.0,45,2,4,0.0005916097626109978,2.5979394793937467,1,1
10.0,45,2,5,0.0008109742744549176,2.2058559048846136,1,1
10.0,45,2,6,0.00018413979542592385,3.5661419352912955,1,1
10.0,45,2,7,0.0005726375050402651,3.929017088254119,1,1
10.0,45,2,8,0.0004653752575303191,3.5322380005502465,1,1
10.0,45,2,9,0.0008109761490291389,2.3135372490859942,1,1
10.0,46,0,0,1.7410685842403235,4.684599358654224,1,1
10.0,46,0,1,1.741068583370656,5.621480775875072,1,1
10.0,46,0,2,1.741068584194938,6.474991197700955,1,1
10.0,46,0,3,0.00013583370377483254,5.647242603014971,1,1
10.0,46,0,4,0.00013583408864010252,6.865316893173801,1,1
10.0,46,0,5,1.7410685833813881,6.041030588133956,1,1
10.0,46,0,6,0.0010573388032587732,3.8872919875960372,1,1
10.0,46,0,7,1.9066576754727664,1.1562779213154413e-06,1,1
10.0,46,0,8,0.00019375866287961544,6.909462843450617,1,1
10.0,46,0,9,0.0001947035428236609,7.297011538696404,1,1
10.0,46,1,0,0.0011933614694122417,2.5523415839505708,1,1
10.0,46,1,1,0.0011985344475791283,5.070617006835601,1,1
10.0,46,1,2,0.0002950262403968445,4.864744956945897,1,1
10.0,46,1,3,0.0007122298902623608,3.7344684099646823,1,1
10.0,46,1,4,0.0011985380584490868,5.13825851692388,1,1
10.0,46,1,5,0.00119853864210721,4.303155385274852,1,1
10.0,46,1,6,0.0011933614731464216,1.5846907921840638,1,1
10.0,46,1,7,0.008886801620347553,0.4849825800029884,1,1
10.0,46,1,8,0.008886806458860644,0.33917645976506317,1,1
10.0,46,1,9,0.00477149967383543,0.8804912994359051,1,1
10.0,46,2,0,0.0026352652181282398,0.8071748476437909,1,1
10.0,46,2,1,0.0003733441105615514,6.6850423477211205,1,1
10.0,46,2,2,0.0008122188496775262,2.13117120702115,1,1
10.0,46,2,3,0.0025199384683795107,1.606324517485118,1,1
10.0,46,2,4,0.00037335683991527354,6.391613963122428,1,1
10.0,46,2,5,0.0003564804363935935,7.26522181205125,1,1
10.0,46,2,6,0.002569687574610237,2.4803537758644922,1,1
10.0,46,2,7,0.0003564669106295195,5.212009062093354,1,1
10.0,46,2,8,0.0003564671594333487,7.1702189060639965,1,1
10.0,46,2,9,0.00010806004470652267,7.589823975415581,1,1
10.0,47,0,0,0.0003289945355580792,3.055523978071801,1,1
10.0,47,0,1,0.0004578899033533391,4.673285321796755,1,1
10.0,47,0,2,0.0003289943250055239,3.5092544037204694,1,1
10.0,47,0,3,0.00045788988095883855,4.662603354960488,1,1
10.0,47,0,4,0.0005797028494756758,2.7895997879239633,1,1
10.0,47,0,5,0.0016720394454476139,1.5672374440550152,1,1
10.0,47,0,6,0.00045788991199957385,3.603678590248421,1,1
10.0,47,0,7,8.753685521205158e-05,5.73120071742697,1,1
10.0,47,0,8,0.0004578898252353468,3.9962025872187645,1,1
10.0,47,0,9,0.00031319182094331294,4.7390664472389785,1,1
10.0,47,1,0,0.00034665062552681155,4.510289260697031,1,1
10.0,47,1,1,0.001333420733106252,1.50019445468011,1,1
10.0,47,1,2,0.00031836181529009745,4.627046677078539,1,1
10.0,47,1,3,0.0004586429163157526,4.049327976666117,1,1
10.0,47,1,4,0.00036560088419654703,2.3528603733744453,1,1
10.0,47,1,5,0.0004586429947505686,4.277424356387556,1,1
10.0,47,1,6,0.0003183671588954359,4.62478189833662,1,1
10.0,47,1,7,0.0005623077928091871,3.114758670487282,1,1
10.0,47,1,8,0.0014102444174326101,1.6901163306462963,1,1
10.0,47,1,9,0.0003656008914860079,2.2877274174219897,1,1
10.0,47,2,0,0.00158196029999512,1.2589295551506787,1,1
10.0,47,2,1,0.001581960180198541,1.1378519232433262,1,1
10.0,47,2,2,0.001581960189380492,1.3153723212997253,1,1
10.0,47,2,3,0.0003653114071975504,5.393467907620087,1,1
10.0,47,2,4,0.0015819601228552992,1.2109037309422557,1,1
10.0,47,2,5,0.000198176411838089,4.103120429503168,1,1
10.0,47,2,6,0.00039475901423909515,4.800250158976141,1,1
10.0,47,2,7,0.00116515395722823,1.4099001005199032,1,1
10.0,47,2,8,0.00034341849669806577,5.099049163425382,1,1
10.0,47,2,9,0.0005468628947021029,4.184493444566482,1,1
10.0,48,0,0,1.6729620291637337,1.5017934261962675e-06,1,1
10.0,48,0,1,0.0002880950188610933,5.132225071582643,1,1
10.0,48,0,2,0.0005418357017839367,3.527384948012961,1,1
10.0,48,0,3,0.0002880950261570417,5.586031027343614,1,1
10.0,48,0,4,0.5776930385690561,0.09331175992594327,1,1
10.0,48,0,5,0.5776930383817656,3.9053674913281564,1,1
10.0,48,0,6,0.00028809625679315076,5.553681225348385,1,1
10.0,48,0,7,0.00028809500769852144,5.200981887266988,1,1
10.0,48,0,8,0.5776930386145878,2.1186685633061995,1,1
10.0,48,0,9,0.0002437317938982263,4.718998113076085,1,1
10.0,48,1,0,0.0007457006345323482,2.1638675570718466,1,1
10.0,48,1,1,0.00020286028648780832,2.819673989849285,1,1
10.0,48,1,2,0.001358995391035381,1.9138615072985115,1,1
10.0,48,1,3,0.0013589953931323212,1.7360701805552734,1,1
10.0,48,1,4,0.0004588705310406141,4.476657732650001,1,1
10.0,48,1,5,0.001358995396167908,1.931123677970897,1,1
10.0,48,1,6,0.0013589953931466676,1.3048286537695095,1,1
10.0,48,1,7,0.0004588706715752624,4.6616557854960075,1,1
10.0,48,1,8,0.0011569521271505864,2.1756063706008306,1,1
10.0,48,1,9,0.0011092075548633437,1.39275918965798,1,1
10.0,48,2,0,0.000416989429727207,3.5497303387051202,1,1
10.0,48,2,1,0.00041700697083815123,3.5484078544221767,1,1
10.0,48,2,2,0.0004121792391552035,3.972251595910836,1,1
10.0,48,2,3,0.0004319520109918981,3.6450738630922714,1,1
10.0,48,2,4,0.00043195243263771703,3.6536383213853365,1,1
10.0,48,2,5,0.0003500637254480707,4.551451118705505,1,1
10.0,48,2,6,0.0004319527154533749,2.9400691661030915,1,1
10.0,48,2,7,0.00041699122083710925,4.337470951821932,1,1
10.0,48,2,8,0.0004121814575425216,3.8438105359445043,1,1
10.0,48,2,9,0.0006688020354463878,2.627367790597843,1,1
10.0,49,0,0,0.0007675361348210382,2.3582883206052876,1,1
10.0,49,0,1,0.0006404454625505141,2.549657409012258,1,1
10.0,49,0,2,0.00021885842691357675,3.1720523368154168,1,1
10.0,49,0,3,0.0006404445494846116,2.664157964917396,1,1
10.0,49,0,4,0.000644678911158153,2.7958105697344737,1,1
10.0,49,0,5,0.0007475524416103783,2.382200593788758,1,1
10.0,49,0,6,0.0006446774931905797,2.8832318098968654,1,1
10.0,49,0,7,0.0005419534094732183,2.7611753560298324,1,1
10.0,49,0,8,0.0007475524414897247,2.4000475419497436,1,1
10.0,49,0,9,0.000541959039326303,2.7612764290885905,1,1
10.0,49,1,0,0.0005780871380454346,1.1399340925396424,1,1
10.0,49,1,1,0.0012424335164861664,1.3471830648738776,1,1
10.0,49,1,2,0.0005078007046317464,3.7967900342267935,1,1
10.0,49,1,3,0.00029478971432530014,3.5412861446213197,1,1
10.0,49,1,4,0.000561632581326369,3.5719078741073234,1,1
10.0,49,1,5,0.0003429225080416161,3.5279345507243627,1,1
10.0,49,1,6,0.00038135130851683576,4.153423776844586,1,1
10.0,49,1,7,0.0006510700190473434,1.8508489631065599,1,1
10.0,49,1,8,0.0005616322622161291,3.5780898733505526,1,1
10.0,49,1,9,0.0003813513105338605,4.186853898400223,1,1
10.0,49,2,0,0.07135589415880593,2.57764411936344,1,1
10.0,49,2,1,0.07135589360936398,2.7562288560908055,1,1
10.0,49,2,2,0.47211095120911084,4.951455043705158e-05,1,1
10.0,49,2,3,0.00029959404804091774,3.597233202246821,1,1
10.0,49,2,4,0.00027977959838988085,5.372177649262432,1,1
10.0,49,2,5,0.07135589367151259,2.8975709808852947,1,1
10.0,49,2,6,0.00027977584032387175,5.382034514720466,1,1
10.0,49,2,7,0.07135589366876312,2.739481542653062,1,1
10.0,49,2,8,0.0007027091129559354,3.0071090805604896,1,1
10.0,49,2,9,0.0015445956843448874,2.278006461053691,1,1
